case_id,u_par,C_rate,SOC
1,17.046,2.787,0.46
2,21.084,4.542,0.37
3,28.287,3.852,0.544
4,5.953,3.16,0.691
5,12.364,2.216,0.578
6,27.034,2.039,0.723
7,28.499,3.341,0.669
8,20.608,1.842,0.69
9,24.272,0.966,0.98
10,11.478,1.636,0.293
11,18.637,4.727,0.828
12,15.015,1.134,0.493
13,4.709,0.581,0.195
14,9.694,2.693,0.184
15,3.899,3.34,0.788
16,0.228,3.558,0.362
17,10.888,3.959,0.548
18,13.364,2.679,0.035
19,9.678,4.919,0.385
20,9.321,4.314,0.602
21,15.937,1.44,0.59
22,29.237,2.921,0.803
23,16.424,3.122,0.758
24,14.861,2.45,0.168
25,23.029,3.785,0.03
26,20.166,2.709,0.643
27,13.42,4.377,0.659
28,4.453,1.527,0.006
29,19.8,1.48,0.492
30,5.604,0.593,0.41
31,22.994,4.569,0.058
32,14.205,0.661,0.675
33,10.051,1.876,0.966
34,12.999,3.811,0.336
35,14.123,3.753,0.292
36,29.702,3.665,0.043
37,17.243,1.444,0.544
38,4.994,3.038,0.82
39,15.565,1.675,0.242
40,6.197,4.21,0.914
41,28.72,1.593,0.681
42,4.558,1.992,0.345
43,28.296,0.981,0.404
44,2.243,3.933,0.368
45,6.001,1.185,0.779
46,4.474,2.18,0.439
47,8.538,1.949,0.385
48,11.972,1.275,0.396
49,21.066,4.979,0.08
50,0.477,2.89,0.684
51,25.5,1.45,0.881
52,23.269,3.262,0.233
53,0.805,0.667,0.889
54,16.259,4.912,0.535
55,10.66,0.684,0.659
56,17.002,3.148,0.352
57,8.209,3.89,0.109
58,24.842,3.654,0.498
59,16.524,2.501,0.63
60,25.66,3.612,0.273
61,9.957,3.747,0.932
62,21.396,3.099,0.074
63,28.282,0.97,0.516
64,25.993,3.331,0.861
65,18.408,3.05,0.103
66,24.01,4.882,0.646
67,4.102,4.231,0.694
68,23.898,0.958,0.858
69,6.987,2.9,0.522
70,5.668,1.98,0.466
71,13.599,2.216,0.632
72,17.534,0.663,0.678
73,16.833,0.604,0.404
74,3.057,2.094,0.922
75,2.979,2.669,0.696
76,24.25,3.643,0.059
77,3.831,2.721,0.117
78,14.669,3.214,0.634
79,11.336,2.162,0.891
80,25.083,3.162,0.083
81,22.432,4.67,0.51
82,11.189,1.183,0.048
83,19.904,3.706,0.378
84,21.98,4.054,0.776
85,12.152,2.272,0.804
86,3.189,1.516,0.806
87,4.316,1.459,0.879
88,2.62,2.434,0.199
89,12.162,0.814,0.504
90,14.44,1.423,0.497
91,1.666,4.116,0.873
92,8.946,1.558,0.344
93,29.43,4.782,0.294
94,18.19,2.139,0.011
95,21.395,3.659,0.57
96,28.543,3.435,0.753
97,24.513,2.594,0.957
98,15.473,1.544,0.051
99,1.684,1.451,0.353
100,22.347,1.547,0.096
101,11.679,1.137,0.706
102,28.255,2.471,0.831
103,28.767,2.177,0.68
104,15.966,1.263,0.67
105,18.411,4.735,0.4
106,12.541,3.659,0.219
107,7.332,4.531,0.518
108,10.258,2.324,0.335
109,18.525,2.262,0.125
110,11.057,4.022,0.686
111,7.446,0.862,0.646
112,23.738,2.365,0.762
113,7.218,4.697,0.461
114,9.411,2.329,0.958
115,24.34,1.318,0.639
116,11.205,1.225,0.343
117,8.616,3.017,0.682
118,26.4,4.289,0.922
119,7.916,4.948,0.255
120,22.353,1.791,0.821
121,6.703,3.522,0.681
122,27.472,4.677,0.626
123,0.654,0.531,0.042
124,26.819,4.603,0.157
125,12.281,1.729,0.579
126,22.31,3.457,0.651
127,25.377,4.156,0.853
128,20.561,2.582,0.063
129,10.436,2.311,0.763
130,23.342,3.324,0.192
131,12.111,3.699,0.158
132,0.096,2.23,0.183
133,16.293,4.604,0.658
134,29.296,4.796,0.921
135,10.273,2.294,0.829
136,12.978,3.122,0.102
137,0.347,4.638,0.4
138,7.104,3.573,0.745
139,14.59,4.168,0.614
140,9.301,4.976,0.534
141,22.923,2.883,0.867
142,8.764,1.859,0.612
143,28.338,1.393,0.139
144,22.733,1.292,0.405
145,6.839,4.337,0.563
146,17.75,2.331,0.323
147,15.308,3.563,0.321
148,12.285,2.469,0.112
149,4.046,2.155,0.734
150,25.163,1.877,0.982
151,20.372,0.866,0.467
152,16.393,1.315,0.16
153,25.118,4.402,0.174
154,24.512,3.105,0.484
155,29.033,3.792,0.821
156,16.616,4.804,0.852
157,0.431,4.581,0.17
158,15.457,4.966,0.129
159,13.478,0.72,0.033
160,27.017,2.278,0.333
161,17.13,1.389,0.509
162,0.241,3.924,0.871
163,14.621,2.679,0.986
164,26.252,2.142,0.218
165,27.971,3.814,0.197
166,6.446,1.498,0.748
167,20.716,2.192,0.954
168,19.27,1.477,0.066
169,4.1,4.188,0.238
170,13.252,1.614,0.565
171,13.475,1.45,0.218
172,27.374,3.454,0.126
173,13.25,4.613,0.553
174,11.85,2.04,0.231
175,6.126,4.932,0.334
176,20.792,3.291,0.597
177,14.347,0.88,0.643
178,2.9,4.284,0.261
179,16.229,0.998,0.063
180,10.298,3.164,0.262
181,26.522,2.795,0.213
182,26.469,1.989,0.192
183,10.882,1.69,0.599
184,21.992,2.074,0.977
185,16.596,2.877,0.82
186,22.225,0.715,0.386
187,14.98,3.473,0.872
188,13.298,3.685,0.034
189,22.39,1.663,0.07
190,2.144,3.279,0.022
191,19.74,2.873,0.72
192,4.466,3.876,0.513
193,7.377,2.597,0.675
194,20.969,0.837,0.357
195,12.401,1.764,0.525
196,7.484,0.877,0.444
197,4.984,0.556,0.799
198,8.491,0.629,0.01
199,19.612,1.221,0.79
200,20.683,3.665,0.806
201,18.906,4.331,0.8
202,15.386,4.516,0.397
203,12.709,3.116,0.127
204,5.983,3.982,0.527
205,18.445,0.563,0.28
206,5.801,0.899,0.268
207,0.576,4.158,0.446
208,1.089,4.501,0.221
209,12.775,2.723,0.611
210,0.701,3.829,0.229
211,17.228,3.32,0.17
212,21.631,4.554,0.104
213,17.16,3.25,0.603
214,2.149,0.585,0.366
215,14.067,1.245,0.403
216,15.669,4.01,0.017
217,5.844,1.935,0.627
218,12.034,3.793,0.587
219,10.004,2.537,0.515
220,24.336,4.174,0.566
221,13.569,3.212,0.991
222,24.174,1.668,0.112
223,1.438,3.153,0.475
224,15.381,2.056,0.037
225,17.973,1.88,0.213
226,1.208,3.955,0.627
227,10.946,1.384,0.673
228,23.421,1.622,0.594
229,28.878,2.147,0.234
230,2.12,1.036,0.961
231,3.639,3.589,0.293
232,24.324,2.835,0.682
233,9.984,3.722,0.958
234,13.57,1.343,0.632
235,20.873,3.461,0.556
236,19.901,1.951,0.825
237,17.997,4.409,0.552
238,18.809,0.703,0.511
239,29.277,3.426,0.723
240,10.976,3.528,0.782
241,8.55,0.564,0.94
242,24.978,2.677,0.373
243,26.379,2.046,0.072
244,3.084,3.17,0.704
245,19.965,0.806,0.219
246,12.135,4.001,0.245
247,25.8,4.226,0.561
248,2.496,4.24,0.47
249,2.408,1.652,0.726
250,28.556,4.523,0.769
251,28.474,1.379,0.725
252,3.42,4.338,0.285
253,6.026,3.384,0.61
254,13.658,1.906,0.487
255,10.053,3.089,0.514
256,19.659,3.274,0.095
257,9.4,0.697,0.353
258,28.353,2.464,0.15
259,5.225,4.577,0.311
260,14.157,3.039,0.281
261,21.873,4.817,0.649
262,8.273,0.938,0.244
263,14.876,0.74,0.641
264,5.312,4.216,0.586
265,15.822,1.016,0.206
266,4.528,2.53,0.847
267,18.504,1.548,0.108
268,4.551,4.508,0.716
269,10.36,1.908,0.895
270,23.763,4.526,0.135
271,0.5,4.582,0.591
272,16.556,4.924,0.441
273,10.917,4.107,0.793
274,20.698,4.605,0.792
275,1.928,3.692,0.986
276,19.688,3.517,0.288
277,26.478,3.515,0.221
278,14.605,4.536,0.536
279,13.727,4.792,0.525
280,20.825,2.384,0.903
281,5.722,1.797,0.383
282,3.957,2.853,0.564
283,21.627,0.536,0.214
284,18.473,3.335,0.472
285,24.578,4.795,0.857
286,24.806,1.682,0.711
287,0.367,2.358,0.518
288,28.35,1.507,0.098
289,20.0,4.848,0.657
290,26.082,3.895,0.508
291,24.45,3.786,0.632
292,13.319,2.171,0.805
293,24.432,2.375,0.386
294,11.55,4.066,0.386
295,22.855,2.467,0.699
296,19.561,0.982,0.103
297,1.218,3.625,0.201
298,4.806,0.797,0.321
299,17.268,2.816,0.025
300,7.44,1.092,0.878
301,12.178,0.852,0.611
302,26.438,1.8,0.132
303,0.832,0.578,0.478
304,18.261,1.235,0.196
305,9.494,0.745,0.273
306,18.214,2.268,0.314
307,7.352,2.274,0.777
308,7.502,1.127,0.71
309,3.924,3.259,0.646
310,18.101,0.757,0.993
311,3.406,0.6,0.631
312,26.584,2.001,0.032
313,1.468,2.732,0.292
314,26.158,4.084,0.617
315,27.414,0.908,0.767
316,28.148,1.511,0.456
317,20.124,2.453,0.136
318,29.436,4.192,0.472
319,28.028,4.596,0.372
320,11.362,1.241,0.389
321,9.905,4.496,0.402
322,4.536,4.813,0.953
323,0.732,0.569,0.696
324,26.298,1.519,0.952
325,16.897,2.568,0.874
326,4.444,4.307,0.812
327,0.613,4.7,0.963
328,6.153,1.533,0.05
329,1.299,4.904,0.326
330,18.071,4.364,0.82
331,23.395,3.765,0.793
332,10.099,4.415,0.616
333,24.359,3.196,0.734
334,4.942,4.968,0.15
335,22.144,3.704,0.667
336,7.892,2.479,0.439
337,8.646,4.619,0.24
338,20.363,3.036,0.266
339,11.365,3.415,0.541
340,13.168,1.762,0.829
341,13.379,0.903,0.946
342,15.816,3.527,0.735
343,25.334,1.847,0.075
344,24.118,4.347,0.182
345,10.326,4.924,0.331
346,10.196,3.917,0.614
347,6.049,1.932,0.576
348,22.565,4.033,0.264
349,8.789,1.968,0.251
350,1.967,1.121,0.269
351,21.892,1.279,0.926
352,11.458,1.291,0.368
353,12.874,2.245,0.559
354,4.951,1.795,0.289
355,25.888,1.649,0.254
356,8.451,1.015,0.558
357,25.524,3.084,0.113
358,7.27,4.265,0.761
359,20.562,2.26,0.65
360,15.292,3.593,0.583
361,24.107,2.926,0.643
362,10.868,1.428,0.628
363,19.674,2.007,0.169
364,11.171,2.769,0.509
365,27.013,3.24,0.229
366,1.056,2.918,0.164
367,5.526,4.07,0.916
368,8.215,2.326,0.874
369,27.454,4.979,0.396
370,13.332,1.278,0.928
371,8.27,2.867,0.275
372,2.913,1.065,0.762
373,2.475,3.413,0.745
374,0.268,0.689,0.011
375,26.168,0.864,0.057
376,21.509,2.554,0.936
377,28.404,2.154,0.47
378,18.512,1.281,0.706
379,13.015,4.659,0.078
380,24.332,4.968,0.979
381,14.562,1.746,0.309
382,13.942,3.483,0.042
383,15.47,4.685,0.189
384,19.829,2.42,0.027
385,8.077,2.898,0.423
386,3.889,2.747,0.099
387,5.704,0.579,0.948
388,7.86,4.108,0.112
389,11.31,4.737,0.833
390,15.984,3.827,0.61
391,21.502,4.176,0.657
392,23.747,2.21,0.799
393,9.606,1.742,0.212
394,13.128,2.792,0.889
395,10.802,0.895,0.752
396,15.284,1.568,1.0
397,23.69,0.538,0.395
398,3.831,3.022,0.596
399,26.403,4.011,0.016
400,12.474,1.5,0.247
401,4.717,4.482,0.812
402,22.12,1.746,0.987
403,12.51,1.587,0.551
404,28.868,4.298,0.053
405,3.025,4.365,0.951
406,19.643,1.259,0.191
407,3.707,3.702,0.166
408,29.563,3.584,0.234
409,5.308,2.288,0.771
410,0.056,3.378,0.215
411,13.034,3.67,0.519
412,20.859,1.831,0.785
413,5.143,1.671,0.446
414,13.559,4.352,0.812
415,18.992,0.771,0.027
416,20.136,0.868,0.261
417,7.373,0.516,0.349
418,5.779,2.227,0.32
419,24.26,2.954,0.207
420,7.161,3.46,0.5
421,2.709,4.151,0.09
422,22.88,1.577,0.148
423,19.365,1.909,0.664
424,23.179,2.832,0.491
425,9.621,3.405,0.771
426,5.826,4.11,0.574
427,20.335,1.193,0.012
428,8.849,4.989,0.42
429,10.658,1.782,0.052
430,1.279,1.511,0.66
431,26.146,0.609,0.237
432,21.562,0.532,0.023
433,18.533,4.05,0.889
434,29.218,2.044,0.463
435,6.047,3.262,0.173
436,24.468,4.683,0.686
437,16.377,4.995,0.194
438,1.103,0.531,0.855
439,25.23,0.783,0.258
440,27.239,3.578,0.384
441,14.958,4.806,0.763
442,18.271,2.942,0.107
443,4.04,4.757,0.8
444,18.297,4.927,0.912
445,25.644,3.946,0.848
446,26.684,0.619,0.774
447,23.394,1.654,0.3
448,19.087,4.555,0.888
449,1.838,3.917,0.297
450,29.738,3.796,0.98
451,12.053,4.602,0.03
452,15.695,2.74,0.651
453,9.153,4.941,0.387
454,6.97,0.548,0.225
455,7.041,1.709,0.712
456,7.813,0.947,0.434
457,14.513,2.249,0.764
458,9.749,3.413,0.679
459,20.767,4.781,0.663
460,0.846,0.548,0.659
461,26.206,0.558,0.802
462,28.431,4.888,0.207
463,5.589,2.367,0.664
464,13.508,4.892,0.876
465,12.461,2.828,0.42
466,5.359,3.791,0.462
467,0.353,1.269,0.21
468,4.882,4.285,0.697
469,1.127,1.48,0.916
470,20.664,1.368,0.543
471,16.794,2.075,0.242
472,18.25,2.417,0.721
473,18.633,4.421,0.869
474,0.19,2.236,0.586
475,4.272,3.549,0.468
476,3.483,0.995,0.522
477,17.194,3.477,0.895
478,2.653,2.429,0.922
479,16.234,3.451,0.752
480,26.51,4.418,0.767
481,8.746,3.521,0.15
482,14.706,4.447,0.361
483,9.173,1.364,0.526
484,16.675,4.308,0.569
485,12.854,3.425,0.118
486,22.27,3.055,0.078
487,3.994,4.739,0.494
488,14.717,4.756,0.016
489,27.958,1.623,0.799
490,23.931,1.111,0.696
491,7.515,3.026,0.303
492,10.523,1.003,0.38
493,14.469,1.671,0.809
494,8.809,3.363,0.271
495,19.954,3.008,0.882
496,26.822,1.445,0.995
497,26.45,1.844,0.2
498,1.842,4.129,0.167
499,14.187,0.956,0.463
500,23.637,1.94,0.663
501,10.906,3.141,0.547
502,19.159,2.454,0.02
503,19.162,3.582,0.38
504,7.208,1.244,0.094
505,15.173,4.632,0.088
506,29.167,3.478,0.317
507,11.56,2.186,0.715
508,14.886,4.627,0.132
509,7.392,2.833,0.775
510,18.414,1.707,0.196
511,6.567,4.059,0.655
512,17.046,3.945,0.066
513,1.098,4.367,0.047
514,11.645,3.489,0.542
515,8.521,4.193,0.536
516,29.216,4.146,0.72
517,9.884,2.369,0.371
518,18.856,1.159,0.989
519,18.946,0.646,0.198
520,2.129,2.312,0.393
521,6.858,3.647,0.341
522,5.375,3.267,0.405
523,25.762,3.786,0.754
524,6.363,4.013,0.402
525,24.045,4.252,0.721
526,0.769,1.518,0.802
527,16.278,0.57,0.158
528,6.627,4.525,0.0
529,18.721,0.948,0.046
530,29.003,4.879,0.836
531,11.438,4.306,0.08
532,20.007,3.086,0.26
533,11.03,3.642,0.507
534,5.808,2.63,0.59
535,8.189,1.154,0.726
536,2.703,4.871,0.16
537,18.089,2.276,0.633
538,28.793,4.921,0.104
539,25.81,2.786,0.901
540,22.299,4.209,0.262
541,8.587,4.174,0.121
542,6.999,3.256,0.166
543,23.572,3.43,0.081
544,15.151,2.95,0.631
545,14.726,3.289,0.067
546,26.487,1.579,0.969
547,21.471,3.056,0.531
548,14.109,3.597,0.533
549,26.477,1.87,0.458
550,13.458,3.123,0.589
551,12.56,1.988,0.481
552,28.258,3.831,0.523
553,7.468,1.882,0.476
554,15.448,2.307,0.844
555,10.498,0.922,0.288
556,7.573,4.441,0.024
557,29.32,3.924,0.738
558,20.295,0.749,0.97
559,0.259,3.578,0.984
560,12.982,3.614,0.328
561,19.188,1.541,0.943
562,18.259,2.816,0.836
563,22.618,2.487,0.66
564,5.304,3.068,0.177
565,1.128,0.56,0.564
566,3.989,2.758,0.24
567,3.46,4.172,0.261
568,8.041,3.919,0.663
569,6.1,2.464,0.972
570,18.741,1.112,0.473
571,26.881,3.76,0.411
572,16.577,2.93,0.36
573,10.665,4.345,0.017
574,15.156,1.97,0.424
575,14.612,0.831,0.351
576,15.569,4.561,0.305
577,12.182,1.404,0.682
578,12.576,4.887,0.584
579,22.395,2.983,0.216
580,20.056,4.04,0.867
581,0.053,1.38,0.275
582,8.405,2.923,0.84
583,26.31,3.112,0.455
584,17.199,3.861,0.981
585,21.695,1.35,0.81
586,18.848,2.269,0.522
587,14.825,1.341,0.537
588,7.481,2.664,0.011
589,4.865,3.834,0.545
590,1.978,2.985,0.176
591,9.502,0.927,0.774
592,25.348,0.795,0.713
593,21.811,0.598,0.237
594,12.914,0.652,0.645
595,5.93,1.741,0.733
596,14.508,0.606,0.072
597,17.842,3.832,0.993
598,16.387,4.564,0.602
599,25.936,4.832,0.779
600,10.172,3.579,0.591
601,3.663,4.456,0.297
602,26.213,2.658,0.385
603,16.506,4.777,0.031
604,18.346,3.46,0.179
605,29.417,2.811,0.11
606,7.103,3.2,0.423
607,23.256,4.855,0.0
608,16.987,2.631,0.784
609,22.059,0.806,0.229
610,19.067,1.992,0.227
611,28.549,3.587,0.429
612,20.808,3.743,0.149
613,10.851,3.709,0.706
614,2.425,4.148,0.319
615,21.345,2.718,0.345
616,6.437,1.664,0.397
617,23.379,0.695,0.095
618,5.719,4.449,0.12
619,12.852,3.338,0.073
620,9.98,2.399,0.887
621,8.556,4.726,0.831
622,6.72,4.14,0.36
623,13.969,2.721,0.094
624,25.465,2.385,0.281
625,9.863,1.948,0.236
626,15.876,2.739,0.162
627,11.441,3.242,0.606
628,24.6,4.853,0.835
629,7.773,1.411,0.88
630,28.216,1.946,0.729
631,16.737,2.519,0.969
632,14.747,0.988,0.937
633,19.579,3.801,0.575
634,7.165,3.131,0.312
635,15.95,2.175,0.062
636,12.327,1.132,0.413
637,3.373,2.009,0.107
638,1.659,1.543,0.183
639,2.221,0.677,0.622
640,26.498,1.952,0.369
641,19.803,3.299,0.722
642,17.716,3.491,0.409
643,20.499,3.442,0.821
644,14.01,3.464,0.875
645,9.529,1.294,0.618
646,6.134,0.923,0.09
647,14.368,2.468,0.103
648,8.354,3.093,0.869
649,11.747,4.883,0.727
650,19.629,0.77,0.758
651,17.352,1.137,0.69
652,17.778,1.127,0.522
653,18.8,1.739,0.826
654,0.753,2.525,0.009
655,23.002,4.109,0.827
656,14.976,0.74,0.788
657,26.011,2.239,0.135
658,23.247,1.529,0.031
659,22.18,3.368,0.254
660,17.144,4.609,0.683
661,27.359,2.538,0.793
662,19.34,4.095,0.046
663,22.662,3.282,0.857
664,23.777,4.96,0.926
665,3.303,4.19,0.521
666,1.03,1.733,0.32
667,4.153,4.026,0.853
668,24.356,2.452,0.884
669,14.287,1.059,0.668
670,12.13,0.562,0.048
671,12.351,2.021,0.215
672,29.012,4.491,0.181
673,6.415,4.523,0.769
674,18.682,3.434,0.153
675,1.041,4.498,0.093
676,11.986,3.462,0.492
677,21.444,4.833,0.493
678,9.672,1.597,0.064
679,21.62,0.535,0.672
680,4.29,2.389,0.938
681,16.108,1.676,0.596
682,2.164,2.52,0.862
683,2.194,4.199,0.663
684,19.069,2.406,0.719
685,21.762,3.581,0.066
686,12.937,3.974,0.44
687,20.806,0.912,0.984
688,0.799,0.747,0.977
689,14.429,4.326,0.491
690,19.042,4.955,0.475
691,18.838,0.554,0.024
692,10.181,2.015,0.72
693,28.223,1.961,0.881
694,18.802,2.481,0.85
695,16.225,4.213,0.246
696,29.062,1.651,0.565
697,10.886,2.451,0.653
698,26.719,2.618,0.289
699,0.524,2.727,0.256
700,17.311,4.33,0.564
701,13.554,2.449,0.547
702,24.657,4.415,0.047
703,14.339,3.361,0.141
704,23.946,4.69,0.835
705,10.459,2.859,0.541
706,20.569,2.648,0.522
707,5.616,4.4,0.275
708,22.552,0.819,0.84
709,21.191,3.717,0.312
710,14.398,2.858,0.496
711,25.234,4.618,0.126
712,0.235,1.256,0.672
713,21.141,4.959,0.571
714,24.981,1.985,0.332
715,29.119,1.401,0.234
716,18.362,4.046,0.272
717,7.075,1.281,0.641
718,17.903,1.233,0.164
719,5.154,3.092,0.719
720,14.06,1.403,0.822
721,21.271,3.373,0.664
722,8.856,1.561,0.312
723,4.735,0.798,0.264
724,21.052,4.85,0.241
725,19.995,2.625,0.382
726,23.334,1.942,0.738
727,4.506,2.222,0.672
728,11.555,3.558,0.736
729,18.615,1.81,0.21
730,13.198,2.17,0.487
731,29.138,2.243,0.016
732,7.423,2.214,0.215
733,2.041,3.616,0.784
734,11.722,2.12,0.41
735,25.107,4.648,0.085
736,14.356,1.091,0.446
737,8.311,2.079,0.008
738,7.908,1.088,0.834
739,16.249,4.051,0.779
740,7.22,3.959,0.825
741,10.256,3.909,0.35
742,16.639,4.139,0.469
743,24.777,4.786,0.029
744,19.007,1.914,0.619
745,29.824,4.261,0.793
746,17.74,4.625,0.604
747,15.902,1.899,0.19
748,11.228,2.278,0.565
749,18.709,1.895,0.329
750,12.213,3.866,0.03
751,17.446,0.712,0.858
752,4.7,0.968,0.437
753,2.263,4.499,0.587
754,3.209,2.063,0.219
755,23.88,2.825,0.742
756,15.35,4.99,0.827
757,26.264,1.686,0.557
758,11.532,1.25,0.416
759,21.968,1.412,0.025
760,29.024,3.107,0.548
761,10.29,1.667,0.776
762,16.923,2.942,0.052
763,9.926,0.693,0.806
764,13.731,2.219,0.716
765,4.777,1.188,0.926
766,21.412,3.722,0.184
767,0.955,2.258,0.432
768,20.845,3.054,0.365
769,14.638,3.545,0.546
770,11.14,1.872,0.039
771,19.469,2.668,0.618
772,4.542,0.9,0.573
773,27.298,1.591,0.746
774,27.209,0.61,0.047
775,15.749,1.951,0.484
776,13.039,0.768,0.472
777,4.611,2.056,0.952
778,1.117,2.571,0.762
779,24.265,4.397,0.816
780,10.043,0.682,0.446
781,15.578,4.937,0.207
782,4.571,1.523,0.416
783,1.467,2.288,0.415
784,17.487,3.923,0.934
785,7.689,1.374,0.08
786,14.712,2.923,0.859
787,8.825,4.595,0.819
788,3.883,4.032,0.206
789,7.725,3.543,0.817
790,7.179,3.61,0.597
791,2.754,1.945,0.695
792,26.625,3.573,0.937
793,17.511,0.838,0.399
794,28.069,4.32,0.727
795,0.206,4.573,0.208
796,3.286,2.419,0.824
797,0.071,4.32,0.271
798,16.744,4.362,0.905
799,18.135,4.521,0.608
800,5.508,1.099,0.794
801,15.801,3.22,0.092
802,6.497,3.097,0.329
803,19.443,3.458,0.369
804,16.051,1.971,0.402
805,10.582,4.786,0.19
806,12.023,2.964,0.264
807,20.511,4.593,0.033
808,26.309,4.77,0.55
809,22.256,1.904,0.613
810,22.783,4.824,0.129
811,14.922,1.974,0.515
812,18.989,2.241,0.925
813,25.78,1.958,0.168
814,20.393,3.751,0.016
815,27.466,3.179,0.878
816,18.553,1.124,0.537
817,6.34,3.603,0.17
818,24.39,4.333,0.912
819,0.057,0.573,0.219
820,23.652,2.244,0.195
821,4.766,2.988,0.347
822,27.84,4.776,0.622
823,3.342,1.901,0.066
824,22.012,4.157,0.52
825,25.775,1.097,0.545
826,23.732,2.776,0.513
827,0.786,4.411,0.493
828,11.552,2.925,0.767
829,27.149,2.448,0.528
830,17.99,0.929,0.404
831,12.376,1.61,0.512
832,22.482,3.154,0.015
833,1.529,1.302,0.19
834,13.418,3.713,0.53
835,19.519,4.077,0.889
836,7.407,4.502,0.459
837,9.681,4.381,0.705
838,7.993,3.252,0.644
839,24.005,3.572,0.216
840,22.693,4.012,0.577
841,16.821,2.561,0.661
842,16.456,1.834,0.913
843,11.389,4.354,0.089
844,20.381,4.305,0.75
845,9.299,0.616,0.766
846,23.633,3.221,0.44
847,1.31,1.018,0.142
848,28.743,0.876,0.82
849,11.557,3.046,0.185
850,15.721,4.44,0.727
851,7.838,1.019,0.364
852,14.66,3.75,0.478
853,0.671,4.893,0.306
854,3.621,1.175,0.715
855,8.919,2.686,0.141
856,12.335,2.18,0.419
857,5.744,1.375,0.5
858,20.505,1.7,0.936
859,3.635,4.368,0.169
860,6.475,2.058,0.86
861,3.598,2.337,0.874
862,24.334,4.153,0.919
863,23.352,2.455,0.008
864,16.336,1.674,0.163
865,0.314,2.868,0.116
866,26.953,2.404,0.399
867,4.889,1.752,0.438
868,23.604,1.905,0.521
869,9.704,4.497,0.861
870,24.134,1.337,0.91
871,11.002,3.849,0.797
872,11.691,2.766,0.702
873,0.232,4.833,0.086
874,23.577,1.953,0.683
875,28.188,2.468,0.937
876,15.316,3.869,0.096
877,24.204,4.952,0.337
878,15.829,4.316,0.119
879,28.814,2.941,0.491
880,14.143,1.355,0.052
881,14.355,4.256,0.187
882,11.634,1.943,0.972
883,2.605,1.641,0.095
884,29.867,3.354,0.107
885,26.978,1.908,0.172
886,24.918,1.622,0.329
887,19.347,4.088,0.626
888,23.222,2.388,0.883
889,3.716,4.009,0.289
890,11.753,3.648,0.498
891,25.179,2.941,0.238
892,3.858,3.71,0.195
893,7.929,4.348,0.848
894,19.985,3.058,0.533
895,8.071,2.037,0.107
896,21.91,1.035,0.678
897,5.337,0.869,0.729
898,24.664,3.915,0.621
899,24.08,2.357,0.287
900,28.638,0.67,0.772
901,8.912,3.402,0.445
902,7.004,3.912,0.488
903,18.717,2.175,0.381
904,27.131,3.42,0.935
905,26.456,4.434,0.4
906,9.148,0.552,0.576
907,17.026,0.656,0.49
908,13.022,2.11,0.33
909,14.442,1.579,0.209
910,5.805,4.735,0.822
911,5.077,4.188,0.343
912,24.498,3.276,0.148
913,12.745,3.503,0.451
914,26.656,1.981,0.292
915,24.284,1.436,0.736
916,8.778,1.863,0.615
917,28.438,0.707,0.727
918,11.504,1.182,0.068
919,29.473,3.768,0.252
920,20.247,3.451,0.178
921,17.05,2.98,0.304
922,18.043,4.393,0.07
923,0.731,1.796,0.394
924,11.745,2.972,0.466
925,4.553,4.334,0.371
926,22.129,3.503,0.851
927,24.487,2.41,0.019
928,22.447,2.745,0.762
929,17.019,4.136,0.294
930,5.04,2.539,0.53
931,28.936,3.884,0.596
932,21.858,4.906,0.6
933,24.876,4.71,0.512
934,20.386,1.594,0.666
935,9.829,1.767,0.291
936,5.981,1.463,0.248
937,26.378,2.72,0.094
938,15.22,1.31,0.97
939,23.809,1.92,0.541
940,28.666,1.692,0.59
941,8.361,4.343,0.206
942,24.146,3.693,0.736
943,5.45,4.934,0.324
944,1.277,1.498,0.465
945,2.488,4.957,0.988
946,23.489,4.221,0.406
947,17.719,2.256,0.766
948,25.582,4.608,0.617
949,20.736,2.763,0.581
950,6.994,0.763,0.572
951,15.718,1.991,0.329
952,13.897,4.44,0.957
953,25.915,2.626,0.683
954,2.338,2.738,0.131
955,24.677,3.051,0.919
956,6.506,2.595,0.291
957,28.089,1.153,0.642
958,21.791,4.062,0.839
959,5.933,3.063,0.392
960,4.688,1.405,0.713
961,7.623,2.354,0.049
962,26.023,1.114,0.456
963,27.138,1.358,0.109
964,20.032,4.993,0.252
965,7.186,1.619,0.388
966,10.414,2.664,0.207
967,7.76,2.207,0.721
968,5.248,4.453,0.994
969,25.543,2.888,0.113
970,4.227,2.692,0.126
971,20.173,2.262,0.081
972,14.672,1.084,0.823
973,14.248,1.774,0.219
974,26.181,1.12,0.85
975,3.835,1.228,0.053
976,22.901,4.246,0.605
977,12.02,3.588,0.656
978,2.979,1.429,0.896
979,27.639,3.287,0.802
980,25.341,2.79,0.186
981,19.492,2.552,0.914
982,10.534,3.795,0.031
983,17.542,3.469,0.761
984,6.455,2.492,0.64
985,18.406,1.96,0.455
986,18.488,3.341,0.667
987,14.466,1.253,0.34
988,16.721,4.566,0.163
989,12.679,2.636,0.109
990,25.674,1.148,0.423
991,22.988,4.608,0.339
992,21.257,0.89,0.345
993,10.728,3.101,0.318
994,15.339,3.737,0.698
995,9.781,0.952,0.315
996,15.674,1.391,0.241
997,1.401,3.488,0.517
998,9.571,2.671,0.998
999,12.877,4.069,0.09
1000,9.776,4.363,0.892
1001,17.251,0.961,0.324
1002,9.236,1.854,0.453
1003,9.819,1.513,0.708
1004,5.991,3.818,0.838
1005,21.16,3.455,0.216
1006,2.699,2.064,0.611
1007,6.51,1.724,0.388
1008,23.923,0.738,0.457
1009,9.754,2.123,0.84
1010,8.717,1.562,0.514
1011,5.297,1.95,0.898
1012,1.185,3.703,0.608
1013,11.673,3.253,0.139
1014,22.505,4.029,0.13
1015,20.202,2.969,0.862
1016,9.176,2.613,0.023
1017,17.373,2.489,0.539
1018,16.765,3.633,0.733
1019,3.097,4.61,0.505
1020,17.64,3.632,0.34
1021,29.91,1.799,0.095
1022,18.218,3.837,0.668
1023,22.086,4.206,0.152
1024,12.004,2.303,0.344
1025,0.836,4.535,0.23
1026,19.208,3.834,0.532
1027,28.6,1.5,0.478
1028,16.024,3.93,0.513
1029,16.221,4.966,0.69
1030,0.985,3.998,0.672
1031,21.588,0.853,0.11
1032,0.28,2.133,0.01
1033,29.729,1.092,0.897
1034,26.124,2.696,0.659
1035,17.557,1.157,0.537
1036,6.382,0.936,0.987
1037,29.853,0.71,0.278
1038,4.308,3.637,0.889
1039,25.421,2.279,0.072
1040,22.999,1.266,0.971
1041,24.228,0.769,0.495
1042,10.737,3.419,0.27
1043,18.432,4.301,0.18
1044,6.378,2.824,0.468
1045,19.12,4.691,0.447
1046,28.118,1.896,0.484
1047,18.222,0.624,0.124
1048,17.832,2.822,0.487
1049,5.571,2.088,0.376
1050,6.77,1.469,0.562
1051,28.728,2.973,0.743
1052,27.068,2.069,0.313
1053,15.658,3.108,0.533
1054,6.149,4.901,0.771
1055,24.811,0.759,0.829
1056,8.263,4.704,0.835
1057,4.071,0.519,0.235
1058,13.624,4.464,0.926
1059,20.397,0.702,0.229
1060,20.1,1.204,0.816
1061,5.015,4.27,0.295
1062,9.594,2.057,0.038
1063,14.46,3.49,0.617
1064,10.599,2.312,0.985
1065,16.342,4.989,0.686
1066,21.469,3.567,0.96
1067,20.44,0.818,0.608
1068,10.203,0.95,0.095
1069,21.73,4.018,0.258
1070,21.492,1.453,0.228
1071,20.972,4.053,0.381
1072,29.862,2.86,0.897
1073,2.482,3.686,0.694
1074,24.525,3.073,0.412
1075,5.575,2.205,0.406
1076,4.442,4.989,0.878
1077,12.674,3.038,0.612
1078,4.977,3.241,0.242
1079,29.775,1.63,0.558
1080,1.494,3.944,0.038
1081,27.432,4.048,0.328
1082,21.425,3.425,0.924
1083,20.774,2.785,0.705
1084,1.727,2.04,0.566
1085,26.78,2.822,0.76
1086,21.055,1.473,0.568
1087,0.48,1.491,0.046
1088,2.879,1.873,0.49
1089,11.37,4.888,0.938
1090,4.197,4.355,0.102
1091,25.748,3.175,0.27
1092,4.947,4.505,0.96
1093,13.381,3.501,0.518
1094,1.115,3.613,0.707
1095,17.271,3.832,0.878
1096,18.229,4.509,0.93
1097,7.893,4.984,0.982
1098,26.21,1.454,0.428
1099,13.154,4.355,0.674
1100,27.63,4.389,0.68
1101,24.395,1.692,0.205
1102,2.647,2.204,0.684
1103,26.717,0.701,0.039
1104,21.019,1.286,0.415
1105,23.174,2.421,0.163
1106,6.687,1.027,0.265
1107,19.64,2.506,0.72
1108,16.188,1.924,0.733
1109,5.063,1.571,0.649
1110,8.594,3.796,0.106
1111,2.296,1.233,0.82
1112,16.791,1.516,0.998
1113,13.81,1.138,0.897
1114,20.617,0.917,0.129
1115,2.891,2.348,0.223
1116,25.384,4.096,0.6
1117,24.148,3.201,0.657
1118,1.758,0.627,0.15
1119,4.164,2.235,0.731
1120,21.205,1.308,0.846
1121,27.363,2.837,0.563
1122,23.656,3.254,0.38
1123,14.183,1.813,0.726
1124,27.036,3.89,0.332
1125,27.237,2.764,0.844
1126,11.641,1.834,0.313
1127,25.149,4.198,0.807
1128,27.192,1.932,0.004
1129,1.155,2.576,0.331
1130,29.621,2.406,0.686
1131,7.781,1.618,0.323
1132,4.077,1.835,0.331
1133,13.16,2.182,0.07
1134,28.997,3.853,0.414
1135,23.607,4.311,0.5
1136,29.246,2.652,0.968
1137,8.38,0.539,0.329
1138,15.411,3.198,0.294
1139,1.521,3.684,0.749
1140,9.603,3.577,0.354
1141,29.744,3.847,0.52
1142,25.344,1.542,0.912
1143,19.0,1.543,0.262
1144,2.831,1.122,0.547
1145,29.688,3.862,0.733
1146,0.9,2.65,0.722
1147,15.519,2.847,0.001
1148,25.197,0.802,0.441
1149,3.37,1.732,0.048
1150,19.328,2.625,0.613
1151,25.243,4.055,0.398
1152,5.841,1.503,0.077
1153,14.735,4.858,0.68
1154,10.309,3.286,0.718
1155,6.697,2.508,0.564
1156,28.63,1.41,0.516
1157,18.648,3.447,0.077
1158,11.659,4.37,0.247
1159,19.105,3.922,0.827
1160,23.259,1.884,0.933
1161,10.61,4.102,0.416
1162,29.381,3.725,0.462
1163,3.15,2.231,0.989
1164,22.229,2.416,0.203
1165,18.63,4.522,0.675
1166,5.547,3.717,0.468
1167,25.693,3.729,0.7
1168,23.453,4.394,0.23
1169,27.608,3.73,0.959
1170,18.398,4.505,0.263
1171,2.161,2.877,0.999
1172,20.818,4.063,0.189
1173,15.484,1.724,0.708
1174,24.584,4.795,0.616
1175,14.628,4.316,0.267
1176,15.656,1.802,0.143
1177,25.998,1.044,0.968
1178,21.354,3.71,0.35
1179,13.738,2.112,0.772
1180,1.67,3.07,0.926
1181,8.683,0.529,0.474
1182,24.053,2.989,0.134
1183,11.099,2.02,0.925
1184,3.955,4.495,0.619
1185,28.515,2.003,0.127
1186,0.193,1.265,0.749
1187,16.363,3.954,0.255
1188,9.733,2.618,0.509
1189,0.755,4.315,0.993
1190,29.88,1.863,0.866
1191,2.173,4.323,0.467
1192,8.568,2.098,0.099
1193,20.703,1.761,0.916
1194,13.888,3.143,0.519
1195,20.518,3.365,0.134
1196,28.964,3.823,0.745
1197,23.949,3.236,0.962
1198,2.985,3.099,0.298
1199,21.08,1.457,0.527
1200,13.689,3.247,0.211
1201,16.857,4.899,0.995
1202,22.005,2.867,0.232
1203,23.445,4.957,0.895
1204,6.407,2.442,0.47
1205,27.801,4.546,0.387
1206,17.56,2.959,0.573
1207,20.414,4.276,0.256
1208,19.132,2.979,0.06
1209,10.726,4.383,0.89
1210,10.27,3.449,0.008
1211,14.272,1.36,0.713
1212,6.511,4.673,0.401
1213,2.461,0.712,0.113
1214,3.842,1.858,0.216
1215,10.684,1.559,0.29
1216,28.182,1.422,0.282
1217,24.612,4.29,0.455
1218,4.047,3.147,0.854
1219,6.625,2.982,0.151
1220,6.011,3.844,0.904
1221,27.273,4.467,0.443
1222,14.896,3.139,0.21
1223,6.694,4.97,0.499
1224,15.2,4.771,0.946
1225,26.349,2.078,0.875
1226,4.132,3.071,0.155
1227,16.065,2.886,0.71
1228,11.717,3.193,0.902
1229,17.526,0.507,0.383
1230,28.402,2.41,0.251
1231,29.494,1.628,0.85
1232,14.022,0.803,0.634
1233,8.961,2.326,0.653
1234,2.238,1.248,0.01
1235,0.319,1.591,0.787
1236,26.277,0.984,0.276
1237,24.032,2.896,0.295
1238,17.973,4.574,0.559
1239,1.013,4.635,0.589
1240,0.988,0.556,0.231
1241,25.01,3.011,0.033
1242,22.283,3.327,0.217
1243,14.282,3.088,0.049
1244,19.889,2.403,0.625
1245,3.961,2.366,0.249
1246,20.43,3.834,0.133
1247,11.469,4.688,0.161
1248,7.794,1.417,0.143
1249,11.522,1.257,0.24
1250,0.428,1.313,0.67
1251,17.865,4.777,0.186
1252,25.023,1.55,0.699
1253,13.911,1.135,0.263
1254,12.099,2.179,0.308
1255,14.498,4.982,0.437
1256,20.215,2.417,0.188
1257,2.799,4.448,0.739
1258,22.245,4.038,0.431
1259,23.055,4.763,0.648
1260,19.779,1.484,0.844
1261,15.209,0.918,0.681
1262,12.203,4.192,0.332
1263,12.399,2.859,0.656
1264,17.352,1.255,0.303
1265,24.427,1.452,0.668
1266,12.134,0.853,0.529
1267,7.684,4.525,0.454
1268,1.722,3.135,0.901
1269,6.172,2.296,0.285
1270,16.825,1.59,0.447
1271,2.579,2.406,0.516
1272,7.72,0.988,0.318
1273,13.905,2.544,0.45
1274,14.468,1.934,0.252
1275,21.207,3.647,0.027
1276,15.447,1.026,0.26
1277,29.178,1.771,0.71
1278,11.404,4.823,0.945
1279,10.647,3.509,0.629
1280,8.012,2.231,0.568
1281,14.196,3.016,0.078
1282,21.818,4.868,0.376
1283,24.758,4.428,0.536
1284,3.971,1.07,0.2
1285,16.428,2.948,0.948
1286,13.482,0.704,0.52
1287,15.482,0.512,0.45
1288,0.042,4.659,0.201
1289,0.287,0.509,0.005
1290,3.183,0.734,0.761
1291,25.37,1.908,0.225
1292,29.726,2.922,0.774
1293,28.695,3.811,0.397
1294,12.603,3.297,0.073
1295,17.454,2.082,0.315
1296,8.876,0.863,0.997
1297,16.286,4.938,0.91
1298,3.562,4.68,0.05
1299,9.549,1.001,0.508
1300,10.29,3.042,0.219
1301,0.717,4.117,0.77
1302,10.669,4.341,0.198
1303,21.025,1.365,0.584
1304,21.669,4.37,0.67
1305,6.468,4.465,0.516
1306,18.75,4.484,0.152
1307,8.427,1.132,0.461
1308,2.551,3.272,0.944
1309,10.368,2.134,0.39
1310,3.033,4.314,0.044
1311,15.876,1.72,0.338
1312,8.28,4.15,0.776
1313,11.046,2.206,0.07
1314,6.25,2.614,0.709
1315,25.047,4.891,0.807
1316,28.17,0.781,0.818
1317,13.65,1.406,0.513
1318,24.413,1.71,0.756
1319,15.228,2.924,0.152
1320,4.084,4.339,0.625
1321,8.027,1.664,0.701
1322,14.524,4.54,0.601
1323,3.67,2.2,0.696
1324,18.93,3.912,0.191
1325,27.095,4.272,0.759
1326,14.238,1.898,0.191
1327,22.307,4.823,0.373
1328,9.512,4.153,0.485
1329,22.001,2.977,0.268
1330,0.982,3.993,0.586
1331,17.729,2.158,0.614
1332,19.811,3.312,0.28
1333,10.306,4.494,0.117
1334,14.375,3.732,0.267
1335,5.554,2.461,0.443
1336,8.016,2.411,0.876
1337,27.371,2.887,0.476
1338,22.232,0.922,0.936
1339,11.265,4.283,0.012
1340,5.583,3.428,0.003
1341,28.508,4.379,0.296
1342,5.793,4.181,0.512
1343,11.417,3.353,0.168
1344,3.239,2.381,0.362
1345,0.553,4.354,0.856
1346,13.244,2.437,0.444
1347,25.852,3.41,0.633
1348,1.991,3.329,0.27
1349,3.703,4.439,0.343
1350,14.743,3.794,0.304
1351,25.999,3.986,0.144
1352,17.005,3.476,0.895
1353,11.763,4.154,0.614
1354,10.503,0.913,0.253
1355,20.576,1.563,0.318
1356,22.515,2.041,0.79
1357,5.285,1.167,0.44
1358,28.276,2.43,0.327
1359,27.832,3.525,0.033
1360,26.048,3.673,0.639
1361,19.681,1.093,0.428
1362,0.436,1.363,0.876
1363,5.19,2.113,0.446
1364,26.135,2.451,0.283
1365,18.387,2.831,0.728
1366,6.053,0.534,0.448
1367,28.019,3.324,0.391
1368,0.335,3.261,0.95
1369,13.133,4.954,0.353
1370,19.424,3.935,0.732
1371,18.211,3.769,0.258
1372,3.335,1.923,0.536
1373,7.736,0.87,0.808
1374,16.178,4.056,0.695
1375,18.508,4.425,0.05
1376,25.189,1.689,0.094
1377,23.902,4.552,0.638
1378,12.424,2.287,0.284
1379,16.158,4.804,0.543
1380,9.864,0.566,0.965
1381,24.482,1.725,0.615
1382,24.17,3.233,0.756
1383,24.706,4.643,0.176
1384,15.138,1.84,0.819
1385,1.805,1.298,0.124
1386,18.436,4.625,0.083
1387,12.026,2.527,0.193
1388,29.753,4.732,0.788
1389,18.3,4.267,0.086
1390,24.611,2.505,0.604
1391,25.204,3.784,0.349
1392,14.827,0.811,0.824
1393,26.919,1.565,0.122
1394,2.696,1.345,0.026
1395,6.967,3.639,0.312
1396,25.713,3.308,0.445
1397,20.079,1.087,0.466
1398,23.685,1.969,0.932
1399,22.338,1.078,0.655
1400,12.209,1.702,0.096
1401,11.996,3.433,0.355
1402,1.516,4.21,0.782
1403,22.479,0.748,0.749
1404,11.782,1.548,0.323
1405,29.595,2.042,0.61
1406,27.289,1.777,0.969
1407,3.807,3.265,0.538
1408,17.62,4.607,0.242
1409,25.516,1.124,0.498
1410,22.497,1.866,0.945
1411,27.777,3.989,0.819
1412,13.879,1.868,0.648
1413,10.799,0.613,0.775
1414,4.493,2.988,0.175
1415,23.08,2.732,0.202
1416,22.68,2.319,0.554
1417,15.871,3.396,0.953
1418,9.995,1.231,0.075
1419,23.664,0.523,0.612
1420,24.768,3.328,0.259
1421,29.122,1.472,0.031
1422,17.245,4.461,0.259
1423,0.748,0.844,0.186
1424,29.069,1.034,0.842
1425,3.792,2.309,0.622
1426,1.121,2.161,0.271
1427,27.073,0.602,0.987
1428,27.61,3.015,0.49
1429,18.066,1.766,0.139
1430,28.976,1.536,0.214
1431,20.43,1.992,0.555
1432,28.909,4.431,0.263
1433,12.1,4.28,0.762
1434,17.589,1.238,0.175
1435,12.126,2.539,0.279
1436,23.976,0.978,0.008
1437,23.513,1.56,0.089
1438,11.342,1.721,0.735
1439,6.319,3.597,0.139
1440,18.085,2.952,0.348
1441,5.423,2.703,0.547
1442,7.438,0.991,0.424
1443,29.462,4.186,0.041
1444,8.515,0.511,0.152
1445,2.991,2.472,0.12
1446,4.604,3.299,0.379
1447,26.196,2.561,0.969
1448,29.551,4.858,0.041
1449,12.611,1.717,0.22
1450,5.706,2.283,0.178
1451,10.025,1.736,0.083
1452,12.896,4.558,0.572
1453,28.871,3.5,0.89
1454,0.627,1.359,0.575
1455,9.181,4.875,0.899
1456,23.103,0.749,0.338
1457,25.792,4.321,0.923
1458,17.93,0.642,0.929
1459,24.163,2.591,0.526
1460,29.595,3.777,0.934
1461,16.973,3.362,0.853
1462,11.667,3.861,0.607
1463,12.008,3.302,0.825
1464,5.091,4.846,0.327
1465,8.612,0.761,0.882
1466,27.895,2.332,0.716
1467,18.099,1.912,0.917
1468,8.581,0.842,0.481
1469,9.702,2.728,0.155
1470,17.792,0.563,0.663
1471,12.477,2.885,0.213
1472,10.675,2.289,0.197
1473,9.189,4.262,0.225
1474,8.628,4.502,0.826
1475,14.15,2.329,0.925
1476,11.114,3.139,0.429
1477,20.356,4.744,0.676
1478,27.74,1.513,0.725
1479,8.413,4.601,0.853
1480,18.6,3.62,0.777
1481,6.431,3.467,0.844
1482,27.365,2.084,0.011
1483,26.865,2.054,0.804
1484,5.483,4.392,0.391
1485,4.545,4.447,0.968
1486,25.864,4.916,0.71
1487,10.857,2.449,0.54
1488,8.245,3.97,0.782
1489,10.571,1.204,0.106
1490,2.773,4.65,0.588
1491,12.359,4.386,0.905
1492,0.401,1.238,0.75
1493,29.786,4.844,0.962
1494,3.425,2.629,0.501
1495,13.562,3.01,0.007
1496,1.484,3.994,0.385
1497,6.929,0.82,0.932
1498,13.031,4.739,0.387
1499,13.515,1.706,0.466
1500,26.705,1.23,0.143
1501,4.842,2.13,0.185
1502,9.993,4.645,0.719
1503,25.721,3.82,0.353
1504,27.646,1.85,0.078
1505,12.823,2.756,0.864
1506,18.205,3.218,0.165
1507,21.116,1.836,0.483
1508,9.579,3.774,0.41
1509,26.576,4.673,0.165
1510,16.419,3.914,0.596
1511,28.344,3.086,0.574
1512,12.441,0.713,0.187
1513,1.289,3.269,0.559
1514,29.585,1.298,0.668
1515,12.232,1.211,0.561
1516,9.667,1.716,0.652
1517,23.977,2.737,0.519
1518,1.336,4.626,0.519
1519,10.575,2.932,0.143
1520,11.935,2.678,0.379
1521,5.637,4.955,0.721
1522,29.443,2.05,0.361
1523,19.462,2.814,0.812
1524,16.997,2.258,0.272
1525,26.668,3.232,0.653
1526,6.396,1.555,0.063
1527,21.383,0.527,0.643
1528,12.84,1.218,0.524
1529,23.138,3.25,0.627
1530,15.561,2.373,0.436
1531,9.842,1.585,0.665
1532,26.675,4.49,0.493
1533,22.154,0.549,0.063
1534,19.861,1.9,0.128
1535,13.986,1.372,0.18
1536,18.256,0.697,0.057
1537,2.86,1.652,0.292
1538,22.86,3.329,0.512
1539,5.997,2.554,0.628
1540,26.94,3.833,0.534
1541,10.742,1.266,0.078
1542,5.288,1.806,0.096
1543,23.212,2.077,0.957
1544,0.549,1.676,0.508
1545,19.111,4.12,0.37
1546,11.812,2.132,0.698
1547,28.077,3.388,0.849
1548,15.346,4.712,0.634
1549,18.4,3.169,0.669
1550,10.551,3.898,0.341
1551,11.565,0.592,0.766
1552,11.046,1.352,0.251
1553,16.752,3.184,0.427
1554,25.04,2.986,0.12
1555,1.033,3.911,0.524
1556,3.202,3.955,0.542
1557,23.591,1.693,0.023
1558,5.847,1.425,0.264
1559,4.696,3.733,0.882
1560,7.085,1.207,0.959
1561,27.484,0.886,0.306
1562,2.485,2.901,0.909
1563,14.938,1.606,0.972
1564,11.422,2.505,0.98
1565,27.525,3.809,0.077
1566,26.984,2.187,0.499
1567,23.521,1.599,0.273
1568,27.384,1.74,0.288
1569,25.425,3.18,0.714
1570,3.234,1.191,0.983
1571,11.322,4.451,0.098
1572,4.284,3.448,0.347
1573,19.176,0.939,0.929
1574,23.43,0.95,0.762
1575,10.823,3.166,0.7
1576,14.844,0.843,0.065
1577,1.946,4.007,0.57
1578,19.557,1.216,0.547
1579,19.229,2.261,0.804
1580,16.019,3.539,0.486
1581,25.657,2.83,0.316
1582,12.849,1.104,0.597
1583,0.543,2.359,0.732
1584,20.487,1.742,0.582
1585,27.653,2.513,0.102
1586,6.536,4.653,0.673
1587,5.976,2.31,0.284
1588,25.922,3.157,0.956
1589,23.698,3.614,0.187
1590,20.088,4.202,0.495
1591,1.938,3.445,0.637
1592,27.293,1.474,0.714
1593,25.567,3.09,0.336
1594,4.591,3.669,0.176
1595,15.884,1.873,0.586
1596,28.952,1.455,0.791
1597,10.81,1.985,0.022
1598,28.662,2.411,0.386
1599,6.328,3.158,0.59
1600,27.587,4.42,0.73
1601,19.712,0.924,0.021
1602,11.394,2.683,0.912
1603,25.239,4.804,0.98
1604,18.755,2.035,0.573
1605,20.804,3.447,0.865
1606,29.165,2.703,0.401
1607,2.643,2.341,0.556
1608,1.171,0.873,0.315
1609,25.5,4.233,0.943
1610,0.712,0.805,0.804
1611,6.732,4.589,0.808
1612,23.23,0.522,0.481
1613,0.9,4.644,0.501
1614,16.817,2.059,0.077
1615,23.959,1.578,0.706
1616,9.827,2.608,0.748
1617,27.14,4.101,0.249
1618,17.785,0.984,0.989
1619,8.128,2.224,0.282
1620,25.303,0.808,0.391
1621,1.607,3.212,0.176
1622,16.591,1.288,0.89
1623,13.632,1.25,0.753
1624,14.391,1.982,0.038
1625,4.062,3.468,0.308
1626,3.014,3.547,0.013
1627,8.371,3.747,0.872
1628,11.906,4.958,0.439
1629,28.51,4.472,0.165
1630,12.265,2.54,0.864
1631,8.948,3.366,0.078
1632,2.396,1.361,0.501
1633,13.287,2.29,0.524
1634,7.633,3.238,0.627
1635,28.393,3.013,0.808
1636,26.526,1.686,0.467
1637,4.156,1.109,0.483
1638,29.984,3.222,0.405
1639,6.799,2.064,0.6
1640,24.669,4.919,0.161
1641,18.117,4.881,0.86
1642,20.453,1.505,0.59
1643,14.168,3.804,0.609
1644,7.733,0.602,0.375
1645,9.031,3.18,0.554
1646,19.717,4.599,0.964
1647,18.33,1.533,0.475
1648,22.797,1.914,0.607
1649,15.409,1.575,0.23
1650,18.829,3.05,0.501
1651,27.212,1.563,0.826
1652,6.116,4.615,0.681
1653,22.354,2.415,0.655
1654,15.302,1.382,0.664
1655,21.174,3.479,0.979
1656,29.77,4.951,0.055
1657,12.816,2.582,0.626
1658,16.04,1.795,0.574
1659,29.629,0.69,0.782
1660,22.033,2.121,0.702
1661,5.459,4.584,0.079
1662,7.947,3.816,0.687
1663,23.625,4.344,0.996
1664,9.002,0.583,0.634
1665,1.302,1.703,0.788
1666,0.276,2.415,0.171
1667,26.833,4.427,0.543
1668,22.774,4.074,0.113
1669,7.85,2.515,0.977
1670,12.987,0.873,0.062
1671,17.744,1.484,0.204
1672,2.937,2.578,0.726
1673,1.892,2.473,0.102
1674,29.281,3.952,0.076
1675,15.74,3.136,0.921
1676,1.787,1.703,0.587
1677,16.314,3.159,0.581
1678,21.747,4.783,0.819
1679,0.118,1.696,0.276
1680,8.461,2.872,0.191
1681,17.038,1.214,0.932
1682,13.218,2.923,0.224
1683,3.698,3.728,0.051
1684,11.95,3.182,0.126
1685,29.857,3.732,0.731
1686,25.457,3.119,0.146
1687,16.062,4.017,0.924
1688,18.593,4.728,0.759
1689,20.954,2.293,0.843
1690,8.865,1.587,0.53
1691,4.683,0.548,0.409
1692,27.0,1.975,0.569
1693,22.07,1.745,0.148
1694,15.396,2.251,0.729
1695,29.45,2.174,0.74
1696,24.836,1.379,0.102
1697,2.06,1.261,0.614
1698,22.596,1.177,0.8
1699,18.708,0.622,0.469
1700,9.934,4.573,0.923
1701,16.715,3.822,0.177
1702,17.698,2.591,0.204
1703,15.647,2.509,0.455
1704,27.121,1.759,0.949
1705,23.149,1.966,0.823
1706,0.81,2.036,0.0
1707,19.051,1.256,0.099
1708,18.232,1.546,0.824
1709,10.653,1.986,0.891
1710,20.579,0.859,0.65
1711,21.654,1.378,0.74
1712,28.988,1.104,0.868
1713,28.073,2.938,0.085
1714,20.279,2.235,0.839
1715,26.524,4.249,0.56
1716,24.542,0.805,0.366
1717,6.543,0.511,0.532
1718,7.157,3.502,0.818
1719,21.836,0.84,0.641
1720,9.391,3.18,0.61
1721,1.124,4.665,0.154
1722,20.755,1.864,0.164
1723,17.983,4.388,0.195
1724,2.172,3.51,0.712
1725,18.417,0.741,0.938
1726,12.429,1.269,0.772
1727,3.273,3.715,0.863
1728,13.399,1.833,0.387
1729,26.898,2.284,0.951
1730,25.283,2.365,0.934
1731,8.137,3.668,0.397
1732,26.756,1.987,0.506
1733,29.43,3.852,0.064
1734,8.841,2.688,0.712
1735,18.642,1.27,0.598
1736,11.767,4.899,0.377
1737,21.196,1.488,0.208
1738,26.174,1.535,0.374
1739,7.472,1.564,0.34
1740,29.968,0.747,0.886
1741,15.288,0.766,0.282
1742,2.367,2.273,0.389
1743,24.392,1.781,0.455
1744,21.407,4.361,0.551
1745,18.513,4.826,0.211
1746,19.729,3.872,0.265
1747,16.274,3.114,0.247
1748,3.275,0.595,0.991
1749,14.755,2.063,0.978
1750,0.88,3.295,0.568
1751,24.848,2.911,0.523
1752,4.38,4.449,0.13
1753,11.137,2.911,0.337
1754,20.747,2.398,0.098
1755,2.182,0.51,0.702
1756,2.567,4.066,0.257
1757,26.3,1.371,0.206
1758,19.457,2.945,0.744
1759,24.549,2.513,0.792
1760,12.755,3.856,0.035
1761,6.204,1.954,0.822
1762,24.931,4.926,0.085
1763,16.536,4.712,0.257
1764,6.326,1.022,0.197
1765,1.07,1.592,0.467
1766,28.466,4.215,0.069
1767,0.619,3.032,0.37
1768,16.526,2.994,0.795
1769,22.182,2.54,0.155
1770,18.688,2.363,0.096
1771,8.063,1.479,0.804
1772,27.571,4.655,0.773
1773,4.141,3.076,0.586
1774,4.014,1.912,0.41
1775,18.083,4.693,0.382
1776,13.932,1.094,0.301
1777,19.294,1.542,0.607
1778,29.714,3.99,0.13
1779,17.329,1.126,0.007
1780,28.918,1.822,0.037
1781,2.123,3.338,0.446
1782,19.75,1.163,0.133
1783,13.531,0.515,0.473
1784,11.974,2.697,0.729
1785,16.053,0.635,0.616
1786,13.393,4.843,0.744
1787,23.032,2.427,0.688
1788,23.863,4.895,0.753
1789,19.872,2.762,0.26
1790,16.735,2.212,0.366
1791,13.369,1.798,0.186
1792,15.752,1.493,0.101
1793,19.471,4.363,0.335
1794,0.014,4.638,0.284
1795,25.819,4.379,0.925
1796,16.716,3.518,0.177
1797,8.112,2.192,0.724
1798,15.433,3.433,0.222
1799,17.214,3.712,0.378
1800,27.167,0.742,0.341
1801,28.857,4.201,0.077
1802,9.44,4.618,0.737
1803,12.057,0.785,0.611
1804,14.79,3.053,0.2
1805,22.101,2.685,0.991
1806,2.44,3.495,0.085
1807,22.534,3.576,0.435
1808,29.498,3.265,0.28
1809,24.635,2.345,0.059
1810,27.128,2.089,0.024
1811,18.376,4.162,0.608
1812,8.925,2.546,0.911
1813,9.771,4.3,0.311
1814,18.55,2.932,0.293
1815,14.82,2.808,0.831
1816,18.037,3.691,0.496
1817,6.364,2.159,0.679
1818,25.885,2.402,0.181
1819,14.538,0.902,0.906
1820,0.361,3.505,0.022
1821,22.651,4.643,0.607
1822,25.827,4.526,0.861
1823,4.929,2.58,0.55
1824,3.489,2.818,0.706
1825,17.822,1.326,0.247
1826,29.519,4.423,0.719
1827,18.237,2.431,0.245
1828,0.226,2.611,0.522
1829,7.068,1.147,0.045
1830,26.992,0.928,0.903
1831,12.292,1.925,0.352
1832,28.19,3.427,0.778
1833,25.405,2.5,0.29
1834,29.458,4.667,0.365
1835,24.69,0.68,0.077
1836,10.955,1.635,0.042
1837,2.452,3.794,0.045
1838,7.01,0.879,0.676
1839,2.838,4.096,0.826
1840,15.975,2.156,0.705
1841,21.862,4.583,0.715
1842,21.288,4.975,0.463
1843,26.359,1.715,0.486
1844,5.553,4.093,0.623
1845,23.358,0.545,0.538
1846,13.448,1.501,0.536
1847,4.771,1.797,0.075
1848,6.367,0.766,0.823
1849,8.321,3.058,0.567
1850,16.404,1.358,0.304
1851,19.486,2.336,0.19
1852,22.876,0.538,0.571
1853,7.072,2.277,0.427
1854,9.178,3.977,0.361
1855,15.093,4.542,0.924
1856,17.476,3.85,0.446
1857,9.569,4.295,0.151
1858,24.607,1.024,0.229
1859,1.71,3.927,0.613
1860,17.358,1.041,0.325
1861,22.626,3.778,0.101
1862,25.125,3.688,0.346
1863,16.155,4.351,0.166
1864,10.478,1.929,0.749
1865,29.475,1.18,0.128
1866,17.139,2.82,0.623
1867,25.962,1.694,0.582
1868,10.189,2.704,0.18
1869,7.345,1.583,0.734
1870,24.852,3.629,0.142
1871,4.656,0.753,0.968
1872,13.184,4.842,0.422
1873,15.855,4.348,0.153
1874,24.431,4.102,0.689
1875,8.773,2.019,0.742
1876,12.836,1.663,0.976
1877,21.742,4.908,0.487
1878,26.989,2.322,0.286
1879,7.909,4.409,0.501
1880,16.07,3.871,0.333
1881,0.026,3.707,0.763
1882,10.772,1.073,0.052
1883,1.2,1.289,0.823
1884,7.229,4.809,0.688
1885,23.665,2.054,0.112
1886,0.064,4.718,0.657
1887,12.201,4.042,0.246
1888,0.564,4.777,0.758
1889,10.9,0.846,0.064
1890,13.761,2.44,0.607
1891,18.104,2.708,0.904
1892,28.811,1.009,0.521
1893,27.005,0.861,0.821
1894,14.227,4.851,0.702
1895,7.926,1.618,0.336
1896,9.76,4.121,0.022
1897,16.724,1.913,0.351
1898,27.227,4.549,0.689
1899,17.656,0.582,0.134
1900,23.129,2.842,0.839
1901,25.133,1.415,0.924
1902,15.686,2.645,0.735
1903,26.748,3.866,0.086
1904,29.194,2.895,0.623
1905,20.315,1.074,0.88
1906,23.842,0.917,0.785
1907,11.322,4.226,0.6
1908,18.671,3.649,0.763
1909,4.289,1.523,0.903
1910,21.243,4.488,0.429
1911,23.282,4.222,0.305
1912,23.536,2.961,0.515
1913,16.625,0.646,0.281
1914,1.984,2.914,0.989
1915,5.054,2.94,0.953
1916,8.317,2.227,0.659
1917,18.319,3.301,0.917
1918,14.087,3.871,0.238
1919,29.78,0.892,0.307
1920,0.322,1.916,0.64
1921,7.819,0.55,0.714
1922,9.914,2.036,0.889
1923,1.6,1.537,0.22
1924,5.865,3.206,0.833
1925,14.387,1.958,0.396
1926,23.697,2.785,0.637
1927,1.587,4.432,0.765
1928,1.558,2.715,0.718
1929,3.455,3.503,0.969
1930,3.207,1.882,0.872
1931,15.841,4.905,0.698
1932,24.248,1.925,0.339
1933,3.892,1.317,0.588
1934,18.201,3.224,0.088
1935,0.357,2.427,0.094
1936,26.29,3.178,0.581
1937,7.399,1.06,0.688
1938,24.268,2.624,0.013
1939,9.687,0.775,0.847
1940,2.921,1.793,0.523
1941,20.871,2.993,0.318
1942,5.406,2.719,0.65
1943,26.678,2.142,0.899
1944,18.297,1.448,0.711
1945,13.366,4.327,0.373
1946,28.781,1.471,0.561
1947,25.216,1.427,0.895
1948,21.37,2.854,0.619
1949,0.517,2.386,0.54
1950,10.563,2.163,0.433
1951,26.454,4.357,0.328
1952,5.886,3.301,0.757
1953,6.604,4.732,0.695
1954,1.173,3.918,0.641
1955,15.59,4.085,0.858
1956,11.016,3.123,0.979
1957,14.233,3.55,0.454
1958,28.614,3.744,0.931
1959,3.58,2.027,0.517
1960,9.061,0.807,0.542
1961,24.286,3.541,0.312
1962,6.795,1.794,0.583
1963,2.893,1.172,0.693
1964,4.28,0.588,0.03
1965,28.389,3.537,0.941
1966,11.219,4.745,0.058
1967,10.046,4.137,0.073
1968,27.496,2.433,0.722
1969,25.967,2.272,0.788
1970,26.59,3.854,0.125
1971,10.943,0.825,0.222
1972,9.537,3.793,0.122
1973,13.894,4.477,0.578
1974,13.046,3.222,0.14
1975,9.037,2.717,0.064
1976,29.053,2.229,0.168
1977,21.969,4.872,0.155
1978,21.955,4.539,0.036
1979,9.006,3.708,0.531
1980,25.765,2.837,0.843
1981,28.421,4.721,0.838
1982,14.179,3.213,0.937
1983,5.662,2.876,0.955
1984,26.423,0.885,0.732
1985,26.77,2.976,0.181
1986,13.36,3.106,0.235
1987,22.421,4.848,0.765
1988,7.584,1.46,0.043
1989,7.642,3.515,0.852
1990,28.598,3.758,0.873
1991,21.082,4.551,0.643
1992,17.42,0.666,0.689
1993,10.399,3.113,0.964
1994,4.692,1.247,0.727
1995,8.163,4.228,0.837
1996,4.916,1.202,0.455
1997,22.168,2.322,0.652
1998,6.253,0.941,0.278
1999,15.837,0.559,0.159
2000,26.362,3.809,0.313
2001,9.629,1.83,0.266
2002,28.456,1.077,0.974
2003,15.648,1.647,0.845
2004,4.496,0.896,0.901
2005,26.817,0.937,0.387
2006,2.749,2.066,0.809
2007,0.85,4.049,0.434
2008,11.447,3.231,0.038
2009,24.747,3.684,0.803
2010,8.464,1.005,0.391
2011,4.94,4.725,0.394
2012,17.997,2.351,0.297
2013,10.393,4.703,0.182
2014,15.266,1.826,0.164
2015,6.772,1.2,0.087
2016,15.297,3.225,0.599
2017,7.064,0.855,0.091
2018,0.513,1.598,0.616
2019,17.65,2.383,0.816
2020,8.006,2.645,0.899
2021,10.701,2.178,0.875
2022,0.536,0.745,0.017
2023,10.383,1.354,0.504
2024,12.901,2.08,0.553
2025,25.105,0.845,0.898
2026,6.645,3.469,0.225
2027,21.599,2.128,0.114
2028,20.515,3.927,0.518
2029,20.141,4.119,0.402
2030,22.516,2.202,0.363
2031,6.952,3.463,0.1
2032,26.928,1.717,0.07
2033,6.854,2.704,0.762
2034,8.74,0.572,0.964
2035,23.006,3.675,0.41
2036,9.713,3.039,0.561
2037,10.841,4.25,0.585
2038,11.251,3.86,0.567
2039,8.928,3.293,0.114
2040,16.521,1.918,0.474
2041,29.162,4.131,0.919
2042,27.176,2.129,0.498
2043,24.633,4.902,0.037
2044,3.53,2.029,0.361
2045,21.125,2.21,0.07
2046,8.199,3.195,0.321
2047,3.293,2.968,0.502
2048,26.39,2.75,0.541
2049,4.121,1.528,0.942
2050,2.989,3.664,0.074
2051,2.443,4.112,0.863
2052,28.342,2.658,0.375
2053,5.64,0.987,0.5
2054,16.694,3.502,0.351
2055,21.059,3.369,0.963
2056,20.317,3.237,0.97
2057,23.917,3.937,0.953
2058,3.788,2.157,0.228
2059,25.037,1.218,0.597
2060,23.242,3.498,0.515
2061,20.745,1.216,0.242
2062,0.681,0.657,0.594
2063,20.273,4.723,0.756
2064,25.442,3.681,0.54
2065,27.705,4.12,0.219
2066,16.441,2.356,0.745
2067,6.202,2.255,0.558
2068,27.568,1.959,0.594
2069,11.153,4.279,0.716
2070,1.315,1.005,0.114
2071,20.199,2.757,0.142
2072,9.74,0.776,0.734
2073,26.066,4.412,0.184
2074,5.802,1.203,0.358
2075,17.453,1.143,0.191
2076,6.423,3.298,0.714
2077,19.51,1.291,0.448
2078,1.403,0.695,0.313
2079,18.455,3.44,0.044
2080,5.467,3.635,0.731
2081,14.115,4.547,0.482
2082,22.327,0.966,0.85
2083,12.639,4.698,0.241
2084,17.852,0.757,0.146
2085,14.544,3.385,0.981
2086,6.716,1.534,0.071
2087,0.126,1.695,0.528
2088,9.593,0.71,0.566
2089,16.111,2.412,0.136
2090,19.577,4.223,0.525
2091,17.622,2.979,0.92
2092,19.447,2.289,0.05
2093,12.87,0.954,0.881
2094,1.817,2.962,0.207
2095,18.57,1.119,0.455
2096,1.734,3.711,0.886
2097,29.421,2.813,0.203
2098,28.376,3.025,0.918
2099,23.806,2.933,0.132
2100,4.331,2.574,0.177
2101,6.432,1.093,0.128
2102,24.013,2.102,0.536
2103,10.816,1.475,0.143
2104,4.209,2.554,0.16
2105,4.3,4.471,0.642
2106,0.022,4.634,0.462
2107,11.737,2.628,0.403
2108,19.979,4.822,0.398
2109,17.616,3.216,0.032
2110,1.141,3.55,0.186
2111,20.257,4.794,0.208
2112,17.09,2.372,0.739
2113,5.653,2.512,0.307
2114,5.571,3.575,0.941
2115,22.961,2.231,0.069
2116,11.298,1.653,0.193
2117,17.517,1.538,0.162
2118,0.603,4.085,0.508
2119,21.106,2.118,0.458
2120,3.074,2.457,0.536
2121,12.073,3.683,0.798
2122,15.911,4.778,0.6
2123,8.254,1.492,0.502
2124,27.885,2.84,0.651
2125,18.863,2.485,0.075
2126,17.818,3.962,0.61
2127,18.558,4.446,0.255
2128,19.039,2.908,0.504
2129,22.765,2.26,0.622
2130,18.691,4.268,0.703
2131,0.559,3.404,0.326
2132,24.085,3.74,0.014
2133,0.092,1.759,0.874
2134,0.331,4.344,0.755
2135,9.831,1.075,0.28
2136,4.912,3.711,0.677
2137,7.194,4.695,0.411
2138,3.289,1.152,0.418
2139,10.71,3.269,0.501
2140,4.907,0.782,0.713
2141,10.748,2.749,0.269
2142,26.535,1.398,0.747
2143,1.797,4.582,0.616
2144,9.758,2.131,0.685
2145,8.193,0.766,0.126
2146,8.921,4.838,0.793
2147,9.836,0.697,0.885
2148,19.081,1.293,0.008
2149,20.289,4.184,0.206
2150,10.787,3.961,0.678
2151,17.309,3.783,0.279
2152,9.742,3.445,0.721
2153,27.785,1.821,0.529
2154,22.974,1.51,0.616
2155,23.911,3.979,0.209
2156,27.558,2.815,0.286
2157,4.981,2.775,0.374
2158,20.763,0.705,0.587
2159,9.082,4.349,0.99
2160,0.616,3.402,0.529
2161,28.789,2.424,0.894
2162,20.948,4.081,0.251
2163,1.744,0.648,0.102
2164,11.607,0.836,0.277
2165,21.959,2.35,0.768
2166,1.614,1.984,0.006
2167,14.517,4.168,0.799
2168,22.67,0.502,0.218
2169,1.222,3.043,0.505
2170,10.464,0.687,0.842
2171,21.223,3.399,0.805
2172,10.495,4.016,0.754
2173,13.966,2.671,0.452
2174,29.736,2.121,0.693
2175,12.492,1.899,0.485
2176,4.847,0.784,0.182
2177,15.146,1.12,0.857
2178,8.618,4.215,0.604
2179,23.971,3.361,0.608
2180,27.107,1.145,0.698
2181,1.69,4.766,0.733
2182,5.837,1.198,0.288
2183,24.761,2.409,0.383
2184,21.064,1.571,0.638
2185,0.108,2.165,0.774
2186,9.246,3.175,0.003
2187,25.969,3.94,0.421
2188,25.32,3.836,0.994
2189,22.754,2.946,0.936
2190,2.095,1.0,0.108
2191,2.959,4.431,0.566
2192,23.306,1.16,0.588
2193,13.976,3.349,0.538
2194,27.406,4.928,0.115
2195,17.409,0.5,0.901
2196,4.837,4.489,0.276
2197,5.898,4.798,0.555
2198,15.439,1.435,0.512
2199,3.903,1.347,0.082
2200,18.694,3.631,0.527
2201,5.761,4.123,0.153
2202,21.702,2.963,0.677
2203,15.086,2.374,0.122
2204,1.374,3.864,0.384
2205,27.222,3.861,0.784
2206,20.027,3.997,0.333
2207,25.289,3.777,0.551
2208,17.249,4.748,0.049
2209,0.586,0.631,0.211
2210,3.164,4.878,0.626
2211,5.521,4.935,0.443
2212,8.606,1.438,0.776
2213,23.873,2.145,0.395
2214,28.234,4.318,0.971
2215,12.329,4.154,0.014
2216,25.062,0.634,0.864
2217,6.563,1.053,0.96
2218,12.904,4.159,0.74
2219,22.36,1.653,0.48
2220,11.993,1.523,0.98
2221,4.991,0.65,0.807
2222,21.921,4.805,0.243
2223,21.463,3.253,0.39
2224,1.321,3.17,0.348
2225,20.304,0.848,0.726
2226,12.686,1.084,0.741
2227,29.842,4.158,0.751
2228,28.916,1.073,0.68
2229,14.158,3.624,0.728
2230,25.07,3.639,0.862
2231,18.309,2.733,0.865
2232,24.765,0.813,0.061
2233,26.461,4.885,0.184
2234,16.367,4.356,0.685
2235,2.307,0.621,0.368
2236,6.725,2.999,0.716
2237,8.835,2.448,0.413
2238,9.922,1.1,0.97
2239,12.826,1.142,0.692
2240,14.947,3.983,0.655
2241,20.633,3.926,0.763
2242,3.019,4.243,0.759
2243,23.67,0.579,0.947
2244,23.008,1.499,0.216
2245,16.775,1.97,0.302
2246,26.782,1.5,0.732
2247,0.594,0.685,0.976
2248,15.538,4.595,0.263
2249,9.635,4.239,0.332
2250,16.584,2.113,0.832
2251,10.973,4.967,0.944
2252,8.362,4.452,0.125
2253,29.108,0.996,0.428
2254,2.905,0.881,0.124
2255,19.416,4.429,0.844
2256,16.966,4.647,0.535
2257,12.078,3.734,0.052
2258,12.255,1.853,0.218
2259,20.331,3.579,0.544
2260,19.169,3.173,0.73
2261,18.875,4.623,0.65
2262,13.432,2.203,0.189
2263,26.384,1.82,0.006
2264,20.218,2.672,0.032
2265,6.83,1.46,0.14
2266,0.837,1.194,0.885
2267,16.106,2.486,0.227
2268,16.014,3.13,0.106
2269,19.592,1.164,0.29
2270,21.114,4.591,0.606
2271,20.918,2.792,0.231
2272,25.531,1.157,0.47
2273,11.359,3.116,0.421
2274,16.397,3.529,0.267
2275,9.877,4.148,0.119
2276,26.202,2.302,0.287
2277,12.056,4.241,0.313
2278,1.791,4.23,0.962
2279,28.605,4.197,0.336
2280,24.18,1.443,0.477
2281,27.797,0.857,0.768
2282,16.872,4.64,0.942
2283,25.985,1.416,0.807
2284,1.563,0.863,0.345
2285,0.449,2.582,0.344
2286,19.844,3.296,0.757
2287,13.081,1.775,0.463
2288,9.466,4.981,0.074
2289,29.19,1.3,0.374
2290,7.331,1.582,0.239
2291,22.368,3.19,0.156
2292,18.827,1.601,0.696
2293,5.681,2.524,0.918
2294,7.896,3.149,0.34
2295,0.349,2.183,0.852
2296,10.763,2.124,0.954
2297,23.628,0.509,0.31
2298,4.024,1.504,0.099
2299,4.216,4.772,0.73
2300,29.677,2.061,0.305
2301,8.031,2.861,0.246
2302,7.965,3.21,0.22
2303,22.87,2.265,0.307
2304,19.516,0.605,0.716
2305,22.222,1.779,0.94
2306,19.377,2.2,0.168
2307,6.59,4.708,0.2
2308,6.712,4.251,0.109
2309,2.342,0.543,0.635
2310,22.114,3.492,0.797
2311,9.06,4.054,0.809
2312,14.492,1.309,0.366
2313,24.191,4.275,0.067
2314,27.681,2.143,0.577
2315,20.991,1.165,0.547
2316,0.296,3.027,0.781
2317,7.835,3.247,0.579
2318,17.117,3.313,0.955
2319,22.634,4.007,0.041
2320,26.133,3.01,0.649
2321,2.501,3.181,0.406
2322,21.608,2.855,0.322
2323,23.32,2.07,0.531
2324,26.314,3.965,0.833
2325,16.708,0.654,0.548
2326,29.48,1.211,0.805
2327,2.748,0.525,0.976
2328,25.134,3.519,0.452
2329,15.699,1.06,0.912
2330,17.433,3.213,0.145
2331,21.316,2.432,0.407
2332,12.076,3.528,0.572
2333,14.161,3.365,0.644
2334,2.228,1.788,0.269
2335,21.663,3.098,0.271
2336,13.441,1.474,0.201
2337,26.225,3.171,0.259
2338,25.837,1.196,0.673
2339,27.999,2.661,0.83
2340,10.791,1.272,0.467
2341,15.432,0.85,0.957
2342,18.664,4.118,0.25
2343,14.065,3.827,0.032
2344,12.304,1.767,0.833
2345,5.08,4.532,0.499
2346,26.777,3.487,0.43
2347,24.93,2.373,0.342
2348,14.904,3.369,0.599
2349,1.448,1.325,0.399
2350,16.918,1.459,0.595
2351,0.167,1.248,0.902
2352,3.47,1.66,0.073
2353,21.164,2.486,0.614
2354,25.015,2.702,0.553
2355,13.384,0.953,0.079
2356,9.257,3.429,0.369
2357,20.778,2.666,0.409
2358,28.679,2.967,0.665
2359,20.69,0.698,0.275
2360,19.691,4.926,0.907
2361,29.379,3.9,0.316
2362,6.522,2.535,0.129
2363,18.268,4.758,0.384
2364,16.779,2.394,0.277
2365,20.697,0.755,0.343
2366,25.281,1.727,0.898
2367,22.848,2.525,0.892
2368,12.417,1.123,0.116
2369,23.773,2.361,0.738
2370,25.492,1.946,0.738
2371,4.406,2.412,0.546
2372,18.162,4.139,0.507
2373,2.051,2.975,0.228
2374,24.721,3.254,0.238
2375,28.84,2.852,0.805
2376,17.316,2.005,0.451
2377,6.815,1.814,0.538
2378,23.509,1.893,0.082
2379,23.272,4.253,0.198
2380,10.952,4.877,0.984
2381,17.629,0.551,0.415
2382,9.765,2.191,0.85
2383,2.619,0.514,0.653
2384,4.926,2.3,0.357
2385,19.256,1.04,0.918
2386,23.327,4.324,0.16
2387,27.022,1.675,0.202
2388,3.378,0.679,0.439
2389,0.279,4.646,0.367
2390,3.131,1.619,0.43
2391,28.314,3.517,0.809
2392,26.046,2.817,0.331
2393,6.541,1.856,0.317
2394,3.104,3.192,0.698
2395,24.75,2.309,0.261
2396,29.254,1.033,0.628
2397,21.868,2.168,0.683
2398,29.182,4.065,0.658
2399,4.345,1.773,0.974
2400,17.831,3.27,0.044
2401,0.906,3.902,0.175
2402,29.243,4.199,0.401
2403,16.173,4.382,0.502
2404,16.374,3.748,0.624
2405,20.622,4.196,0.215
2406,27.812,1.203,0.608
2407,7.082,4.078,0.47
2408,4.417,3.474,0.103
2409,13.303,2.051,0.352
2410,12.346,3.229,0.04
2411,7.543,4.985,0.512
2412,21.766,4.534,0.235
2413,24.824,2.279,0.432
2414,16.643,1.361,0.825
2415,21.983,1.271,0.154
2416,6.617,4.145,0.365
2417,22.343,3.486,0.254
2418,27.002,2.64,0.709
2419,22.785,2.101,0.661
2420,16.947,1.885,0.112
2421,12.968,2.773,0.864
2422,18.424,1.871,0.991
2423,27.39,0.943,0.506
2424,13.149,3.755,0.054
2425,9.019,1.978,0.92
2426,9.384,4.973,0.674
2427,20.331,1.749,0.986
2428,28.962,1.779,0.849
2429,18.788,1.865,0.972
2430,7.524,1.631,0.348
2431,12.391,1.877,0.486
2432,20.94,0.726,0.257
2433,16.767,4.696,0.324
2434,3.851,1.113,0.029
2435,13.831,1.335,0.82
2436,8.942,2.425,0.088
2437,14.996,4.581,0.585
2438,11.182,0.95,0.38
2439,10.437,3.306,0.078
2440,8.722,4.3,0.778
2441,4.936,2.695,0.977
2442,19.038,0.942,0.799
2443,0.862,3.379,0.942
2444,16.704,1.349,0.748
2445,15.707,0.929,0.214
2446,19.085,1.401,0.074
2447,20.36,1.713,0.388
2448,20.782,4.797,0.236
2449,5.313,4.918,0.014
2450,29.946,2.37,0.786
2451,29.767,2.434,0.087
2452,12.231,2.642,0.92
2453,12.772,3.343,0.977
2454,1.231,1.401,0.044
2455,23.116,1.811,0.788
2456,16.497,1.425,0.203
2457,10.707,1.379,0.489
2458,4.265,4.574,0.293
2459,7.762,0.673,0.236
2460,28.221,3.289,0.302
2461,1.341,0.934,0.47
2462,16.671,2.539,0.172
2463,8.373,2.534,0.885
2464,7.707,3.34,0.989
2465,5.465,3.06,0.039
2466,9.47,3.901,0.289
2467,12.697,0.839,0.79
2468,3.785,1.876,0.477
2469,20.88,2.097,0.855
2470,18.888,3.168,0.421
2471,27.317,2.115,0.715
2472,28.362,4.529,0.057
2473,2.856,2.054,0.896
2474,8.786,0.606,0.822
2475,26.54,1.335,0.695
2476,28.751,0.941,0.342
2477,13.036,1.305,0.827
2478,16.255,0.668,0.912
2479,4.752,3.053,0.493
2480,3.254,4.372,0.736
2481,1.267,3.106,0.625
2482,11.021,4.865,0.673
2483,19.505,1.004,0.47
2484,26.24,1.019,0.017
2485,21.715,2.993,0.305
2486,12.041,3.327,0.335
2487,27.25,2.246,0.517
2488,9.317,1.487,0.358
2489,28.978,2.855,0.418
2490,8.973,0.694,0.258
2491,7.336,1.996,0.031
2492,29.874,2.168,0.373
2493,18.227,0.686,0.858
2494,4.573,3.412,0.855
2495,22.123,1.57,0.829
2496,26.893,2.926,0.561
2497,8.986,0.647,0.266
2498,10.194,3.609,0.123
2499,4.32,1.229,0.774
2500,14.583,2.135,0.399
2501,5.598,0.985,0.018
2502,12.257,0.596,0.715
2503,16.549,0.696,0.466
2504,15.368,0.649,0.378
2505,16.133,2.889,0.555
2506,10.239,4.424,0.88
2507,8.658,1.019,0.151
2508,7.724,4.715,0.456
2509,3.586,3.238,0.976
2510,12.886,3.354,0.978
2511,16.914,4.242,0.071
2512,4.568,1.407,0.87
2513,26.766,2.915,0.009
2514,22.236,2.123,0.492
2515,22.821,3.363,0.811
2516,20.039,3.622,0.223
2517,8.057,4.133,0.497
2518,0.46,2.433,0.286
2519,0.681,3.305,0.347
2520,17.393,4.885,0.203
2521,12.12,4.027,0.131
2522,15.778,1.387,0.649
2523,25.626,2.435,0.843
2524,21.517,2.895,0.433
2525,12.815,2.274,0.966
2526,28.495,2.265,0.028
2527,9.347,0.698,0.888
2528,14.22,2.528,0.591
2529,13.859,1.367,0.105
2530,13.063,2.369,0.754
2531,29.455,2.608,0.746
2532,4.123,4.575,0.786
2533,22.188,3.856,0.964
2534,7.618,2.24,0.023
2535,19.654,1.19,0.354
2536,24.372,1.985,0.712
2537,20.922,4.105,0.458
2538,12.764,1.35,0.651
2539,15.203,2.119,0.963
2540,4.856,4.309,0.799
2541,23.825,4.856,0.621
2542,25.656,2.763,0.565
2543,16.298,3.835,0.537
2544,19.764,1.199,0.137
2545,20.253,1.575,0.134
2546,27.244,1.507,0.977
2547,9.715,4.884,0.298
2548,3.435,2.662,0.135
2549,6.501,4.24,0.745
2550,1.143,4.996,0.302
2551,14.365,4.862,0.723
2552,29.253,4.863,0.684
2553,1.508,0.729,0.6
2554,10.513,3.33,0.225
2555,3.953,0.828,0.842
2556,9.656,1.846,0.147
2557,22.545,1.937,0.406
2558,19.846,2.952,0.448
2559,2.952,4.737,0.94
2560,0.697,3.431,0.298
2561,15.609,2.048,0.441
2562,9.78,1.182,0.06
2563,13.128,2.198,0.133
2564,28.411,0.753,0.762
2565,28.053,2.607,0.06
2566,22.41,3.315,0.866
2567,3.426,2.66,0.197
2568,23.501,4.517,0.486
2569,21.211,3.453,0.2
2570,18.368,3.032,0.707
2571,18.763,2.396,0.962
2572,1.247,3.358,0.739
2573,3.091,3.177,0.237
2574,2.375,3.76,0.256
2575,12.169,1.193,0.656
2576,20.638,4.478,0.696
2577,9.075,3.45,0.884
2578,24.142,3.424,0.514
2579,29.412,3.097,0.153
2580,24.224,4.882,0.823
2581,14.449,1.316,0.274
2582,25.055,4.398,0.484
2583,0.568,1.892,0.217
2584,26.561,2.649,0.111
2585,7.265,1.947,0.92
2586,25.451,1.701,0.927
2587,8.708,3.681,0.687
2588,8.296,0.804,0.266
2589,13.978,2.547,0.205
2590,16.029,4.157,0.732
2591,18.059,4.274,0.167
2592,28.016,3.183,0.913
2593,26.962,3.693,0.46
2594,24.129,3.536,0.689
2595,23.623,2.636,0.518
2596,19.349,3.928,0.172
2597,3.765,3.651,0.753
2598,22.219,4.832,0.793
2599,6.841,3.879,0.36
2600,3.167,4.497,0.894
2601,10.805,0.975,0.437
2602,17.052,0.602,0.354
2603,2.955,3.544,0.734
2604,14.349,3.754,0.669
2605,8.775,1.056,0.743
2606,1.094,2.33,0.301
2607,25.691,0.689,0.907
2608,25.475,4.579,0.453
2609,6.211,1.807,0.477
2610,4.49,3.511,0.72
2611,2.811,3.236,0.154
2612,2.658,1.862,0.909
2613,14.104,4.648,0.726
2614,4.096,4.516,0.75
2615,20.522,3.351,0.082
2616,3.991,3.895,0.619
2617,8.179,1.286,0.532
2618,23.997,4.272,0.507
2619,4.953,3.838,0.71
2620,28.846,2.522,0.399
2621,17.302,4.908,0.944
2622,7.058,2.298,0.615
2623,29.209,2.874,0.098
2624,8.719,2.053,0.117
2625,13.576,0.951,0.66
2626,10.87,2.87,0.736
2627,0.803,1.306,0.341
2628,6.11,2.02,0.947
2629,24.539,0.889,0.643
2630,8.135,4.661,0.918
2631,15.393,0.682,0.072
2632,21.177,2.298,0.99
2633,1.857,4.919,0.024
2634,28.278,0.769,0.944
2635,12.105,0.777,0.609
2636,12.695,1.716,0.426
2637,4.726,0.703,0.883
2638,9.01,1.396,0.791
2639,26.812,2.35,0.321
2640,27.498,3.029,0.289
2641,9.69,4.779,0.979
2642,3.044,4.851,0.418
2643,19.031,1.974,0.171
2644,23.982,2.356,0.773
2645,2.664,1.194,0.831
2646,1.077,3.982,0.631
2647,17.545,3.908,0.844
2648,7.673,4.992,0.432
2649,26.222,1.301,0.103
2650,18.736,1.362,0.595
2651,28.882,1.734,0.757
2652,24.741,4.945,0.071
2653,22.041,3.163,0.951
2654,21.914,1.699,0.48
2655,9.951,2.316,0.783
2656,10.922,3.54,0.556
2657,13.74,0.978,0.538
2658,16.561,2.338,0.306
2659,28.014,2.843,0.155
2660,23.125,0.906,0.801
2661,19.697,2.782,0.05
2662,24.695,4.122,0.932
2663,0.163,1.778,0.624
2664,21.57,3.482,0.779
2665,13.594,1.515,0.87
2666,18.193,0.886,0.112
2667,5.017,1.168,0.964
2668,20.598,4.57,0.44
2669,14.407,1.492,0.513
2670,14.922,3.843,0.149
2671,18.011,3.533,0.202
2672,11.16,2.472,0.064
2673,11.273,2.093,0.548
2674,15.866,3.698,0.695
2675,12.643,1.043,0.596
2676,0.211,3.693,0.935
2677,21.692,2.69,0.97
2678,17.437,2.51,0.801
2679,15.886,3.332,0.356
2680,22.075,2.376,0.915
2681,11.246,4.674,0.171
2682,25.608,3.797,0.081
2683,24.153,2.611,0.506
2684,28.645,3.718,0.931
2685,11.991,3.736,0.209
2686,19.395,2.38,0.464
2687,13.28,2.785,0.117
2688,28.707,3.497,0.564
2689,3.083,3.094,0.11
2690,3.494,2.8,0.813
2691,1.959,4.374,0.576
2692,0.21,4.571,0.969
2693,13.534,1.626,0.148
2694,24.244,2.112,0.465
2695,11.1,1.032,0.694
2696,27.693,3.944,0.415
2697,19.354,4.748,0.842
2698,17.201,4.064,0.222
2699,29.375,2.701,0.056
2700,0.272,2.935,0.21
2701,24.468,2.844,0.487
2702,7.018,1.526,0.22
2703,26.265,2.228,0.56
2704,14.988,1.812,0.938
2705,2.519,3.1,0.186
2706,5.709,2.217,0.066
2707,29.943,0.724,0.961
2708,2.068,3.064,0.393
2709,11.009,3.392,0.488
2710,6.579,3.482,0.663
2711,17.287,2.63,0.4
2712,8.386,4.195,0.758
2713,26.328,2.755,0.27
2714,21.144,0.568,0.286
2715,22.659,3.027,0.109
2716,6.85,1.682,0.319
2717,26.629,4.789,0.106
2718,22.91,0.688,0.085
2719,3.139,3.428,0.975
2720,19.746,3.283,0.175
2721,20.342,4.791,0.372
2722,7.315,4.471,0.339
2723,11.085,4.335,0.559
2724,3.7,2.71,0.74
2725,0.045,1.862,0.79
2726,29.639,2.313,0.11
2727,29.682,4.912,0.827
2728,14.984,4.242,0.489
2729,8.969,2.141,0.187
2730,25.525,3.616,0.075
2731,24.502,1.595,0.355
2732,19.291,1.473,0.165
2733,5.019,2.725,0.43
2734,15.592,1.463,0.062
2735,29.559,4.724,0.86
2736,7.816,0.811,0.58
2737,19.193,1.508,0.207
2738,1.883,0.831,0.1
2739,28.576,0.896,0.849
2740,15.157,1.803,0.474
2741,0.744,1.187,0.108
2742,26.924,0.923,0.087
2743,6.073,3.836,0.909
2744,26.517,0.992,0.172
2745,9.645,4.991,0.066
2746,26.419,3.56,0.333
2747,29.588,4.133,0.707
2748,21.455,0.779,0.037
2749,26.715,2.893,0.64
2750,18.519,4.87,0.564
2751,24.074,3.505,0.006
2752,15.895,1.258,0.517
2753,12.389,1.279,0.317
2754,6.184,2.147,0.084
2755,25.84,4.438,0.313
2756,10.23,2.592,0.803
2757,13.461,3.07,0.502
2758,7.148,0.979,0.946
2759,13.802,1.522,0.473
2760,10.403,4.823,0.431
2761,5.504,1.48,0.179
2762,11.78,1.559,0.441
2763,11.623,4.864,0.575
2764,22.574,1.921,0.434
2765,4.973,4.479,0.476
2766,8.579,1.33,0.238
2767,23.585,2.37,0.77
2768,19.314,4.621,0.25
2769,2.21,2.197,0.745
2770,18.313,3.28,0.742
2771,9.564,1.53,0.047
2772,11.06,3.437,0.614
2773,28.632,0.637,0.52
2774,25.701,3.726,0.727
2775,28.242,0.903,0.497
2776,3.937,4.84,0.618
2777,17.869,2.301,0.024
2778,1.828,2.185,0.669
2779,17.89,1.373,0.941
2780,8.628,1.285,0.442
2781,2.793,4.612,0.538
2782,27.977,4.103,0.983
2783,20.374,4.473,0.672
2784,0.395,0.999,0.3
2785,24.162,3.204,0.891
2786,0.954,3.699,0.25
2787,25.727,4.187,0.887
2788,13.376,3.139,0.706
2789,5.599,1.822,0.375
2790,12.618,2.385,0.443
2791,17.61,1.172,0.876
2792,17.636,1.039,0.654
2793,6.555,0.506,0.785
2794,8.384,4.332,0.573
2795,3.265,1.848,0.054
2796,9.497,4.248,0.174
2797,6.159,1.947,0.893
2798,29.634,1.957,0.553
2799,0.247,4.606,0.265
2800,27.441,4.003,0.337
2801,12.448,2.478,0.78
2802,9.135,0.651,0.666
2803,1.661,3.636,0.389
2804,29.314,2.145,0.944
2805,27.243,1.775,0.1
2806,20.285,4.512,0.412
2807,15.713,2.574,0.705
2808,11.828,1.027,0.265
2809,3.342,4.5,0.531
2810,14.853,1.935,0.15
2811,9.26,3.653,0.625
2812,27.992,3.452,0.396
2813,25.541,3.168,0.392
2814,16.045,1.915,0.966
2815,18.779,4.432,0.317
2816,25.585,4.379,0.482
2817,29.439,2.271,0.453
2818,15.065,2.115,0.697
2819,18.481,2.624,0.638
2820,27.265,2.12,0.504
2821,23.219,1.43,0.802
2822,6.676,2.392,0.298
2823,15.419,1.668,0.322
2824,1.839,3.723,0.966
2825,21.653,4.957,0.316
2826,4.146,2.281,0.968
2827,26.869,1.754,0.765
2828,24.746,3.023,0.565
2829,24.558,4.631,0.496
2830,17.077,4.214,0.933
2831,20.946,3.529,0.074
2832,25.668,1.22,0.286
2833,14.601,4.821,0.339
2834,14.889,2.577,0.283
2835,15.239,0.878,0.145
2836,9.597,1.763,0.632
2837,7.176,2.089,0.624
2838,1.752,1.749,0.783
2839,5.377,2.727,0.825
2840,4.206,4.53,0.424
2841,17.11,0.739,0.78
2842,4.459,3.521,0.499
2843,9.37,1.383,0.902
2844,0.083,1.694,0.141
2845,20.46,3.268,0.69
2846,14.024,2.088,0.308
2847,4.545,2.655,0.94
2848,28.622,1.845,0.32
2849,10.893,1.814,0.684
2850,21.531,0.911,0.391
2851,21.348,3.422,0.623
2852,21.141,3.987,0.628
2853,23.05,4.062,0.982
2854,21.488,3.697,0.629
2855,9.767,3.541,0.166
2856,11.096,1.028,0.35
2857,11.511,2.641,0.662
2858,23.275,4.277,0.238
2859,9.677,3.124,0.514
2860,4.374,0.98,0.319
2861,8.983,0.564,0.043
2862,20.046,4.818,0.464
2863,22.642,4.136,0.296
2864,22.943,4.09,0.842
2865,16.607,1.408,0.006
2866,7.361,0.627,0.016
2867,20.979,3.535,0.783
2868,24.754,1.144,0.062
2869,7.121,4.183,0.509
2870,23.804,3.713,0.141
2871,28.317,1.997,0.545
2872,15.954,3.953,0.55
2873,3.227,1.973,0.057
2874,28.524,1.139,0.135
2875,29.603,2.798,0.737
2876,2.583,3.046,0.338
2877,13.66,3.905,0.708
2878,14.482,3.453,0.768
2879,11.862,3.61,0.973
2880,21.711,2.379,0.371
2881,22.904,2.106,0.775
2882,17.882,3.273,0.503
2883,10.227,3.335,0.83
2884,0.446,2.174,0.286
2885,10.405,2.271,0.003
2886,18.816,2.254,0.174
2887,4.344,3.215,0.079
2888,26.117,4.667,0.693
2889,7.532,3.804,0.9
2890,20.921,1.519,0.537
2891,8.468,2.713,0.966
2892,13.565,0.972,0.137
2893,17.485,4.408,0.176
2894,26.785,3.357,0.72
2895,10.507,3.582,0.636
2896,13.711,2.209,0.518
2897,2.371,2.489,0.327
2898,12.656,2.577,0.48
2899,8.146,0.952,0.395
2900,25.899,1.292,0.707
2901,11.651,1.502,0.334
2902,24.629,3.492,0.974
2903,26.32,1.489,0.237
2904,15.04,1.0,0.608
2905,21.647,2.914,0.186
2906,25.623,3.719,0.375
2907,27.539,2.36,0.73
2908,29.047,2.565,0.223
2909,21.327,1.37,0.034
2910,12.906,1.426,0.743
2911,16.216,4.406,0.308
2912,14.254,2.167,0.91
2913,12.548,0.559,0.65
2914,17.327,4.963,0.577
2915,28.68,0.931,0.159
2916,7.528,2.141,0.145
2917,28.991,0.659,0.656
2918,11.066,3.729,0.917
2919,17.428,0.612,0.47
2920,25.961,1.475,0.923
2921,18.631,2.541,0.585
2922,3.539,2.659,0.603
2923,8.408,1.002,0.742
2924,11.442,1.275,0.826
2925,24.895,4.139,0.489
2926,6.237,3.091,0.138
2927,11.295,3.028,0.758
2928,13.284,3.187,0.707
2929,6.389,1.669,0.552
2930,22.248,2.043,0.459
2931,28.065,4.078,0.88
2932,2.56,2.893,0.755
2933,22.242,3.673,0.624
2934,21.574,0.972,0.857
2935,21.898,4.838,0.478
2936,2.398,0.524,0.031
2937,12.783,2.205,0.725
2938,14.614,4.759,0.054
2939,26.594,1.028,0.395
2940,5.647,2.898,0.344
2941,5.12,1.785,0.183
2942,0.34,4.037,0.918
2943,1.226,3.206,0.859
2944,17.77,4.809,0.189
2945,27.469,3.971,0.395
2946,15.099,4.014,0.894
2947,6.258,3.288,0.248
2948,10.594,4.418,0.685
2949,10.284,2.338,0.814
2950,18.031,1.783,0.525
2951,13.092,4.019,0.139
2952,14.908,4.346,0.866
2953,14.358,4.545,0.841
2954,13.072,1.395,0.511
2955,15.583,2.167,0.787
2956,15.892,3.571,0.14
2957,24.945,3.595,0.152
2958,16.979,4.939,0.149
2959,19.024,2.31,0.359
2960,4.58,4.422,0.868
2961,18.701,0.645,0.686
2962,16.452,0.904,0.981
2963,20.03,2.869,0.816
2964,21.129,1.375,0.599
2965,22.347,2.951,0.64
2966,6.269,1.107,0.2
2967,17.241,3.083,0.869
2968,6.537,4.797,0.415
2969,26.062,2.762,0.211
2970,19.325,4.065,0.274
2971,2.61,3.577,0.452
2972,3.309,1.353,0.516
2973,15.365,4.861,0.001
2974,12.237,2.067,0.805
2975,20.815,1.342,0.02
2976,4.635,1.465,0.967
2977,0.782,4.692,0.851
2978,16.195,2.759,0.831
2979,15.995,4.419,0.7
2980,6.855,3.407,0.926
2981,0.188,3.984,0.171
2982,8.282,3.899,0.435
2983,25.454,2.493,0.02
2984,9.543,0.774,0.267
2985,10.039,4.171,0.958
2986,0.112,4.716,0.203
2987,13.158,2.32,0.598
2988,7.579,4.385,0.974
2989,23.716,1.986,0.928
2990,12.93,1.6,0.262
2991,8.33,3.178,0.081
2992,24.02,3.373,0.351
2993,14.072,1.096,0.768
2994,8.489,4.063,0.491
2995,6.058,3.367,0.573
2996,2.701,1.038,0.473
2997,21.648,4.425,0.773
2998,27.449,0.981,0.279
2999,11.655,4.417,0.806
3000,28.153,4.461,0.126
3001,21.017,2.992,0.4
3002,6.861,3.894,0.242
3003,3.772,1.442,0.299
3004,6.661,3.308,0.546
3005,9.816,0.533,0.948
3006,17.36,4.854,0.304
3007,24.261,1.683,0.722
3008,8.906,0.967,0.91
3009,26.281,0.616,0.049
3010,28.774,4.464,0.1
3011,9.807,2.839,0.718
3012,7.2,0.724,0.047
3013,7.636,2.042,0.776
3014,8.974,4.092,0.883
3015,23.898,4.72,0.668
3016,18.166,1.809,0.579
3017,17.19,1.767,0.699
3018,3.449,0.586,0.294
3019,5.956,2.428,0.023
3020,6.974,1.267,0.959
3021,29.007,4.878,0.351
3022,21.954,3.466,0.157
3023,21.103,1.831,0.09
3024,0.365,4.404,0.063
3025,0.664,1.701,0.562
3026,17.177,4.857,0.232
3027,6.189,1.58,0.728
3028,24.082,4.337,0.271
3029,5.652,0.847,0.835
3030,1.789,3.906,0.967
3031,25.388,0.676,0.317
3032,6.247,3.756,0.923
3033,22.081,1.215,0.118
3034,11.621,3.419,0.493
3035,18.016,4.036,0.615
3036,22.015,2.921,0.796
3037,3.263,0.887,0.235
3038,22.079,1.085,0.477
3039,18.187,4.936,0.875
3040,22.027,2.404,0.002
3041,11.474,4.271,0.987
3042,17.694,1.437,0.622
3043,26.519,2.471,0.076
3044,3.668,1.468,0.228
3045,27.544,3.0,0.462
3046,29.052,0.783,0.996
3047,23.734,3.366,0.464
3048,20.122,0.79,0.06
3049,15.822,2.674,0.785
3050,28.998,0.62,0.67
3051,21.229,3.273,0.388
3052,13.237,4.461,0.66
3053,29.973,3.916,0.401
3054,26.092,3.626,0.281
3055,2.391,1.585,0.86
3056,4.037,4.442,0.624
3057,2.349,2.264,0.829
3058,25.621,4.391,0.089
3059,2.038,1.629,0.76
3060,27.366,2.466,0.856
3061,21.866,2.259,0.441
3062,11.648,3.825,0.334
3063,10.029,1.843,0.308
3064,9.429,4.306,0.746
3065,15.258,3.351,0.341
3066,16.963,3.092,0.652
3067,10.129,1.609,0.281
3068,26.799,0.743,0.483
3069,11.125,2.149,0.892
3070,5.941,0.643,0.447
3071,15.639,1.355,0.735
3072,17.147,1.765,0.87
3073,24.092,4.818,0.462
3074,29.504,0.611,0.727
3075,29.808,3.74,0.274
3076,22.708,1.892,0.859
3077,20.112,1.818,0.963
3078,9.804,1.131,0.215
3079,11.922,3.685,0.465
3080,19.92,3.539,0.219
3081,24.553,1.625,0.676
3082,10.939,3.462,0.965
3083,29.548,4.976,0.055
3084,25.059,3.073,0.633
3085,29.132,2.448,0.307
3086,26.836,2.823,0.902
3087,17.202,2.34,0.676
3088,8.421,2.599,0.971
3089,11.248,3.891,0.68
3090,7.518,2.616,0.003
3091,17.081,1.318,0.568
3092,20.572,3.111,0.948
3093,28.9,3.421,0.182
3094,5.266,1.489,0.768
3095,18.138,4.292,0.93
3096,27.491,1.867,0.709
3097,24.642,3.435,0.697
3098,9.206,0.615,0.247
3099,15.043,2.7,0.961
3100,27.802,2.953,0.431
3101,6.263,4.221,0.402
3102,14.424,4.945,0.497
3103,5.442,0.635,0.811
3104,18.448,2.343,0.215
3105,12.919,0.707,0.871
3106,6.916,4.333,0.115
3107,7.788,3.26,0.035
3108,3.399,2.845,0.696
3109,21.403,1.377,0.886
3110,25.88,4.169,0.29
3111,1.866,3.411,0.761
3112,26.736,1.037,0.596
3113,11.286,4.454,0.159
3114,13.116,4.48,0.653
3115,0.423,3.799,0.592
3116,11.689,0.877,0.07
3117,15.415,3.511,0.275
3118,25.902,3.09,0.405
3119,15.217,1.118,0.065
3120,5.887,3.842,0.577
3121,6.796,3.638,0.446
3122,4.711,2.413,0.005
3123,10.631,3.402,0.709
3124,12.998,2.536,0.009
3125,19.244,2.055,0.933
3126,1.571,3.592,0.394
3127,10.012,2.447,0.189
3128,22.334,0.521,0.032
3129,5.163,3.089,0.165
3130,26.654,0.717,0.815
3131,25.991,3.386,0.713
3132,25.615,0.528,0.419
3133,4.307,3.29,0.249
3134,11.165,1.339,0.571
3135,12.472,2.936,0.949
3136,18.265,2.223,0.618
3137,19.045,2.031,0.397
3138,16.143,3.069,0.731
3139,1.083,2.438,0.661
3140,7.463,2.96,0.717
3141,8.368,4.052,0.78
3142,17.17,4.964,0.417
3143,11.811,4.112,0.052
3144,4.104,3.468,0.26
3145,11.352,0.762,0.013
3146,22.215,2.628,0.162
3147,23.669,1.526,0.144
3148,27.027,4.897,0.16
3149,13.049,1.941,0.997
3150,2.494,4.452,0.325
3151,8.347,4.304,0.423
3152,8.791,3.452,0.323
3153,27.968,4.022,0.768
3154,14.503,3.808,0.342
3155,10.596,4.751,0.443
3156,9.222,3.489,0.073
3157,14.264,4.258,0.446
3158,28.639,0.505,0.518
3159,26.607,1.549,0.973
3160,15.373,4.244,0.785
3161,23.66,2.79,0.002
3162,1.021,3.401,0.08
3163,26.588,2.665,0.558
3164,6.639,0.883,0.645
3165,16.993,0.904,0.305
3166,1.908,0.829,0.967
3167,7.977,4.337,0.513
3168,16.96,2.998,0.139
3169,28.747,2.314,0.457
3170,13.215,0.854,0.168
3171,22.832,0.765,0.689
3172,7.783,4.56,0.202
3173,9.103,2.562,0.939
3174,22.635,4.032,0.84
3175,6.162,4.266,0.545
3176,8.538,4.172,0.843
3177,7.828,3.814,0.495
3178,16.884,3.925,0.979
3179,10.367,3.508,0.571
3180,18.244,3.552,0.904
3181,22.467,4.847,0.517
3182,23.135,3.176,0.669
3183,13.925,1.889,0.107
3184,8.901,4.543,0.809
3185,4.066,3.513,0.042
3186,15.559,1.004,0.943
3187,4.478,2.836,0.554
3188,11.877,4.125,0.008
3189,12.525,3.276,0.711
3190,26.188,2.627,0.791
3191,3.803,4.188,0.768
3192,27.2,4.287,0.887
3193,29.781,1.151,0.296
3194,3.734,1.845,0.534
3195,6.669,4.612,0.966
3196,22.475,0.685,0.469
3197,4.031,4.326,0.259
3198,11.756,2.801,0.659
3199,23.091,1.573,0.871
3200,0.648,2.182,0.053
3201,18.378,3.59,0.782
3202,18.983,3.799,0.987
3203,25.644,3.995,0.833
3204,10.987,4.946,0.984
3205,13.254,0.96,0.506
3206,24.9,4.238,0.798
3207,25.823,4.752,0.826
3208,4.52,2.429,0.128
3209,22.296,3.892,0.894
3210,5.687,3.037,0.233
3211,7.493,0.511,0.157
3212,2.72,1.429,0.224
3213,17.886,2.657,0.895
3214,14.137,4.969,0.14
3215,11.797,1.097,0.681
3216,10.16,1.631,0.112
3217,15.003,1.376,0.918
3218,0.151,4.173,0.102
3219,20.619,3.609,0.641
3220,2.928,2.087,0.732
3221,0.485,2.41,0.561
3222,1.785,4.613,0.276
3223,2.423,4.71,0.62
3224,2.967,3.687,0.956
3225,27.73,3.202,0.019
3226,5.537,2.667,0.004
3227,24.68,2.172,0.526
3228,4.89,2.414,0.795
3229,29.704,3.37,0.248
3230,10.604,4.935,0.592
3231,18.496,4.025,0.654
3232,25.749,2.607,0.892
3233,15.19,3.828,0.479
3234,18.678,3.605,0.422
3235,12.99,1.661,0.027
3236,1.92,1.645,0.576
3237,27.644,1.596,0.937
3238,18.667,2.541,0.896
3239,2.148,1.828,0.211
3240,21.945,1.184,0.974
3241,27.686,0.592,0.328
3242,1.575,4.853,0.183
3243,13.401,4.493,0.081
3244,14.777,0.566,0.398
3245,1.006,3.184,0.197
3246,19.454,0.803,0.044
3247,15.442,3.957,0.077
3248,24.41,3.52,0.379
3249,16.049,2.397,0.084
3250,8.131,2.033,0.059
3251,20.799,0.59,0.235
3252,3.517,0.802,0.852
3253,10.141,4.416,0.679
3254,8.585,4.114,0.907
3255,2.896,4.731,0.425
3256,7.007,2.74,0.172
3257,23.019,4.068,0.717
3258,12.719,2.575,0.627
3259,14.559,4.067,0.208
3260,29.258,4.784,0.304
3261,28.547,1.446,0.048
3262,16.727,2.966,0.02
3263,23.369,0.804,0.213
3264,10.832,4.006,0.712
3265,3.722,4.265,0.677
3266,23.376,2.176,0.527
3267,21.759,1.151,0.562
3268,28.945,0.527,0.85
3269,19.219,2.185,0.582
3270,17.119,4.417,0.722
3271,2.445,4.537,0.264
3272,20.53,3.376,0.227
3273,9.717,4.731,0.584
3274,16.92,1.299,0.067
3275,28.042,1.329,0.312
3276,21.589,3.163,0.278
3277,15.13,2.637,0.86
3278,23.199,4.308,0.837
3279,3.665,2.008,0.156
3280,10.544,3.815,0.989
3281,3.985,3.974,0.928
3282,6.979,2.282,0.894
3283,17.23,1.504,0.3
3284,10.165,1.73,0.141
3285,4.447,0.626,0.025
3286,17.316,3.899,0.881
3287,10.589,1.61,0.016
3288,29.151,1.956,0.503
3289,19.475,2.194,0.021
3290,26.301,1.81,0.316
3291,27.928,1.173,0.142
3292,27.914,2.662,0.786
3293,24.101,4.916,0.621
3294,0.356,1.248,0.283
3295,14.856,4.336,0.908
3296,6.309,4.938,0.576
3297,16.528,4.838,0.708
3298,14.499,4.435,0.118
3299,6.922,1.213,0.51
3300,23.205,1.851,0.322
3301,17.259,4.922,0.891
3302,25.347,1.418,0.462
3303,23.162,2.393,0.161
3304,24.78,4.754,0.098
3305,9.314,3.536,0.392
3306,12.214,4.089,0.903
3307,23.857,4.706,0.628
3308,8.636,1.711,0.647
3309,11.132,4.009,0.177
3310,7.11,1.137,0.998
3311,15.188,1.106,0.361
3312,17.926,1.638,0.581
3313,11.917,0.756,0.449
3314,10.416,0.816,0.818
3315,16.114,4.933,0.374
3316,12.751,3.508,0.389
3317,14.932,1.651,0.301
3318,12.009,1.568,0.34
3319,17.576,2.967,0.425
3320,25.701,0.908,0.914
3321,8.559,4.184,0.398
3322,27.285,3.373,0.068
3323,27.155,3.438,0.562
3324,8.092,2.733,0.071
3325,27.528,0.823,0.296
3326,6.451,1.117,0.731
3327,29.797,0.843,0.184
3328,24.444,2.481,0.865
3329,29.664,0.857,0.656
3330,5.999,1.715,0.648
3331,28.805,3.649,0.125
3332,7.415,2.88,0.846
3333,15.078,3.21,0.992
3334,3.313,2.805,0.763
3335,2.033,0.669,0.433
3336,24.723,2.15,0.463
3337,9.431,4.371,0.136
3338,13.862,1.389,0.717
3339,27.076,2.339,0.098
3340,8.066,1.672,0.92
3341,17.537,1.044,0.756
3342,0.469,3.185,0.084
3343,29.999,2.687,0.409
3344,1.624,3.427,0.967
3345,5.13,4.871,0.968
3346,3.774,0.833,0.214
3347,18.772,3.714,0.383
3348,6.413,0.547,0.957
3349,28.85,3.651,0.95
3350,15.601,4.128,0.599
3351,27.91,1.263,0.45
3352,5.19,1.385,0.574
3353,10.371,2.998,0.371
3354,25.446,0.675,0.233
3355,13.186,4.483,0.249
3356,20.264,2.029,0.479
3357,22.641,1.045,0.132
3358,11.0,1.757,0.75
3359,23.907,3.184,0.572
3360,17.102,2.988,0.159
3361,23.464,4.865,0.563
3362,20.47,1.341,0.269
3363,2.733,2.928,0.552
3364,7.566,4.98,0.429
3365,21.721,1.525,0.451
3366,17.739,0.933,0.382
3367,5.771,2.104,0.349
3368,25.324,2.871,0.17
3369,4.561,3.864,0.852
3370,18.935,1.965,0.054
3371,5.768,3.356,0.495
3372,3.32,3.205,0.899
3373,29.832,2.75,0.195
3374,17.539,0.872,0.637
3375,16.982,2.908,0.389
3376,14.942,2.81,0.096
3377,7.665,2.771,0.059
3378,17.854,0.744,0.736
3379,26.773,1.78,0.412
3380,20.975,3.346,0.525
3381,13.622,0.918,0.109
3382,28.169,1.977,0.101
3383,3.692,1.54,0.342
3384,16.97,3.161,0.426
3385,18.821,1.857,0.323
3386,12.661,1.875,0.549
3387,11.541,1.277,0.566
3388,2.155,2.591,0.867
3389,2.08,4.73,0.007
3390,4.471,2.246,0.923
3391,24.183,3.626,0.685
3392,27.674,3.6,0.752
3393,22.537,1.501,0.565
3394,25.928,2.255,0.113
3395,25.022,3.812,0.923
3396,12.599,1.21,0.236
3397,19.865,0.728,0.727
3398,21.685,2.076,0.947
3399,13.194,3.888,0.776
3400,26.457,4.953,0.587
3401,15.98,4.986,0.142
3402,23.295,1.109,0.869
3403,16.651,1.063,0.527
3404,26.827,1.293,0.748
3405,10.838,4.858,0.96
3406,4.929,0.526,0.964
3407,17.607,1.51,0.471
3408,19.786,4.134,0.196
3409,12.482,1.66,0.598
3410,19.399,0.638,0.689
3411,25.183,2.193,0.914
3412,14.782,2.031,0.032
3413,25.858,1.776,0.201
3414,29.239,2.409,0.682
3415,13.111,4.072,0.104
3416,18.866,3.943,0.607
3417,13.023,0.86,0.029
3418,18.121,2.96,0.368
3419,2.503,3.696,0.182
3420,29.536,0.751,0.911
3421,25.3,3.877,0.582
3422,18.659,1.15,0.299
3423,16.829,3.702,0.7
3424,0.892,1.849,0.539
3425,16.558,4.86,0.248
3426,7.488,4.867,0.114
3427,7.141,4.63,0.775
3428,22.665,2.804,0.429
3429,11.477,2.476,0.033
3430,12.892,1.383,0.012
3431,13.161,3.457,0.088
3432,10.176,3.928,0.055
3433,8.05,1.679,0.865
3434,0.251,0.64,0.749
3435,3.507,1.566,0.356
3436,1.963,2.43,0.79
3437,7.904,2.422,0.516
3438,18.745,2.495,0.642
3439,21.165,2.266,0.43
3440,29.091,2.011,0.409
3441,7.401,1.276,0.034
3442,19.384,4.433,0.817
3443,22.449,0.705,0.418
3444,14.571,0.792,0.676
3445,8.913,2.071,0.888
3446,28.002,3.929,0.341
3447,16.868,0.975,0.925
3448,19.054,0.883,0.729
3449,14.769,0.891,0.845
3450,27.488,1.718,0.811
3451,4.799,4.746,0.056
3452,13.272,2.909,0.365
3453,0.513,3.105,0.438
3454,7.914,0.634,0.104
3455,12.246,3.012,0.121
3456,15.057,3.626,0.481
3457,19.268,2.031,0.654
3458,1.622,0.875,0.472
3459,5.782,4.874,0.443
3460,14.663,2.59,0.821
3461,16.486,1.521,0.919
3462,22.931,2.911,0.658
3463,11.073,1.035,0.329
3464,7.741,2.634,0.35
3465,0.991,2.524,0.872
3466,18.048,2.529,0.621
3467,10.126,3.818,0.945
3468,9.603,2.589,0.938
3469,16.864,0.983,0.994
3470,0.423,3.058,0.22
3471,29.716,0.933,0.485
3472,10.546,0.683,0.017
3473,11.017,4.841,0.87
3474,7.577,3.117,0.449
3475,18.834,2.565,0.832
3476,25.604,4.458,0.769
3477,8.855,3.757,0.178
3478,9.736,1.399,0.208
3479,14.053,4.987,0.915
3480,13.751,2.856,0.883
3481,2.918,0.672,0.675
3482,8.02,4.58,0.084
3483,5.872,3.145,0.259
3484,6.281,3.278,0.704
3485,14.535,3.144,0.826
3486,26.332,3.663,0.828
3487,12.8,1.847,0.861
3488,4.152,1.123,0.231
3489,0.724,4.002,0.544
3490,10.931,4.715,0.692
3491,1.876,1.023,0.929
3492,3.018,4.949,0.795
3493,8.725,4.028,0.792
3494,7.213,2.782,0.729
3495,17.183,3.141,0.806
3496,22.401,2.759,0.46
3497,4.094,4.643,0.195
3498,27.752,2.617,0.124
3499,26.616,4.174,0.055
3500,19.075,1.711,0.033
3501,27.383,1.18,0.682
3502,26.368,2.535,0.373
3503,12.807,1.753,0.445
3504,19.072,3.245,0.335
3505,17.013,3.087,0.025
3506,15.614,1.494,0.3
3507,15.459,3.007,0.668
3508,28.538,4.178,0.248
3509,21.219,4.909,0.237
3510,28.932,2.234,0.585
3511,6.195,4.111,0.778
3512,2.111,4.671,0.376
3513,29.117,4.624,0.789
3514,19.586,4.193,0.491
3515,9.192,3.028,0.698
3516,13.496,4.132,0.68
3517,8.926,4.649,0.325
3518,29.648,4.504,0.379
3519,7.427,0.821,0.15
3520,22.379,4.708,0.775
3521,18.522,1.852,0.209
3522,4.273,1.289,0.079
3523,21.794,4.343,0.877
3524,21.884,4.569,0.173
3525,5.506,4.48,0.635
3526,17.075,2.976,0.206
3527,28.133,1.869,0.737
3528,18.726,1.608,0.002
3529,2.529,2.466,0.75
3530,13.396,4.644,0.056
3531,14.804,3.177,0.491
3532,17.952,2.536,0.028
3533,5.463,2.348,0.181
3534,29.411,1.87,0.221
3535,23.985,4.476,0.447
3536,5.275,1.906,0.516
3537,15.767,0.597,0.279
3538,24.069,1.646,0.789
3539,2.474,1.761,0.713
3540,0.343,2.013,0.573
3541,21.193,3.677,0.201
3542,14.988,3.112,0.325
3543,18.868,2.111,0.058
3544,0.948,2.882,0.663
3545,15.282,4.977,0.213
3546,26.608,4.492,0.647
3547,10.444,2.186,0.571
3548,7.17,0.629,0.439
3549,20.977,3.2,0.35
3550,1.441,0.687,0.225
3551,19.792,0.814,0.507
3552,25.607,2.483,0.911
3553,7.089,3.494,0.121
3554,25.592,4.302,0.581
3555,1.365,3.136,0.671
3556,10.063,1.647,0.287
3557,14.832,4.76,0.259
3558,11.351,1.362,0.881
3559,29.006,4.072,0.734
3560,7.326,1.317,0.188
3561,21.204,0.724,0.537
3562,19.335,1.665,0.723
3563,2.524,3.131,0.453
3564,9.999,1.067,0.964
3565,20.311,2.746,0.508
3566,8.988,3.476,0.085
3567,9.375,1.609,0.989
3568,10.389,0.916,0.785
3569,3.394,1.869,0.176
3570,23.09,3.114,0.774
3571,4.128,2.016,0.611
3572,16.795,0.579,0.604
3573,14.446,4.616,0.605
3574,19.274,4.654,0.787
3575,29.981,2.024,0.622
3576,29.576,2.808,0.645
3577,28.778,4.051,0.276
3578,25.594,4.831,0.488
3579,5.511,0.587,0.188
3580,24.566,2.726,0.022
3581,18.147,3.362,0.214
3582,21.576,3.02,0.997
3583,20.275,3.244,0.928
3584,4.011,1.324,0.651
3585,3.144,4.744,0.522
3586,24.278,4.544,0.276
3587,29.29,3.723,0.543
3588,2.512,1.828,0.152
3589,18.132,2.944,0.478
3590,17.278,4.503,0.652
3591,8.479,0.649,0.438
3592,12.277,1.006,0.062
3593,23.439,2.708,0.078
3594,7.857,1.735,0.601
3595,23.969,2.027,0.471
3596,6.272,2.698,0.31
3597,14.536,1.403,0.051
3598,26.249,0.538,0.833
3599,27.504,3.556,0.632
3600,8.055,4.839,0.904
3601,0.97,3.087,0.54
3602,18.609,3.417,0.407
3603,24.526,2.222,0.225
3604,20.788,2.314,0.057
3605,26.183,2.491,0.173
3606,11.382,0.653,0.816
3607,1.717,0.866,0.239
3608,6.085,3.257,0.246
3609,28.649,4.278,0.996
3610,0.92,3.24,0.342
3611,8.665,3.495,0.851
3612,28.984,0.591,0.746
3613,3.568,0.884,0.544
3614,4.415,0.756,0.128
3615,27.399,1.793,0.062
3616,1.922,3.306,0.124
3617,6.061,0.928,0.925
3618,18.039,1.115,0.403
3619,24.648,0.832,0.997
3620,27.324,4.845,0.311
3621,27.624,2.809,0.641
3622,23.515,1.314,0.761
3623,29.92,3.377,0.069
3624,6.449,1.884,0.496
3625,4.191,2.297,0.445
3626,11.59,4.225,0.173
3627,23.882,4.697,0.616
3628,13.783,0.752,0.788
3629,13.118,4.726,0.488
3630,1.995,2.761,0.734
3631,16.071,3.561,0.992
3632,13.714,4.58,0.127
3633,11.686,4.224,0.921
3634,21.916,4.457,0.433
3635,7.919,4.313,0.053
3636,1.505,1.34,0.338
3637,15.073,2.723,0.77
3638,2.127,4.791,0.296
3639,23.108,1.97,0.339
3640,15.063,0.645,0.087
3641,23.459,4.027,0.807
3642,24.063,3.88,0.571
3643,2.448,2.096,0.399
3644,8.442,1.923,0.677
3645,3.887,4.701,0.839
3646,12.614,4.561,0.378
3647,19.906,2.906,0.226
3648,17.572,3.189,0.76
3649,10.484,3.126,0.301
3650,22.395,2.367,0.041
3651,10.296,1.086,0.003
3652,6.643,4.464,0.333
3653,14.575,3.417,0.047
3654,10.701,4.48,0.659
3655,5.612,1.036,0.343
3656,5.084,2.006,0.437
3657,12.87,2.106,0.837
3658,2.097,3.024,0.748
3659,29.042,2.425,0.842
3660,8.645,1.296,0.137
3661,18.686,3.446,0.088
3662,1.177,0.799,0.416
3663,14.014,1.872,0.387
3664,14.23,2.796,0.602
3665,7.262,0.793,0.267
3666,20.951,3.839,0.852
3667,29.977,1.369,0.444
3668,3.121,1.407,0.416
3669,17.099,2.108,0.028
3670,29.056,2.555,0.783
3671,4.0,4.236,0.292
3672,26.903,4.248,0.327
3673,5.912,3.243,0.814
3674,29.06,2.979,0.415
3675,0.397,3.039,0.999
3676,26.753,4.282,0.956
3677,25.733,3.421,0.647
3678,24.744,1.364,0.193
3679,8.643,1.111,0.915
3680,18.76,4.341,0.105
3681,26.951,4.894,0.353
3682,14.549,2.73,0.905
3683,8.036,2.233,0.706
3684,10.947,1.514,0.744
3685,18.443,1.043,0.24
3686,17.512,0.958,0.481
3687,17.653,3.787,0.948
3688,26.191,3.138,0.5
3689,1.914,3.604,0.894
3690,18.255,1.002,0.212
3691,2.996,4.717,0.661
3692,2.641,1.809,0.142
3693,14.587,2.589,0.013
3694,3.737,0.849,0.051
3695,10.781,2.091,0.204
3696,5.568,4.072,0.52
3697,3.611,3.394,0.004
3698,16.088,0.658,0.007
3699,2.825,0.662,0.338
3700,7.766,3.958,0.267
3701,27.792,3.749,0.239
3702,11.887,3.261,0.56
3703,24.365,3.694,0.592
3704,3.324,1.566,0.843
3705,1.531,2.973,0.117
3706,9.228,2.937,0.922
3707,2.943,1.416,0.849
3708,4.25,3.096,0.545
3709,8.15,4.214,0.099
3710,22.258,1.44,0.958
3711,20.296,2.145,0.023
3712,18.247,0.871,0.214
3713,29.93,3.623,0.263
3714,24.123,4.079,0.085
3715,14.203,0.581,0.411
3716,29.915,2.169,0.398
3717,25.045,1.805,0.741
3718,0.067,1.257,0.704
3719,17.682,3.073,0.839
3720,7.066,0.973,0.533
3721,5.546,1.185,0.58
3722,2.132,3.403,0.841
3723,15.49,1.845,0.719
3724,6.908,3.104,0.587
3725,3.229,4.846,0.145
3726,23.454,3.025,0.035
3727,20.542,3.951,0.164
3728,15.644,2.945,0.306
3729,4.395,2.239,0.323
3730,14.494,3.635,0.297
3731,28.292,1.057,0.871
3732,12.177,3.704,0.574
3733,7.397,1.509,0.131
3734,6.872,4.405,0.332
3735,3.011,2.144,0.975
3736,26.562,4.969,0.55
3737,13.006,2.242,0.161
3738,28.708,3.023,0.437
3739,20.735,4.77,0.841
3740,13.327,4.615,0.913
3741,10.197,3.519,0.65
3742,27.012,2.387,0.724
3743,14.545,4.03,0.192
3744,28.104,4.826,0.343
3745,13.777,3.207,0.842
3746,25.375,2.335,0.925
3747,21.521,2.91,0.498
3748,4.163,2.463,0.583
3749,3.796,4.232,0.144
3750,8.732,4.543,0.968
3751,4.242,4.962,0.952
3752,0.215,2.995,0.676
3753,10.757,1.52,0.946
3754,15.919,2.791,0.19
3755,19.54,4.914,0.643
3756,16.224,2.894,0.322
3757,3.039,0.503,0.768
3758,1.836,1.253,0.842
3759,10.612,1.954,0.299
3760,12.085,4.259,0.219
3761,19.914,1.953,0.552
3762,8.117,4.251,0.964
3763,17.661,2.476,0.281
3764,22.316,1.426,0.728
3765,3.871,4.629,0.591
3766,4.586,1.864,0.211
3767,15.319,2.368,0.847
3768,3.179,2.866,0.358
3769,6.9,1.866,0.512
3770,16.69,2.211,0.496
3771,7.289,0.911,0.695
3772,8.338,1.577,0.209
3773,4.945,4.022,0.098
3774,8.965,4.918,0.302
3775,5.865,0.558,0.82
3776,29.764,1.823,0.12
3777,21.4,2.611,0.805
3778,25.116,4.687,0.931
3779,6.925,2.907,0.723
3780,23.347,3.36,0.22
3781,4.653,4.403,0.139
3782,2.219,4.977,0.424
3783,25.043,3.49,0.648
3784,22.193,0.784,0.882
3785,23.208,1.682,0.216
3786,29.817,4.813,0.873
3787,21.611,2.035,0.737
3788,21.669,0.862,0.12
3789,11.215,3.194,0.675
3790,21.778,4.956,0.189
3791,11.316,3.455,0.742
3792,8.622,2.248,0.239
3793,11.041,2.57,0.56
3794,8.107,4.436,0.731
3795,21.888,3.118,0.788
3796,2.327,3.784,0.673
3797,18.074,2.226,0.483
3798,16.204,2.401,0.019
3799,29.668,4.57,0.434
3800,29.324,1.332,0.79
3801,18.304,1.507,0.353
3802,7.96,2.253,0.331
3803,5.99,4.764,0.028
3804,13.294,3.174,0.578
3805,5.47,3.856,0.58
3806,20.592,4.769,0.347
3807,13.499,1.557,0.965
3808,3.508,4.239,0.482
3809,27.533,4.374,0.395
3810,4.616,4.126,0.679
3811,23.564,3.298,0.334
3812,11.074,1.566,0.364
3813,17.707,3.441,0.421
3814,7.511,4.761,0.767
3815,8.672,2.187,0.654
3816,13.542,3.284,0.069
3817,22.883,0.854,0.238
3818,17.483,1.262,0.664
3819,27.617,1.751,0.208
3820,6.443,3.66,0.926
3821,8.002,4.692,0.271
3822,6.217,4.134,0.376
3823,9.388,4.269,0.144
3824,25.715,3.92,0.636
3825,7.595,1.295,0.345
3826,14.003,3.484,0.98
3827,17.571,4.303,0.48
3828,21.009,1.117,0.543
3829,25.012,0.666,0.282
3830,5.961,2.438,0.361
3831,5.294,2.774,0.591
3832,28.761,3.287,0.909
3833,29.951,0.919,0.796
3834,4.22,3.634,0.279
3835,25.214,3.756,0.267
3836,4.137,4.558,0.09
3837,26.663,1.272,0.621
3838,3.261,2.834,0.955
3839,15.782,0.82,0.216
3840,5.535,1.08,0.91
3841,4.058,0.789,0.176
3842,15.574,4.319,0.039
3843,21.925,2.139,0.023
3844,7.162,2.027,0.162
3845,12.639,4.081,0.841
3846,14.331,3.934,0.922
3847,24.703,3.499,0.814
3848,27.33,4.048,0.359
3849,21.68,3.045,0.365
3850,7.922,3.817,0.971
3851,26.068,3.465,0.252
3852,5.384,0.575,0.253
3853,22.472,1.321,0.581
3854,27.924,1.165,0.037
3855,1.851,4.459,0.791
3856,29.463,4.869,0.109
3857,2.078,3.802,0.854
3858,0.776,2.537,0.576
3859,24.165,3.565,0.988
3860,4.334,4.649,0.785
3861,2.716,1.176,0.622
3862,2.207,3.273,0.251
3863,11.386,2.578,0.026
3864,16.47,2.277,0.943
3865,5.003,4.472,0.057
3866,9.968,2.557,0.198
3867,12.31,1.6,0.192
3868,7.292,1.327,0.686
3869,8.826,4.758,0.965
3870,3.089,4.548,0.385
3871,3.708,3.043,0.255
3872,3.258,0.593,0.389
3873,23.504,2.875,0.145
3874,3.6,2.307,0.223
3875,20.702,1.298,0.574
3876,1.313,2.82,0.529
3877,25.382,0.865,0.19
3878,17.755,4.897,0.608
3879,27.054,0.507,0.998
3880,8.152,3.341,0.222
3881,12.41,4.713,0.851
3882,14.302,3.614,0.173
3883,24.029,2.621,0.306
3884,17.265,4.531,0.585
3885,12.954,0.942,0.767
3886,1.393,1.838,0.917
3887,20.3,2.5,0.19
3888,15.629,3.585,0.973
3889,28.202,4.801,0.19
3890,11.108,4.095,0.883
3891,22.912,3.543,0.32
3892,13.676,3.826,0.96
3893,17.923,2.066,0.087
3894,8.655,4.341,0.783
3895,7.34,3.39,0.197
3896,24.983,2.85,0.963
3897,7.429,4.111,0.888
3898,27.695,2.676,0.933
3899,9.337,0.855,0.841
3900,27.132,2.502,0.546
3901,2.458,2.699,0.24
3902,4.403,1.155,0.797
3903,18.953,3.48,0.476
3904,9.697,1.84,0.688
3905,5.625,4.685,0.908
3906,25.433,3.53,0.53
3907,29.027,1.889,0.66
3908,23.674,4.252,0.349
3909,0.669,2.656,0.435
3910,0.488,0.825,0.432
3911,13.101,0.79,0.824
3912,4.593,4.537,0.542
3913,1.147,4.974,0.676
3914,9.047,3.939,0.995
3915,13.673,4.956,0.691
3916,14.706,2.474,0.182
3917,3.809,1.185,0.741
3918,7.419,2.913,0.645
3919,20.377,2.032,0.664
3920,22.95,3.03,0.651
3921,23.473,4.809,0.545
3922,0.324,1.021,0.879
3923,16.635,4.52,0.902
3924,13.719,4.772,0.806
3925,8.024,2.643,0.721
3926,11.223,3.43,0.893
3927,3.88,1.29,0.028
3928,21.246,1.85,0.652
3929,12.343,0.53,0.422
3930,14.37,3.36,0.118
3931,13.511,4.325,0.978
3932,20.534,4.217,0.833
3933,10.619,0.641,0.641
3934,18.128,2.095,0.061
3935,16.843,4.081,0.048
3936,10.351,4.35,0.956
3937,1.648,1.081,0.477
3938,14.598,4.427,0.953
3939,17.505,2.345,0.007
3940,7.294,4.849,0.188
3941,7.938,2.842,0.617
3942,26.805,3.352,0.366
3943,26.747,4.993,0.561
3944,0.608,3.27,0.231
3945,25.231,4.489,0.04
3946,8.169,3.645,0.494
3947,11.432,2.489,0.654
3948,21.294,1.2,0.195
3949,17.691,3.44,0.383
3950,12.557,4.979,0.877
3951,14.306,1.26,0.898
3952,2.937,0.678,0.792
3953,6.482,2.531,0.101
3954,1.819,4.176,0.243
3955,3.84,3.156,0.002
3956,1.368,3.121,0.306
3957,25.435,3.506,0.381
3958,23.7,4.586,0.782
3959,6.147,4.819,0.929
3960,6.785,2.378,0.769
3961,20.508,1.921,0.627
3962,24.605,1.106,0.525
3963,26.949,1.462,0.082
3964,6.933,4.445,0.808
3965,23.19,1.837,0.92
3966,3.801,4.985,0.064
3967,11.496,4.564,0.068
3968,23.375,3.902,0.766
3969,29.188,2.518,0.491
3970,20.172,4.034,0.802
3971,11.948,4.399,0.396
3972,26.014,3.236,0.563
3973,19.397,1.674,0.66
3974,16.231,2.213,0.959
3975,10.132,1.813,0.521
3976,27.788,4.92,0.754
3977,14.042,4.281,0.544
3978,29.081,2.511,0.146
3979,7.754,1.239,0.997
3980,23.772,1.408,0.324
3981,7.863,3.789,0.075
3982,9.04,4.668,0.568
3983,4.284,4.634,0.044
3984,27.78,4.401,0.574
3985,23.548,2.664,0.161
3986,18.143,2.742,0.864
3987,29.604,0.934,0.511
3988,7.755,2.9,0.093
3989,4.259,2.568,0.11
3990,3.484,2.585,0.899
3991,28.365,1.997,0.934
3992,12.525,0.836,0.831
3993,27.556,2.831,0.053
3994,23.11,2.017,0.569
3995,6.828,2.689,0.482
3996,22.323,1.753,0.9
3997,2.025,0.608,0.16
3998,0.939,4.134,0.307
3999,4.356,3.441,0.654
4000,1.387,2.778,0.54
4001,1.21,2.209,0.091
4002,24.056,3.67,0.011
4003,23.343,4.633,0.543
4004,17.348,2.542,0.787
4005,24.49,1.351,0.719
4006,23.013,3.984,0.592
4007,16.438,2.705,0.448
4008,1.355,4.745,0.471
4009,2.854,4.836,0.358
4010,21.48,2.725,0.097
4011,29.847,4.026,0.739
4012,29.493,1.86,0.149
4013,11.945,0.657,0.798
4014,24.973,3.821,0.364
4015,2.003,0.599,0.255
4016,0.962,2.653,0.326
4017,19.881,3.23,0.337
4018,17.172,4.373,0.232
4019,12.879,1.823,0.345
4020,18.915,1.464,0.649
4021,27.605,0.58,0.132
4022,22.112,1.077,0.772
4023,12.496,4.874,0.343
4024,17.154,1.936,0.146
4025,20.197,2.244,0.95
4026,5.985,3.332,0.641
4027,14.079,2.974,0.552
4028,17.389,2.614,0.907
4029,6.289,1.402,0.782
4030,29.36,4.052,0.506
4031,2.832,2.687,0.308
4032,6.461,2.786,0.525
4033,17.383,1.369,0.989
4034,26.98,0.7,0.426
4035,15.811,0.87,0.967
4036,9.853,4.79,0.612
4037,18.441,4.784,0.321
4038,27.919,1.827,0.704
4039,6.72,4.597,0.565
4040,20.449,1.072,0.263
4041,15.314,1.304,0.333
4042,8.172,3.304,0.904
4043,15.437,3.904,0.582
4044,1.251,2.543,0.619
4045,0.789,3.114,0.236
4046,5.223,4.269,0.731
4047,20.12,1.397,0.637
4048,6.591,2.243,0.747
4049,28.603,4.892,0.748
4050,3.543,3.049,0.624
4051,21.466,2.298,0.052
4052,12.76,1.619,0.267
4053,11.328,3.308,0.275
4054,26.688,0.92,0.724
4055,20.484,1.907,0.046
4056,21.411,2.957,0.546
4057,0.412,2.443,0.369
4058,27.925,2.383,0.807
4059,15.773,1.836,0.001
4060,0.062,3.422,0.899
4061,3.844,4.684,0.062
4062,22.808,0.711,0.151
4063,23.364,4.203,0.794
4064,10.767,4.389,0.414
4065,5.66,2.872,0.737
4066,7.313,3.643,0.295
4067,15.859,1.289,0.256
4068,13.411,1.32,0.948
4069,8.681,1.781,0.73
4070,29.891,2.626,0.479
4071,20.876,4.534,0.744
4072,15.693,3.843,0.039
4073,7.308,4.82,0.554
4074,13.464,3.374,0.279
4075,20.438,1.755,0.299
4076,3.536,3.042,0.188
4077,19.797,1.108,0.833
4078,29.155,2.48,0.796
4079,1.087,3.393,0.703
4080,10.427,3.939,0.227
4081,18.112,1.67,0.026
4082,0.581,2.631,0.716
4083,25.577,4.271,0.439
4084,22.89,1.334,0.653
4085,13.876,0.834,0.735
4086,11.506,3.477,0.482
4087,15.259,3.882,0.409
4088,8.389,4.295,0.133
4089,28.617,0.69,0.408
4090,15.081,3.272,0.609
4091,0.304,4.85,0.83
4092,27.339,4.899,0.402
4093,29.589,3.082,0.739
4094,27.823,3.659,0.488
4095,5.963,3.416,0.688
4096,9.612,3.94,0.278
4097,6.019,3.242,0.513
4098,27.973,1.058,0.46
4099,22.268,3.885,0.48
4100,6.076,2.899,0.001
4101,21.733,4.142,0.179
4102,7.0,1.649,0.778
4103,14.047,1.102,0.131
4104,25.255,3.403,0.614
4105,27.153,4.187,0.423
4106,24.28,4.641,0.41
4107,9.028,4.716,0.431
4108,21.481,3.652,0.577
4109,15.404,4.236,0.765
4110,10.453,1.715,0.798
4111,24.822,0.562,0.472
4112,6.875,1.389,0.206
4113,5.855,4.483,0.524
4114,2.064,4.438,0.276
4115,6.597,4.202,0.699
4116,29.904,3.755,0.419
4117,11.08,1.615,0.519
4118,27.418,2.299,0.828
4119,17.841,3.095,0.633
4120,12.372,1.252,0.74
4121,7.599,1.49,0.214
4122,15.501,3.097,0.356
4123,15.726,0.674,0.999
4124,28.784,4.588,0.57
4125,22.649,2.03,0.015
4126,19.658,0.815,0.808
4127,27.946,4.137,0.234
4128,11.482,1.396,0.966
4129,1.7,4.835,0.094
4130,1.038,2.306,0.634
4131,8.144,4.416,0.166
4132,0.138,1.208,0.355
4133,14.094,2.309,0.291
4134,21.133,3.325,0.671
4135,2.842,2.566,0.129
4136,18.172,4.454,0.962
4137,26.569,4.023,0.567
4138,24.315,1.241,0.298
4139,14.14,0.573,0.437
4140,10.758,3.048,0.912
4141,0.14,3.961,0.913
4142,5.476,4.423,0.987
4143,14.213,3.379,0.687
4144,15.124,1.494,0.344
4145,16.541,4.321,0.854
4146,20.984,2.458,0.784
4147,0.583,1.696,0.173
4148,15.288,1.993,0.639
4149,29.271,3.323,0.549
4150,16.135,1.424,0.104
4151,4.181,3.019,0.34
4152,2.963,2.623,0.236
4153,9.928,1.633,0.733
4154,28.37,3.447,0.941
4155,20.472,2.853,0.555
4156,11.197,0.515,0.071
4157,12.812,0.607,0.777
4158,5.345,3.383,0.33
4159,0.407,0.897,0.405
4160,20.831,1.123,0.749
4161,24.219,1.218,0.205
4162,24.383,2.963,0.814
4163,0.715,2.021,0.975
4164,10.205,4.784,0.149
4165,29.868,4.373,0.395
4166,20.581,3.813,0.89
4167,4.116,2.899,0.038
4168,21.802,1.436,0.587
4169,18.859,1.56,0.974
4170,9.049,3.201,0.038
4171,9.287,3.492,0.158
4172,3.606,1.753,0.516
4173,27.344,4.934,0.025
4174,20.091,0.522,0.19
4175,1.886,0.963,0.817
4176,13.201,3.831,0.137
4177,20.867,1.356,0.748
4178,13.137,3.309,0.467
4179,3.623,1.336,0.023
4180,29.364,3.408,0.922
4181,24.991,2.376,0.373
4182,13.921,2.099,0.246
4183,7.495,1.445,0.714
4184,11.374,1.007,0.606
4185,19.276,4.273,0.844
4186,19.151,4.161,0.605
4187,15.467,4.743,0.49
4188,22.723,2.695,0.576
4189,6.303,1.151,0.619
4190,8.75,3.695,0.576
4191,0.02,0.559,0.827
4192,29.722,4.227,0.047
4193,25.307,2.348,0.807
4194,12.402,4.342,0.614
4195,0.076,1.834,0.256
4196,7.699,1.103,0.552
4197,28.588,2.092,0.088
4198,21.853,4.836,0.326
4199,18.292,1.476,0.644
4200,0.922,1.451,0.962
4201,26.137,3.669,0.662
4202,28.287,0.685,0.803
4203,15.607,3.042,0.722
4204,12.244,4.773,0.659
4205,10.342,4.253,0.179
4206,11.105,2.856,0.459
4207,0.907,3.41,0.251
4208,0.474,1.855,0.786
4209,17.221,4.666,0.938
4210,27.554,3.003,0.882
4211,12.356,2.699,0.41
4212,27.257,3.266,0.412
4213,21.45,3.705,0.061
4214,29.07,1.04,0.009
4215,9.228,1.205,0.23
4216,10.08,1.233,0.914
4217,25.635,1.159,0.095
4218,6.102,4.606,0.099
4219,18.971,3.932,0.855
4220,20.225,0.636,0.251
4221,20.457,0.806,0.724
4222,13.019,2.596,0.88
4223,21.435,2.772,0.354
4224,0.005,2.656,0.003
4225,23.487,2.408,0.26
4226,2.332,4.429,0.879
4227,9.586,0.822,0.51
4228,9.723,2.51,0.448
4229,28.889,0.793,0.272
4230,20.27,1.891,0.284
4231,23.599,1.995,0.946
4232,10.389,1.886,0.376
4233,26.259,3.252,0.718
4234,20.055,1.933,0.959
4235,15.652,4.073,0.28
4236,13.689,4.633,0.51
4237,22.698,4.491,0.237
4238,4.482,3.525,0.588
4239,20.002,2.33,0.547
4240,12.732,3.549,0.603
4241,6.652,0.6,0.204
4242,28.091,3.534,0.157
4243,28.623,0.577,0.915
4244,6.284,2.799,0.359
4245,13.373,1.461,0.873
4246,16.852,4.901,0.222
4247,19.835,1.209,0.846
4248,12.95,3.143,0.802
4249,13.789,1.55,0.101
4250,16.747,0.605,0.327
4251,15.488,1.388,0.217
4252,25.944,3.584,0.499
4253,12.535,4.123,0.73
4254,26.809,3.102,0.405
4255,2.721,2.494,0.26
4256,16.876,1.282,0.599
4257,23.323,1.804,0.69
4258,26.62,1.254,0.063
4259,23.339,1.265,0.23
4260,8.299,3.449,0.266
4261,29.345,4.674,0.534
4262,29.885,2.635,0.368
4263,23.73,4.803,0.328
4264,9.575,1.792,0.363
4265,2.159,2.28,0.961
4266,5.426,4.241,0.115
4267,29.356,4.113,0.228
4268,29.089,0.84,0.477
4269,28.45,0.921,0.235
4270,17.992,3.316,0.944
4271,3.647,1.276,0.466
4272,6.392,3.456,0.347
4273,22.464,2.254,0.181
4274,17.896,3.031,0.406
4275,5.044,4.293,0.23
4276,5.833,1.73,0.481
4277,0.895,3.821,0.714
4278,19.522,3.035,0.382
4279,23.398,4.81,0.485
4280,0.457,1.117,0.571
4281,13.668,2.556,0.469
4282,19.536,2.894,0.91
4283,5.43,1.645,0.751
4284,14.739,4.329,0.28
4285,10.644,4.911,0.687
4286,12.974,3.188,0.045
4287,13.679,4.317,0.433
4288,1.677,4.571,0.209
4289,18.922,1.551,0.32
4290,24.922,4.681,0.842
4291,9.106,4.248,0.057
4292,6.894,1.251,0.08
4293,18.64,2.685,0.013
4294,23.052,3.607,0.932
4295,8.812,0.617,0.974
4296,19.94,2.522,0.666
4297,14.405,1.009,0.461
4298,26.151,2.744,0.505
4299,25.249,3.181,0.915
4300,21.583,0.943,0.198
4301,26.161,2.718,0.397
4302,26.906,2.864,0.691
4303,22.921,3.15,0.203
4304,26.831,3.507,0.184
4305,20.084,1.624,0.099
4306,10.586,2.1,0.12
4307,9.823,0.63,0.294
4308,11.913,0.52,0.384
4309,21.427,0.57,0.462
4310,10.061,2.346,0.694
4311,15.196,4.483,0.367
4312,2.177,3.083,0.699
4313,12.594,4.825,0.837
4314,23.406,2.218,0.849
4315,22.811,4.495,0.927
4316,1.538,0.704,0.342
4317,7.458,2.111,0.2
4318,5.92,3.654,0.585
4319,12.801,0.679,0.969
4320,11.53,3.287,0.017
4321,4.069,4.209,0.994
4322,0.031,3.816,0.923
4323,24.215,4.417,0.601
4324,20.583,2.545,0.627
4325,8.804,0.535,0.892
4326,10.566,2.746,0.866
4327,28.584,2.819,0.646
4328,4.088,3.137,0.603
4329,26.792,3.001,0.783
4330,8.292,3.055,0.313
4331,7.83,3.154,0.88
4332,2.873,1.648,0.927
4333,9.871,2.423,0.249
4334,27.158,3.677,0.144
4335,10.881,1.158,0.496
4336,24.954,4.703,0.378
4337,12.421,2.456,0.941
4338,5.216,1.659,0.75
4339,10.835,1.28,0.055
4340,28.785,2.012,0.635
4341,9.788,0.97,0.422
4342,2.638,1.854,0.209
4343,11.156,0.557,0.38
4344,28.454,4.056,0.699
4345,27.411,2.517,0.107
4346,27.181,2.074,0.666
4347,4.269,3.556,0.163
4348,3.2,1.971,0.143
4349,1.134,4.111,0.794
4350,5.318,2.346,0.128
4351,27.029,4.869,0.62
4352,17.122,4.783,0.604
4353,13.775,1.655,0.835
4354,29.81,4.627,0.404
4355,9.798,2.863,0.488
4356,12.206,1.197,0.442
4357,27.954,4.664,0.529
4358,22.031,1.709,0.218
4359,28.025,1.888,0.02
4360,21.851,1.67,0.197
4361,25.518,3.483,0.065
4362,14.643,2.638,0.496
4363,29.651,1.346,0.059
4364,25.166,0.815,0.185
4365,12.704,1.563,0.995
4366,7.63,1.166,0.78
4367,1.868,0.668,0.993
4368,7.508,1.153,0.538
4369,21.349,3.347,0.855
4370,9.272,4.302,0.332
4371,9.751,1.274,0.255
4372,9.073,4.349,0.053
4373,7.412,1.674,0.655
4374,0.877,2.876,0.955
4375,4.705,4.936,0.953
4376,1.198,1.838,0.639
4377,15.479,2.281,0.552
4378,12.464,2.081,0.967
4379,13.749,4.713,0.742
4380,5.139,0.675,0.881
4381,24.562,4.041,0.464
4382,24.241,3.56,0.056
4383,17.632,1.286,0.447
4384,12.665,1.483,0.392
4385,19.251,1.496,0.828
4386,17.306,3.858,0.685
4387,5.908,3.563,0.318
4388,27.443,3.487,0.517
4389,2.334,0.898,0.355
4390,27.96,0.851,0.872
4391,19.615,4.741,0.084
4392,20.137,0.992,0.406
4393,23.653,2.573,0.53
4394,2.684,2.997,0.287
4395,0.035,4.334,0.332
4396,14.426,4.69,0.148
4397,19.279,4.149,0.978
4398,23.099,1.114,0.97
4399,6.787,4.091,0.794
4400,9.362,4.394,0.418
4401,9.797,4.822,0.421
4402,13.27,1.802,0.026
4403,19.373,2.459,0.021
4404,20.935,4.517,0.963
4405,16.941,2.486,0.862
4406,25.367,3.056,0.347
4407,5.115,2.98,0.736
4408,23.908,0.904,0.453
4409,14.343,4.229,0.006
4410,26.001,1.72,0.101
4411,26.03,0.948,0.291
4412,14.241,2.258,0.824
4413,19.908,3.681,0.519
4414,2.972,1.975,0.605
4415,5.194,4.339,0.435
4416,28.483,1.918,0.862
4417,13.427,2.352,0.432
4418,5.356,4.448,0.173
4419,24.637,0.507,0.9
4420,26.535,3.069,0.557
4421,24.543,1.755,0.925
4422,21.5,3.64,0.604
4423,7.125,3.904,0.352
4424,25.742,2.946,0.884
4425,23.543,0.907,0.607
4426,11.464,2.154,0.303
4427,2.048,0.772,0.597
4428,24.904,2.991,0.004
4429,11.914,4.675,0.845
4430,18.84,3.081,0.484
4431,12.271,4.114,0.28
4432,27.983,4.607,0.866
4433,0.132,1.739,0.692
4434,12.769,1.828,0.939
4435,2.285,1.042,0.425
4436,18.881,2.674,0.958
4437,20.778,2.585,0.899
4438,1.894,4.524,0.685
4439,13.41,3.458,0.801
4440,1.139,3.473,0.67
4441,8.939,4.688,0.658
4442,20.627,4.5,0.527
4443,25.976,0.667,0.813
4444,25.939,1.333,0.251
4445,23.158,0.887,0.555
4446,1.915,3.264,0.742
4447,17.578,2.907,0.959
4448,14.764,1.037,0.812
4449,19.876,1.456,0.83
4450,16.63,4.4,0.27
4451,27.702,2.445,0.555
4452,2.713,1.395,0.847
4453,2.087,1.8,0.806
4454,2.903,4.732,0.685
4455,10.915,3.008,0.129
4456,21.008,3.75,0.028
4457,10.378,3.933,0.227
4458,20.529,4.403,0.274
4459,8.173,3.91,0.365
4460,16.434,4.583,0.492
4461,10.808,0.813,0.549
4462,25.911,1.982,0.411
4463,20.959,3.997,0.876
4464,5.148,1.278,0.196
4465,2.004,4.888,0.94
4466,22.851,1.77,0.128
4467,4.197,2.579,0.811
4468,4.296,3.375,0.314
4469,23.966,4.14,0.034
4470,19.824,2.08,0.231
4471,25.788,2.724,0.953
4472,19.332,3.118,0.478
4473,16.294,3.059,0.235
4474,3.912,1.977,0.656
4475,26.12,2.395,0.459
4476,16.0,1.734,0.325
4477,4.582,1.259,0.118
4478,9.856,4.233,0.624
4479,29.094,4.856,0.104
4480,18.824,2.609,0.087
4481,6.533,0.878,0.043
4482,12.624,0.893,0.99
4483,19.625,4.553,0.508
4484,24.397,3.396,0.87
4485,10.556,4.951,0.012
4486,16.48,1.37,0.003
4487,5.676,4.773,0.835
4488,26.427,4.749,0.438
4489,27.827,0.718,0.212
4490,25.252,1.628,0.866
4491,29.571,1.347,0.218
4492,26.572,3.967,0.506
4493,10.302,3.891,0.169
4494,7.842,2.239,0.534
4495,2.887,3.96,0.61
4496,14.629,3.753,0.455
4497,4.427,4.299,0.361
4498,9.442,0.567,0.205
4499,29.788,1.621,0.566
4500,24.308,3.164,0.42
4501,9.705,4.641,0.851
4502,18.384,1.635,0.681
4503,1.265,3.741,0.444
4504,26.505,4.579,0.351
4505,27.321,0.913,0.092
4506,4.517,3.986,0.424
4507,26.231,4.811,0.697
4508,23.812,0.835,0.295
4509,15.207,4.238,0.834
4510,8.314,1.303,0.026
4511,17.3,0.746,0.459
4512,22.945,1.771,0.778
4513,2.029,4.555,0.336
4514,6.832,3.537,0.939
4515,20.168,0.665,0.198
4516,26.96,3.991,0.757
4517,12.267,2.766,0.566
4518,16.543,3.932,0.569
4519,18.537,3.598,0.551
4520,17.125,4.512,0.846
4521,22.285,2.442,0.859
4522,24.039,1.167,0.362
4523,0.156,4.567,0.945
4524,5.754,4.974,0.364
4525,0.37,3.832,0.198
4526,14.899,4.605,0.773
4527,1.636,4.011,0.002
4528,2.185,1.51,0.427
4529,9.086,4.986,0.795
4530,12.145,4.799,0.45
4531,14.131,1.827,0.531
4532,0.539,2.496,0.029
4533,1.05,3.855,0.824
4534,11.027,4.923,0.463
4535,21.677,3.281,0.859
4536,13.066,4.7,0.349
4537,12.045,0.728,0.6
4538,29.814,4.518,0.795
4539,22.046,2.717,0.69
4540,13.352,3.949,0.887
4541,19.943,1.371,0.69
4542,18.757,3.735,0.729
4543,0.462,3.988,0.309
4544,4.222,3.7,0.005
4545,6.682,0.958,0.907
4546,6.182,3.075,0.461
4547,10.109,1.025,0.021
4548,5.231,4.653,0.339
4549,27.87,1.194,0.067
4550,26.689,0.862,0.027
4551,15.027,3.867,0.304
4552,12.69,4.948,0.507
4553,16.647,0.62,0.426
4554,1.498,4.034,0.44
4555,29.775,2.987,0.072
4556,16.956,1.727,0.369
4557,1.91,2.699,0.372
4558,1.765,4.806,0.13
4559,24.419,1.392,0.149
4560,10.219,4.142,0.035
4561,1.408,2.116,0.176
4562,20.492,1.454,0.686
4563,7.323,3.946,0.548
4564,11.793,4.306,0.031
4565,3.459,4.19,0.247
4566,4.379,0.967,0.382
4567,16.004,3.131,0.345
4568,9.794,3.352,0.567
4569,26.658,1.206,0.759
4570,8.24,2.349,0.421
4571,25.487,4.398,0.992
4572,21.118,3.752,0.867
4573,21.636,3.645,0.645
4574,27.269,2.022,0.122
4575,25.113,1.917,0.528
4576,3.555,2.14,0.376
4577,4.524,2.337,0.774
4578,2.925,3.418,0.154
4579,2.457,2.741,0.307
4580,25.095,4.099,0.202
4581,12.565,3.999,0.165
4582,28.096,3.127,0.558
4583,23.846,4.652,0.848
4584,29.159,4.487,0.939
4585,16.506,3.664,0.364
4586,12.302,2.634,0.905
4587,14.697,3.382,0.556
4588,13.905,2.592,0.133
4589,28.822,3.978,0.097
4590,18.178,3.894,0.073
4591,7.776,4.017,0.507
4592,16.659,1.59,0.819
4593,10.11,0.744,0.591
4594,3.066,4.665,0.563
4595,7.152,2.646,0.771
4596,7.133,4.764,0.883
4597,11.628,3.796,0.752
4598,2.464,4.859,0.324
4599,3.931,1.252,0.935
4600,29.525,2.991,0.436
4601,27.613,4.266,0.243
4602,25.171,0.58,0.429
4603,12.196,3.618,0.934
4604,0.503,3.469,0.108
4605,17.32,4.912,0.192
4606,10.035,2.127,0.281
4607,10.846,3.944,0.393
4608,23.039,1.878,0.02
4609,3.727,4.003,0.885
4610,4.387,3.586,0.862
4611,14.719,4.663,0.628
4612,8.393,0.614,0.131
4613,16.588,4.789,0.488
4614,0.981,3.506,0.838
4615,3.63,3.465,0.218
4616,26.124,2.817,0.204
4617,3.464,1.219,0.714
4618,16.182,4.642,0.379
4619,21.188,4.094,0.385
4620,17.942,3.013,0.108
4621,2.573,4.195,0.23
4622,24.296,4.31,0.457
4623,28.563,1.904,0.482
4624,21.523,1.199,0.205
4625,7.926,2.803,0.906
4626,8.44,4.769,0.864
4627,14.026,2.795,0.343
4628,12.104,1.881,0.996
4629,27.831,2.963,0.695
4630,23.336,1.076,0.913
4631,21.415,2.957,0.835
4632,23.071,1.127,0.213
4633,1.936,3.338,0.367
4634,7.026,1.397,0.046
4635,1.325,0.565,0.597
4636,14.872,3.565,0.059
4637,24.29,2.849,0.82
4638,14.919,0.692,0.391
4639,23.049,3.621,0.188
4640,28.461,2.363,0.694
4641,2.76,2.753,0.879
4642,16.975,0.993,0.578
4643,24.581,3.64,0.093
4644,8.601,3.294,0.776
4645,16.842,3.818,0.423
4646,20.556,1.44,0.494
4647,18.903,1.807,0.789
4648,9.746,4.426,0.691
4649,7.078,3.523,0.636
4650,22.101,3.359,0.546
4651,23.228,3.761,0.491
4652,14.55,3.698,0.161
4653,4.075,3.995,0.262
4654,15.232,0.812,0.777
4655,21.049,3.605,0.143
4656,4.824,1.347,0.868
4657,13.09,3.188,0.09
4658,22.127,4.66,0.185
4659,3.191,1.222,0.931
4660,7.349,2.639,0.239
4661,23.87,2.857,0.254
4662,3.514,2.049,0.468
4663,6.139,2.802,0.983
4664,28.123,2.086,0.701
4665,20.551,4.961,0.157
4666,28.744,3.463,0.268
4667,21.658,2.285,0.245
4668,1.158,1.648,0.778
4669,8.881,0.565,0.808
4670,21.998,2.994,0.127
4671,18.054,0.925,0.606
4672,18.854,2.878,0.283
4673,16.458,4.983,0.813
4674,18.275,2.689,0.287
4675,3.523,2.372,0.381
4676,7.952,4.506,0.162
4677,11.399,4.076,0.166
4678,19.832,2.276,0.478
4679,28.179,4.817,0.428
4680,10.724,4.682,0.537
4681,13.029,1.532,0.381
4682,13.949,2.088,0.027
4683,18.546,0.677,0.464
4684,11.677,4.208,0.502
4685,7.625,3.567,0.285
4686,15.069,1.979,0.644
4687,17.548,2.947,0.057
4688,12.485,4.472,0.233
4689,26.152,3.822,0.646
4690,16.244,4.055,0.695
4691,11.588,4.208,0.038
4692,18.386,4.749,0.619
4693,7.8,2.934,0.068
4694,14.103,4.602,0.334
4695,23.936,3.132,0.221
4696,0.635,1.962,0.153
4697,19.677,3.655,0.827
4698,12.796,4.192,0.476
4699,26.104,1.539,0.758
4700,24.958,4.29,0.814
4701,3.174,2.851,0.091
4702,1.073,2.244,0.096
4703,11.43,1.413,0.137
4704,27.079,4.734,0.59
4705,4.362,0.662,0.394
4706,3.409,1.191,0.521
4707,20.037,0.69,0.747
4708,19.818,1.637,0.183
4709,8.87,4.475,0.48
4710,4.81,4.3,0.557
4711,23.852,3.194,0.655
4712,4.234,4.205,0.947
4713,29.699,4.848,0.639
4714,0.225,3.789,0.147
4715,3.401,1.232,0.061
4716,8.884,2.118,0.001
4717,15.596,0.521,0.999
4718,18.176,3.022,0.956
4719,4.167,0.584,0.818
4720,28.367,3.079,0.602
4721,6.689,3.748,0.728
4722,26.339,2.679,0.877
4723,24.498,4.702,0.042
4724,5.735,2.619,0.531
4725,21.688,4.788,0.536
4726,22.368,3.416,0.655
4727,3.143,0.801,0.876
4728,22.492,2.788,0.479
4729,1.704,3.316,0.858
4730,16.421,1.948,0.956
4731,16.043,1.793,0.417
4732,17.086,4.442,0.912
4733,29.202,3.7,0.318
4734,10.319,1.927,0.026
4735,23.723,1.722,0.208
4736,12.821,4.127,0.701
4737,9.962,1.451,0.487
4738,5.007,2.821,0.328
4739,29.958,3.255,0.36
4740,7.948,3.868,0.511
4741,16.37,3.601,0.292
4742,0.283,2.023,0.748
4743,26.305,1.859,0.702
4744,5.945,2.196,0.876
4745,21.702,0.857,0.036
4746,23.524,2.172,0.761
4747,25.394,4.689,0.161
4748,4.87,3.14,0.479
4749,5.351,1.551,0.403
4750,7.188,4.676,0.767
4751,19.758,3.948,0.907
4752,28.049,4.943,0.427
4753,14.112,0.555,0.621
4754,28.458,4.458,0.524
4755,7.366,2.917,0.052
4756,29.349,1.351,0.375
4757,4.565,3.166,0.792
4758,28.825,3.87,0.344
4759,0.179,3.684,0.902
4760,23.925,1.159,0.908
4761,3.07,2.039,0.927
4762,24.293,0.895,0.492
4763,8.033,1.149,0.589
4764,22.582,2.176,0.034
4765,3.159,1.823,0.338
4766,3.442,4.298,0.817
4767,4.533,4.683,0.554
4768,18.74,2.615,0.611
4769,14.962,2.431,0.837
4770,26.342,1.644,0.001
4771,0.081,1.054,0.605
4772,29.109,2.483,0.731
4773,17.823,1.885,0.944
4774,22.205,4.413,0.574
4775,27.649,1.262,0.496
4776,25.729,4.78,0.081
4777,1.456,3.166,0.07
4778,12.503,4.181,0.575
4779,17.104,3.948,0.693
4780,15.776,4.321,0.598
4781,18.598,2.302,0.436
4782,4.34,4.035,0.342
4783,25.364,1.141,0.142
4784,11.673,4.17,0.109
4785,20.243,2.503,0.062
4786,22.59,4.698,0.806
4787,0.676,0.822,0.019
4788,10.208,1.187,0.585
4789,21.719,1.605,0.068
4790,15.454,3.78,0.132
4791,0.764,4.322,0.468
4792,24.763,4.812,0.965
4793,29.453,3.559,0.632
4794,14.21,2.008,0.156
4795,2.926,4.787,0.092
4796,4.625,2.766,0.164
4797,13.765,2.39,0.116
4798,19.117,3.196,0.409
4799,4.802,1.207,0.474
4800,13.109,0.735,0.835
4801,13.984,4.913,0.913
4802,7.57,1.421,0.224
4803,2.827,3.798,0.635
4804,8.288,4.36,0.615
4805,22.982,0.639,0.997
4806,29.113,2.498,0.216
4807,21.8,1.478,0.594
4808,18.5,2.978,0.605
4809,0.827,2.874,0.701
4810,2.837,1.235,0.068
4811,1.432,3.498,0.515
4812,6.736,3.703,0.717
4813,0.959,2.169,0.978
4814,4.241,3.174,0.044
4815,21.748,4.362,0.56
4816,14.749,4.328,0.18
4817,28.21,4.339,0.346
4818,1.634,0.899,0.593
4819,20.906,1.602,0.241
4820,16.99,0.808,0.189
4821,19.678,1.186,0.122
4822,23.818,4.984,0.377
4823,16.381,2.25,0.532
4824,6.234,3.555,0.013
4825,12.063,3.208,0.756
4826,0.122,2.594,0.018
4827,10.15,0.573,0.25
4828,18.349,2.06,0.277
4829,10.863,4.296,0.794
4830,22.236,1.644,0.765
4831,15.02,0.986,0.992
4832,13.708,1.173,0.74
4833,23.636,2.882,0.835
4834,27.847,4.678,0.757
4835,11.943,0.721,0.179
4836,29.308,2.751,0.645
4837,18.606,4.742,0.851
4838,12.299,3.388,0.489
4839,28.136,2.405,0.879
4840,3.496,4.071,0.225
4841,27.854,4.575,0.615
4842,11.979,3.248,0.06
4843,7.255,4.238,0.76
4844,19.209,2.802,0.217
4845,7.874,1.481,0.255
4846,2.248,4.617,0.606
4847,25.737,3.221,0.71
4848,1.261,2.25,0.795
4849,16.681,1.615,0.926
4850,25.535,4.397,0.181
4851,22.965,2.025,0.822
4852,3.007,3.436,0.554
4853,12.437,4.206,0.481
4854,24.965,4.478,0.942
4855,28.102,0.734,0.383
4856,21.615,1.195,0.395
4857,12.043,4.312,0.118
4858,24.039,3.59,0.656
4859,14.127,1.11,0.681
4860,29.696,4.975,0.047
4861,23.795,2.884,0.252
4862,18.774,1.212,0.534
4863,5.543,4.278,0.592
4864,2.028,4.585,0.867
4865,18.048,4.224,0.441
4866,7.586,2.46,0.795
4867,20.853,4.474,0.928
4868,9.056,2.068,0.46
4869,8.734,0.971,0.932
4870,18.587,4.563,0.207
4871,19.323,3.484,0.363
4872,6.2,1.416,0.383
4873,5.102,2.418,0.335
4874,5.818,3.628,0.546
4875,13.918,4.621,0.671
4876,6.761,2.251,0.113
4877,22.541,3.096,0.708
4878,2.761,1.498,0.658
4879,12.964,0.761,0.517
4880,28.806,1.064,0.929
4881,13.746,1.752,0.323
4882,12.912,2.931,0.814
4883,20.367,4.555,0.85
4884,1.405,2.548,0.718
4885,12.228,0.708,0.608
4886,17.592,0.752,0.468
4887,20.352,2.771,0.586
4888,5.174,4.287,0.261
4889,10.118,3.005,0.642
4890,7.692,1.808,0.122
4891,10.967,2.38,0.375
4892,12.362,4.796,0.491
4893,12.223,3.202,0.158
4894,26.261,0.648,0.11
4895,7.871,1.841,0.125
4896,29.691,3.947,0.116
4897,15.746,2.49,0.993
4898,18.699,2.621,0.221
4899,22.844,3.963,0.314
4900,1.721,4.318,0.553
4901,0.758,3.667,0.167
4902,13.356,2.534,0.055
4903,16.886,4.365,0.065
4904,22.847,4.727,0.7
4905,29.486,4.018,0.48
4906,7.602,0.64,0.545
4907,3.947,0.794,0.862
4908,12.235,2.195,0.957
4909,12.923,2.427,0.413
4910,25.169,4.018,0.629
4911,19.623,2.573,0.688
4912,11.8,2.852,0.208
4913,19.556,1.057,0.312
4914,26.932,1.139,0.928
4915,3.337,4.696,0.67
4916,11.202,1.215,0.283
4917,14.169,2.827,0.175
4918,18.491,1.31,0.388
4919,22.137,3.165,0.213
4920,2.532,3.216,0.376
4921,8.783,3.496,0.081
4922,19.593,3.413,0.24
4923,20.046,1.738,0.398
4924,0.856,4.366,0.78
4925,24.494,1.125,0.302
4926,29.834,4.738,0.461
4927,9.73,2.598,0.426
4928,19.027,2.249,0.883
4929,3.521,1.278,0.141
4930,1.59,1.601,0.073
4931,14.713,2.065,0.711
4932,29.654,2.61,0.498
4933,21.377,4.95,0.882
4934,15.464,2.909,0.117
4935,2.015,3.719,0.266
4936,22.281,1.161,0.547
4937,9.555,2.099,0.93
4938,5.518,2.823,0.528
4939,22.261,3.015,0.907
4940,14.773,3.815,0.636
4941,0.456,1.089,0.223
4942,3.821,2.829,0.88
4943,14.761,0.817,0.122
4944,7.558,1.633,0.684
4945,24.402,2.935,0.51
4946,15.507,3.863,0.949
4947,24.797,3.803,0.87
4948,22.697,1.572,0.541
4949,23.962,1.245,0.526
4950,3.488,4.479,0.588
4951,21.547,1.041,0.126
4952,15.664,1.53,0.725
4953,28.878,1.605,0.135
4954,9.52,4.144,0.741
4955,28.156,2.201,0.594
4956,29.897,3.044,0.817
4957,4.788,3.909,0.478
4958,8.458,0.651,0.266
4959,0.141,3.266,0.664
4960,2.225,2.393,0.565
4961,28.924,4.113,0.63
4962,0.692,1.677,0.346
4963,18.077,2.953,0.741
4964,21.842,1.133,0.014
4965,17.709,4.699,0.107
4966,28.298,4.165,0.425
4967,23.994,2.114,0.531
4968,19.381,1.52,0.687
4969,18.427,4.1,0.475
4970,15.236,1.657,0.644
4971,27.194,3.33,0.914
4972,2.772,1.374,0.13
4973,23.613,2.401,0.759
4974,10.905,4.728,0.838
4975,14.693,4.864,0.779
4976,19.425,3.19,0.687
4977,27.302,0.609,0.973
4978,5.335,4.645,0.229
4979,16.516,4.964,0.382
4980,6.612,2.771,0.012
4981,7.513,4.395,0.594
4982,17.826,4.598,0.824
4983,15.168,1.256,0.503
4984,16.167,0.926,0.178
4985,5.645,2.659,0.983
4986,10.424,1.284,0.858
4987,29.961,2.432,0.991
4988,2.736,1.333,0.923
4989,16.565,4.488,0.828
4990,23.945,0.837,0.415
4991,21.605,4.927,0.439
4992,13.262,3.895,0.766
4993,2.405,4.426,0.462
4994,14.682,3.062,0.194
4995,24.998,4.323,0.134
4996,9.164,3.386,0.451
4997,29.986,1.443,0.1
4998,9.378,1.017,0.211
4999,15.026,2.436,0.745
5000,3.183,4.83,0.63
5001,27.942,3.774,0.518
5002,5.58,4.707,0.8
5003,0.675,3.002,0.235
5004,10.33,1.023,0.179
5005,16.928,0.858,0.784
5006,1.067,3.641,0.224
5007,29.175,1.437,0.06
5008,23.76,2.079,0.82
5009,6.909,1.404,0.882
5010,18.677,4.684,0.675
5011,24.239,4.434,0.438
5012,18.59,3.084,0.412
5013,16.804,2.111,0.876
5014,25.814,3.329,0.426
5015,23.84,3.901,0.005
5016,19.514,2.44,0.888
5017,18.365,0.7,0.422
5018,24.648,2.552,0.627
5019,8.231,2.173,0.163
5020,17.734,3.707,0.508
5021,6.349,1.889,0.145
5022,6.65,3.103,0.199
5023,2.07,1.056,0.836
5024,11.603,3.83,0.753
5025,23.169,2.976,0.11
5026,21.596,1.061,0.291
5027,27.755,3.763,0.6
5028,15.791,0.638,0.478
5029,21.962,0.875,0.028
5030,9.86,4.663,0.187
5031,23.083,3.082,0.316
5032,13.818,1.215,0.052
5033,17.61,2.16,0.743
5034,14.079,1.547,0.509
5035,23.609,1.059,0.489
5036,15.869,0.666,0.929
5037,25.225,4.059,0.465
5038,0.001,4.929,0.948
5039,15.517,3.074,0.584
5040,17.226,1.733,0.176
5041,13.762,1.63,0.734
5042,11.025,2.606,0.563
5043,23.094,1.487,0.043
5044,11.79,3.826,0.73
5045,25.191,2.904,0.694
5046,4.998,0.742,0.667
5047,6.422,2.707,0.262
5048,19.736,4.793,0.946
5049,11.58,4.729,0.417
5050,8.182,2.677,0.424
5051,12.0,2.637,0.451
5052,7.253,4.455,0.759
5053,1.942,4.754,0.019
5054,16.951,3.937,0.394
5055,16.408,4.228,0.536
5056,27.891,4.088,0.954
5057,4.96,0.699,0.163
5058,27.901,4.836,0.832
5059,18.929,1.011,0.605
5060,9.398,0.913,0.174
5061,10.634,1.467,0.368
5062,20.446,3.231,0.752
5063,23.678,2.01,0.053
5064,20.105,2.106,0.607
5065,19.773,1.205,0.486
5066,7.821,4.842,0.28
5067,1.1,2.164,0.156
5068,13.086,2.117,0.661
5069,24.097,4.628,0.337
5070,2.28,3.104,0.525
5071,22.062,3.183,0.258
5072,20.65,2.897,0.065
5073,5.157,3.631,0.236
5074,24.14,3.846,0.752
5075,2.104,2.728,0.93
5076,10.215,4.677,0.624
5077,18.394,0.733,0.217
5078,5.44,0.706,0.473
5079,16.155,2.521,0.674
5080,13.546,4.082,0.631
5081,3.376,1.15,0.661
5082,20.731,2.439,0.95
5083,14.631,3.8,0.041
5084,0.745,0.664,0.509
5085,0.184,3.176,0.167
5086,23.554,0.613,0.53
5087,19.166,0.662,0.361
5088,25.589,2.932,0.697
5089,12.531,1.142,0.703
5090,12.155,4.369,0.889
5091,20.834,4.511,0.122
5092,26.028,1.161,0.486
5093,20.464,0.509,0.928
5094,8.956,4.928,0.458
5095,9.479,1.128,0.777
5096,22.562,2.974,0.611
5097,11.302,3.776,0.757
5098,22.055,1.011,0.359
5099,7.988,1.964,0.571
5100,6.632,1.496,0.897
5101,22.439,1.304,0.92
5102,16.807,1.251,0.432
5103,25.238,2.313,0.939
5104,21.713,0.948,0.129
5105,3.766,4.671,0.192
5106,24.023,4.771,0.562
5107,16.102,4.023,0.234
5108,12.307,4.536,0.851
5109,6.887,2.353,1.0
5110,7.139,4.387,0.146
5111,2.523,3.271,0.378
5112,25.274,4.815,0.74
5113,7.848,3.388,0.129
5114,25.551,0.856,0.215
5115,10.134,0.795,0.037
5116,12.138,1.976,0.167
5117,18.574,0.518,0.869
5118,24.772,4.008,0.108
5119,1.902,4.481,0.134
5120,5.075,3.772,0.672
5121,9.08,3.918,0.785
5122,27.233,2.761,0.474
5123,5.968,2.906,0.236
5124,26.647,3.694,0.515
5125,29.58,4.551,0.434
5126,17.862,3.408,0.747
5127,16.849,3.004,0.847
5128,21.988,1.419,0.776
5129,18.984,4.331,0.316
5130,17.13,1.336,0.914
5131,0.867,2.601,0.781
5132,26.6,4.568,0.535
5133,25.632,2.779,0.605
5134,21.542,3.031,0.596
5135,22.301,2.902,0.831
5136,20.011,1.99,0.697
5137,8.843,1.313,0.92
5138,23.726,3.061,0.133
5139,2.536,3.968,0.097
5140,15.827,1.956,0.703
5141,27.94,1.691,0.81
5142,23.886,2.377,0.451
5143,14.321,2.116,0.853
5144,23.892,1.307,0.53
5145,27.34,1.961,0.34
5146,25.39,2.673,0.017
5147,24.591,1.609,0.14
5148,22.793,3.531,0.34
5149,19.009,2.918,0.405
5150,11.709,4.908,0.832
5151,11.733,0.841,0.067
5152,1.738,3.371,0.234
5153,23.855,1.455,0.155
5154,0.505,1.681,0.595
5155,18.945,1.012,0.867
5156,14.667,4.286,0.021
5157,13.736,2.206,0.467
5158,29.328,3.204,0.154
5159,18.674,4.594,0.829
5160,19.947,2.146,0.816
5161,10.428,4.098,0.633
5162,18.652,0.679,0.357
5163,25.831,4.315,0.006
5164,17.752,1.89,0.126
5165,6.739,1.403,0.681
5166,7.358,2.958,0.946
5167,28.798,3.383,0.524
5168,29.822,3.02,0.613
5169,20.847,4.829,0.953
5170,23.188,4.183,0.097
5171,15.551,0.614,0.662
5172,9.322,2.81,0.903
5173,9.582,2.707,0.711
5174,5.009,1.853,0.42
5175,9.127,3.106,0.992
5176,12.787,0.839,0.752
5177,28.973,1.326,0.148
5178,26.914,3.313,0.798
5179,20.644,1.281,0.319
5180,0.075,2.012,0.961
5181,6.188,1.074,0.589
5182,6.936,3.003,0.708
5183,29.065,2.531,0.437
5184,3.282,1.386,0.795
5185,29.741,4.982,0.455
5186,16.264,0.9,0.298
5187,18.517,1.046,0.832
5188,10.732,1.939,0.551
5189,26.758,2.598,0.751
5190,18.343,0.827,0.964
5191,15.799,3.394,0.863
5192,4.577,4.679,0.465
5193,19.758,2.215,0.898
5194,18.359,2.271,0.25
5195,1.575,3.5,0.027
5196,26.165,2.949,0.194
5197,19.669,0.937,0.932
5198,13.146,3.905,0.569
5199,19.596,2.76,0.885
5200,2.012,4.08,0.311
5201,27.806,2.975,0.408
5202,4.9,1.606,0.533
5203,11.661,2.263,0.42
5204,17.796,4.421,0.718
5205,11.339,3.062,0.244
5206,18.771,2.241,0.769
5207,11.177,2.213,0.243
5208,14.299,1.736,0.08
5209,17.726,4.195,0.976
5210,24.304,2.281,0.31
5211,29.627,3.569,0.418
5212,21.022,3.249,0.957
5213,19.879,2.85,0.931
5214,19.732,1.613,0.375
5215,6.56,2.203,0.85
5216,12.54,0.66,0.81
5217,24.459,4.167,0.646
5218,21.977,2.812,0.078
5219,14.594,1.972,0.228
5220,17.294,1.49,0.508
5221,27.092,3.627,0.602
5222,27.548,3.756,0.183
5223,28.151,2.769,0.682
5224,14.42,0.994,0.655
5225,14.479,0.655,0.52
5226,22.61,2.034,0.181
5227,12.113,3.498,0.239
5228,14.753,0.81,0.309
5229,29.229,3.953,0.268
5230,28.935,2.136,0.434
5231,11.709,1.95,0.829
5232,0.84,1.382,0.87
5233,7.667,1.539,0.679
5234,10.281,2.158,0.333
5235,9.943,2.602,0.994
5236,22.614,1.857,0.244
5237,3.36,4.313,0.863
5238,27.713,1.558,0.394
5239,4.86,2.597,0.988
5240,22.152,2.458,0.724
5241,2.244,0.986,0.615
5242,9.893,2.802,0.967
5243,13.586,1.006,0.101
5244,27.519,3.016,0.198
5245,19.816,2.108,0.121
5246,23.451,1.311,0.301
5247,15.761,0.801,0.792
5248,19.196,3.553,0.387
5249,23.476,2.566,0.329
5250,15.908,4.234,0.687
5251,8.576,2.692,0.988
5252,10.374,3.574,0.277
5253,3.309,2.182,0.625
5254,8.425,2.472,0.042
5255,10.237,4.056,0.808
5256,23.58,2.138,0.729
5257,24.174,3.61,0.938
5258,4.111,1.514,0.812
5259,11.978,0.878,0.083
5260,4.186,1.662,0.138
5261,10.519,0.767,0.906
5262,5.241,4.507,0.049
5263,13.33,2.22,0.743
5264,17.704,0.546,0.3
5265,8.769,4.39,0.984
5266,6.035,3.967,0.094
5267,27.583,1.015,0.908
5268,27.662,1.858,0.815
5269,4.054,2.714,0.669
5270,1.777,4.995,0.882
5271,11.011,0.763,0.63
5272,23.956,3.759,0.85
5273,27.72,2.38,0.257
5274,1.215,0.561,0.732
5275,24.136,1.825,0.445
5276,16.76,2.18,0.93
5277,11.185,2.91,0.877
5278,26.768,2.392,0.757
5279,12.846,2.063,0.859
5280,18.17,4.566,0.104
5281,14.473,2.982,0.137
5282,0.289,0.997,0.357
5283,6.564,1.976,0.456
5284,25.883,1.903,0.571
5285,7.714,2.925,0.593
5286,10.82,1.314,0.54
5287,20.612,3.516,0.607
5288,16.679,2.721,0.722
5289,12.218,0.777,0.136
5290,26.089,2.557,0.45
5291,28.114,3.618,0.313
5292,5.304,2.927,0.933
5293,7.612,3.6,0.09
5294,23.195,0.557,0.51
5295,8.763,4.115,0.961
5296,16.202,2.196,0.798
5297,29.71,1.777,0.983
5298,6.813,3.983,0.494
5299,28.955,3.937,0.821
5300,27.047,3.575,0.647
5301,25.93,3.807,0.704
5302,19.451,4.719,0.863
5303,10.34,2.7,0.56
5304,5.385,2.557,0.892
5305,6.132,4.398,0.151
5306,2.814,1.053,0.001
5307,21.539,3.475,0.475
5308,27.863,1.331,0.951
5309,24.699,1.611,0.192
5310,21.995,3.781,0.751
5311,0.786,1.874,0.797
5312,9.685,4.808,0.55
5313,24.05,4.55,0.779
5314,1.39,1.387,0.798
5315,1.812,1.75,0.738
5316,22.887,2.189,0.904
5317,25.932,1.6,1.0
5318,1.588,1.666,0.856
5319,6.107,2.034,0.865
5320,0.018,4.42,0.192
5321,3.431,2.514,0.173
5322,14.997,3.758,0.23
5323,24.729,1.202,0.321
5324,6.514,3.616,0.257
5325,24.532,4.06,0.777
5326,9.542,2.102,0.334
5327,1.682,1.491,0.372
5328,8.446,1.254,0.819
5329,12.7,4.076,0.048
5330,4.775,3.738,0.671
5331,24.866,4.645,0.439
5332,20.828,1.728,0.113
5333,14.454,2.755,0.034
5334,28.559,1.189,0.441
5335,14.056,2.551,0.273
5336,29.761,2.467,0.389
5337,14.326,3.651,0.253
5338,10.935,4.075,0.988
5339,8.963,4.16,0.065
5340,28.968,4.254,0.68
5341,28.08,1.176,0.385
5342,5.061,1.237,0.338
5343,19.925,2.899,0.359
5344,0.69,4.83,0.694
5345,2.767,3.459,0.931
5346,29.401,4.49,0.413
5347,13.097,2.866,0.487
5348,5.54,2.694,0.258
5349,11.815,3.152,0.87
5350,10.017,0.67,0.362
5351,6.097,2.19,0.998
5352,22.968,4.649,0.319
5353,13.501,2.408,0.848
5354,6.241,3.943,0.583
5355,10.262,4.392,0.08
5356,25.829,1.147,0.655
5357,16.619,2.768,0.643
5358,17.506,4.429,0.818
5359,0.643,1.747,0.949
5360,22.413,0.791,0.186
5361,21.95,1.944,0.965
5362,9.343,3.806,0.116
5363,10.678,3.678,0.254
5364,12.757,2.177,0.227
5365,6.456,2.544,0.927
5366,22.595,0.506,0.594
5367,22.404,3.79,0.444
5368,24.698,3.047,0.01
5369,11.537,3.319,0.056
5370,7.383,1.465,0.572
5371,3.195,0.542,0.881
5372,0.604,0.778,0.829
5373,6.037,0.632,0.396
5374,10.994,4.572,0.372
5375,19.251,1.385,0.533
5376,2.167,0.858,0.747
5377,2.541,1.553,0.988
5378,19.988,4.476,0.469
5379,18.18,4.514,0.494
5380,14.12,3.941,0.463
5381,8.701,4.453,0.724
5382,13.192,1.692,0.282
5383,26.875,0.827,0.116
5384,9.224,1.766,0.633
5385,18.277,3.157,0.295
5386,28.25,2.783,0.358
5387,28.685,4.963,0.255
5388,16.87,3.935,0.049
5389,17.92,2.292,0.03
5390,9.94,2.583,0.013
5391,24.302,1.337,0.32
5392,2.777,0.773,0.797
5393,17.379,3.067,0.404
5394,13.515,4.356,0.579
5395,29.181,4.565,0.204
5396,9.288,4.012,0.427
5397,24.67,4.907,0.452
5398,23.371,2.413,0.083
5399,28.768,3.461,0.116
5400,18.906,2.094,0.693
5401,11.599,1.855,0.191
5402,17.154,2.99,0.537
5403,19.699,4.611,0.637
5404,3.996,3.907,0.39
5405,2.629,3.813,0.377
5406,4.958,0.672,0.683
5407,27.053,1.748,0.558
5408,11.843,1.896,0.913
5409,16.567,2.212,0.218
5410,22.885,3.314,0.613
5411,16.666,3.697,0.459
5412,1.307,2.053,0.595
5413,15.988,4.83,0.226
5414,13.012,3.348,0.476
5415,21.091,2.323,0.949
5416,7.985,3.249,0.581
5417,1.925,4.47,0.718
5418,22.318,3.957,0.036
5419,5.203,1.572,0.501
5420,26.567,4.725,0.515
5421,5.209,3.769,0.408
5422,11.033,1.505,0.392
5423,12.624,3.817,0.407
5424,28.334,4.625,0.771
5425,20.024,1.93,0.577
5426,29.528,2.732,0.652
5427,13.995,0.933,0.915
5428,7.249,3.11,0.924
5429,23.528,1.429,0.199
5430,28.586,0.93,0.612
5431,11.258,2.104,0.849
5432,26.88,2.478,0.185
5433,12.241,3.637,0.877
5434,4.512,1.342,0.832
5435,3.813,2.125,0.036
5436,0.64,3.391,0.671
5437,8.472,0.942,0.141
5438,1.415,1.919,0.018
5439,11.592,1.554,0.617
5440,14.904,1.25,0.075
5441,25.447,4.552,0.834
5442,16.82,0.997,0.616
5443,14.013,3.229,0.637
5444,22.781,1.399,0.631
5445,1.594,0.62,0.581
5446,20.495,1.79,0.398
5447,29.214,1.106,0.761
5448,24.789,0.773,0.354
5449,5.256,2.173,0.744
5450,5.48,4.915,0.908
5451,13.145,4.756,0.3
5452,15.854,2.484,0.673
5453,26.505,3.805,0.983
5454,3.974,0.846,0.314
5455,24.521,1.39,0.529
5456,13.788,3.522,0.846
5457,10.421,1.069,0.709
5458,12.791,1.168,0.674
5459,27.124,2.844,0.46
5460,1.458,3.53,0.301
5461,6.275,2.865,0.214
5462,18.61,0.567,0.803
5463,19.09,1.492,0.807
5464,17.333,1.039,0.84
5465,6.846,1.772,0.085
5466,23.566,0.924,0.243
5467,21.901,3.493,0.646
5468,15.088,2.019,0.461
5469,29.505,4.533,0.567
5470,21.461,2.374,0.569
5471,7.284,4.166,0.007
5472,22.805,4.388,0.657
5473,15.961,4.527,0.845
5474,18.013,2.991,0.709
5475,6.091,3.948,0.868
5476,27.389,4.005,0.268
5477,7.276,0.94,0.406
5478,29.135,2.836,0.193
5479,11.957,4.749,0.436
5480,16.289,3.299,0.73
5481,8.887,4.946,0.786
5482,24.989,2.862,0.511
5483,21.094,4.177,0.458
5484,22.967,3.775,0.049
5485,9.207,1.719,0.187
5486,6.752,4.014,0.187
5487,18.796,3.901,0.775
5488,11.347,0.85,0.955
5489,22.158,4.879,0.171
5490,16.583,3.771,0.31
5491,23.996,3.644,0.413
5492,13.654,0.587,0.681
5493,28.023,3.642,0.371
5494,13.242,4.296,0.371
5495,14.839,1.499,0.117
5496,4.482,4.379,0.217
5497,10.104,1.887,0.855
5498,21.432,4.78,0.515
5499,24.627,3.259,0.973
5500,27.336,3.3,0.386
5501,22.727,2.248,0.139
5502,10.858,1.008,0.431
5503,3.817,4.764,0.406
5504,13.485,2.551,0.549
5505,0.527,3.591,0.199
5506,7.537,4.155,0.089
5507,6.068,4.753,0.492
5508,27.725,1.242,0.077
5509,6.004,3.705,0.44
5510,26.761,4.657,0.027
5511,10.314,4.455,0.734
5512,9.561,0.821,0.735
5513,25.27,1.874,0.243
5514,28.529,1.343,0.516
5515,28.356,2.793,0.715
5516,0.779,2.252,0.991
5517,7.045,4.544,0.652
5518,25.925,0.829,0.593
5519,20.592,4.024,0.395
5520,17.878,1.234,0.089
5521,23.067,1.982,0.986
5522,3.855,3.89,0.106
5523,27.865,4.382,0.514
5524,20.711,4.877,0.921
5525,14.866,1.115,0.357
5526,4.677,0.552,0.644
5527,9.724,0.706,0.942
5528,8.534,3.731,0.678
5529,13.307,1.258,0.268
5530,3.511,1.424,0.603
5531,24.887,2.883,0.385
5532,8.178,2.567,0.931
5533,14.624,4.718,0.02
5534,12.808,0.567,0.805
5535,29.541,2.321,0.947
5536,3.233,1.604,0.011
5537,9.138,0.865,0.856
5538,20.565,1.441,0.986
5539,0.702,3.848,0.707
5540,27.508,2.52,0.789
5541,24.548,2.673,0.377
5542,2.01,3.767,0.048
5543,9.034,1.316,0.712
5544,9.159,3.572,0.124
5545,0.935,3.83,0.386
5546,3.501,4.603,0.424
5547,1.55,4.153,0.5
5548,24.507,1.957,0.61
5549,22.087,4.362,0.396
5550,9.137,2.317,0.215
5551,23.042,1.638,0.371
5552,6.663,3.224,0.452
5553,7.806,4.326,0.808
5554,9.659,4.515,0.742
5555,8.154,4.219,0.352
5556,11.38,2.947,0.526
5557,12.794,0.692,0.414
5558,13.285,4.64,0.15
5559,27.626,3.219,0.146
5560,5.532,0.691,0.015
5561,8.304,4.863,0.195
5562,26.672,3.716,0.875
5563,18.816,0.864,0.784
5564,9.633,4.031,0.442
5565,1.675,2.334,0.717
5566,0.968,4.106,0.438
5567,11.462,1.707,0.985
5568,2.848,4.104,0.14
5569,9.117,2.956,0.061
5570,10.337,2.074,0.487
5571,18.561,4.683,0.118
5572,5.918,4.061,0.29
5573,11.456,3.526,0.645
5574,4.597,3.254,0.906
5575,7.196,0.915,0.435
5576,16.501,1.063,0.293
5577,21.226,2.36,0.836
5578,19.702,3.28,0.029
5579,5.895,2.526,0.284
5580,12.551,1.723,0.482
5581,15.037,4.566,0.953
5582,22.626,4.038,0.708
5583,15.787,2.826,0.637
5584,28.207,0.722,0.428
5585,7.015,1.156,0.971
5586,11.344,0.736,0.312
5587,10.998,2.44,0.687
5588,20.538,2.266,0.277
5589,4.964,3.547,0.225
5590,29.366,2.768,0.266
5591,4.803,1.082,0.147
5592,12.706,2.467,0.115
5593,5.28,0.976,0.076
5594,13.864,2.478,0.447
5595,7.66,2.219,0.196
5596,13.768,2.421,0.315
5597,22.687,4.762,0.7
5598,0.822,3.614,0.145
5599,13.954,3.29,0.578
5600,2.293,3.125,0.79
5601,25.019,4.255,0.631
5602,21.313,4.179,0.975
5603,3.614,1.195,0.48
5604,14.891,4.223,0.12
5605,14.554,2.981,0.657
5606,2.215,3.395,0.424
5607,5.755,2.39,0.042
5608,27.347,1.77,0.809
5609,24.94,2.071,0.956
5610,5.4,1.079,0.292
5611,14.036,2.02,0.631
5612,29.9,4.015,0.408
5613,28.968,3.344,0.751
5614,0.384,1.432,0.597
5615,21.15,3.016,0.665
5616,14.085,4.39,0.558
5617,9.157,0.772,0.347
5618,1.351,4.967,0.349
5619,22.275,2.886,0.22
5620,29.878,2.87,0.847
5621,10.183,3.022,0.065
5622,10.248,1.493,0.149
5623,2.258,2.515,0.737
5624,23.507,2.131,0.967
5625,17.758,3.103,0.221
5626,15.928,0.997,0.0
5627,20.5,2.447,0.891
5628,9.488,0.972,0.307
5629,24.986,3.881,0.846
5630,1.411,0.978,0.612
5631,13.642,4.594,0.784
5632,22.789,2.667,0.879
5633,15.689,4.405,0.611
5634,19.263,1.259,0.138
5635,16.537,2.586,0.367
5636,27.745,1.62,0.793
5637,19.977,0.536,0.977
5638,11.584,4.827,0.144
5639,26.996,3.156,0.875
5640,17.662,1.205,0.332
5641,3.387,1.013,0.836
5642,2.092,2.285,0.036
5643,13.96,1.82,0.789
5644,11.279,0.922,0.955
5645,5.975,1.372,0.431
5646,6.473,2.818,0.352
5647,7.958,4.34,0.555
5648,1.631,1.28,0.023
5649,25.402,4.556,0.123
5650,27.38,2.39,0.573
5651,11.053,4.117,0.189
5652,28.143,2.533,0.949
5653,28.417,2.392,0.421
5654,13.992,3.712,0.148
5655,28.441,2.477,0.509
5656,19.098,2.666,0.245
5657,7.474,2.778,0.764
5658,1.948,1.488,0.348
5659,15.119,2.971,0.026
5660,19.552,3.2,0.49
5661,15.504,3.734,0.457
5662,20.261,4.56,0.484
5663,22.037,3.742,0.43
5664,29.331,3.209,0.251
5665,21.907,4.538,0.933
5666,15.753,2.013,0.728
5667,11.831,3.973,0.958
5668,8.754,3.627,0.965
5669,22.813,2.929,0.632
5670,23.156,2.341,0.063
5671,27.065,1.539,0.857
5672,20.523,4.312,0.409
5673,26.971,1.569,0.125
5674,27.659,2.657,0.06
5675,5.699,4.297,0.969
5676,5.905,3.978,0.325
5677,29.758,0.73,0.29
5678,28.628,3.766,0.671
5679,12.032,4.74,0.185
5680,22.389,0.725,0.523
5681,4.294,3.865,0.477
5682,20.719,1.169,0.118
5683,21.786,0.648,0.816
5684,1.811,1.994,0.657
5685,9.407,4.611,0.868
5686,20.177,1.268,0.438
5687,27.917,2.138,0.861
5688,22.436,2.52,0.8
5689,2.381,2.892,0.984
5690,27.083,1.125,0.247
5691,27.111,1.495,0.912
5692,11.929,4.335,0.523
5693,22.896,3.538,0.325
5694,13.356,1.615,0.653
5695,28.694,4.568,0.906
5696,2.272,3.291,0.809
5697,17.008,4.061,0.285
5698,11.598,1.773,0.082
5699,9.113,4.717,0.374
5700,22.759,2.357,0.828
5701,19.855,4.204,0.449
5702,1.58,2.789,0.168
5703,3.783,4.639,0.029
5704,8.694,4.967,0.583
5705,25.507,1.67,0.377
5706,5.179,3.429,0.434
5707,23.319,3.205,0.137
5708,12.584,2.984,0.732
5709,6.008,4.166,0.123
5710,17.207,4.852,0.421
5711,28.753,0.74,0.357
5712,13.996,3.879,0.022
5713,18.912,3.628,0.547
5714,27.187,3.545,0.886
5715,21.043,1.726,0.1
5716,19.634,4.972,0.447
5717,22.818,2.513,0.743
5718,11.765,3.104,0.538
5719,12.166,0.604,0.172
5720,25.141,2.846,0.501
5721,8.737,1.508,0.334
5722,14.489,0.909,0.599
5723,12.689,2.888,0.839
5724,15.4,4.503,0.587
5725,16.241,4.08,0.398
5726,29.5,1.039,0.238
5727,25.979,4.469,0.068
5728,12.552,1.028,0.747
5729,16.788,4.406,0.015
5730,19.738,1.517,0.207
5731,14.051,0.929,0.112
5732,20.349,4.498,0.886
5733,28.567,0.702,0.596
5734,4.658,4.533,0.233
5735,4.768,4.614,0.462
5736,9.232,3.921,0.837
5737,17.186,0.595,0.097
5738,1.672,4.256,0.458
5739,0.797,3.381,0.977
5740,27.249,3.619,0.684
5741,9.454,2.93,0.104
5742,26.244,1.287,0.648
5743,16.696,4.459,0.751
5744,15.277,0.963,0.833
5745,26.087,2.256,0.311
5746,9.641,0.837,0.586
5747,27.666,3.774,0.978
5748,29.086,2.94,0.038
5749,21.816,4.323,0.603
5750,8.2,0.739,0.453
5751,12.631,4.953,0.019
5752,17.584,2.37,0.956
5753,8.326,3.72,0.898
5754,19.378,0.819,0.283
5755,25.563,2.678,0.328
5756,5.183,4.455,0.824
5757,19.535,2.221,0.884
5758,14.173,3.72,0.542
5759,17.986,2.536,0.037
5760,23.409,2.416,0.452
5761,7.022,3.407,0.78
5762,3.746,4.873,0.071
5763,9.639,1.246,0.649
5764,23.112,1.731,0.304
5765,10.104,1.608,0.359
5766,20.238,4.092,0.732
5767,17.218,1.354,0.668
5768,5.362,3.392,0.313
5769,25.091,3.721,0.371
5770,29.354,3.152,0.322
5771,24.778,0.768,0.541
5772,17.968,1.565,0.994
5773,18.477,4.904,0.105
5774,8.86,4.021,0.284
5775,10.344,1.208,0.346
5776,5.515,4.173,0.483
5777,1.713,2.288,0.665
5778,19.369,4.655,0.838
5779,13.627,1.283,0.363
5780,8.112,3.319,0.6
5781,27.41,3.049,0.009
5782,7.478,2.052,0.092
5783,13.414,1.788,0.16
5784,7.768,0.517,0.644
5785,4.228,1.895,0.356
5786,25.906,4.866,0.11
5787,10.65,2.078,0.59
5788,9.846,1.941,0.419
5789,22.713,3.938,0.202
5790,9.838,1.012,0.106
5791,3.023,3.221,0.055
5792,29.1,4.884,0.639
5793,0.255,3.788,0.452
5794,8.59,4.675,0.187
5795,16.213,2.135,0.505
5796,2.615,4.535,0.124
5797,26.051,0.622,0.481
5798,4.781,2.005,0.152
5799,7.114,2.085,0.707
5800,1.869,3.775,0.998
5801,0.871,2.964,0.531
5802,28.009,0.687,0.7
5803,10.672,3.324,0.306
5804,8.596,4.456,0.841
5805,25.287,4.045,0.891
5806,7.274,2.773,0.866
5807,23.463,2.325,0.531
5808,1.774,1.768,0.52
5809,0.129,3.372,0.011
5810,28.832,1.586,0.962
5811,2.113,3.921,0.909
5812,3.112,2.523,0.916
5813,25.128,3.167,0.904
5814,8.689,2.299,0.76
5815,8.102,2.662,0.545
5816,29.484,2.94,0.436
5817,28.165,4.217,0.865
5818,8.047,0.99,0.364
5819,28.468,2.502,0.664
5820,21.88,0.594,0.17
5821,15.107,2.684,0.943
5822,20.648,1.757,0.04
5823,13.29,3.07,0.535
5824,27.735,3.344,0.623
5825,27.218,4.359,0.859
5826,21.319,0.636,0.525
5827,29.267,0.832,0.378
5828,27.743,3.63,0.854
5829,11.237,1.678,0.746
5830,20.402,1.988,0.51
5831,0.008,1.506,0.442
5832,17.401,3.956,0.57
5833,8.547,4.104,0.303
5834,8.65,4.752,0.909
5835,26.486,4.875,0.853
5836,25.678,1.756,0.677
5837,10.026,1.816,0.059
5838,24.961,3.142,0.939
5839,3.95,0.657,0.528
5840,20.181,4.948,0.245
5841,24.199,3.661,0.014
5842,5.327,4.39,0.842
5843,27.354,1.931,0.623
5844,29.126,0.966,0.794
5845,10.897,2.297,0.905
5846,0.171,4.406,0.241
5847,15.678,1.375,0.672
5848,14.809,2.395,0.625
5849,15.535,4.127,0.735
5850,9.482,1.503,0.489
5851,10.095,3.085,0.754
5852,21.249,4.346,0.758
5853,28.662,2.325,0.628
5854,5.473,4.435,0.981
5855,8.234,1.136,0.932
5856,9.85,1.047,0.962
5857,19.897,2.845,0.861
5858,6.379,2.715,0.783
5859,16.846,4.562,0.866
5860,18.019,1.785,0.225
5861,14.378,3.126,0.489
5862,5.233,3.034,0.763
5863,5.398,3.6,0.728
5864,14.531,2.011,0.449
5865,22.868,1.322,0.975
5866,15.771,2.651,0.887
5867,28.735,2.575,0.175
5868,5.126,4.048,0.066
5869,17.872,1.216,0.755
5870,9.417,1.925,0.138
5871,26.004,4.687,0.762
5872,22.703,1.01,0.224
5873,12.766,0.99,0.539
5874,6.167,4.365,0.884
5875,13.257,3.885,0.419
5876,9.99,3.47,0.707
5877,27.696,0.637,0.49
5878,29.895,1.357,0.982
5879,10.464,0.856,0.911
5880,5.104,4.941,0.873
5881,24.916,3.783,0.248
5882,28.49,1.261,0.074
5883,7.608,4.545,0.475
5884,9.07,2.085,0.246
5885,11.884,1.017,0.337
5886,17.837,3.39,0.756
5887,13.707,4.611,0.839
5888,14.46,4.962,0.016
5889,16.348,3.92,0.678
5890,9.358,4.414,0.443
5891,1.26,1.84,0.557
5892,11.493,4.129,0.131
5893,25.052,1.738,0.568
5894,26.032,3.256,0.13
5895,18.976,3.594,0.913
5896,29.846,1.162,0.158
5897,28.063,2.496,0.241
5898,25.98,2.511,0.346
5899,11.777,1.328,0.919
5900,18.918,1.811,0.284
5901,21.34,3.091,0.9
5902,6.41,4.895,0.739
5903,22.52,2.154,0.861
5904,27.283,4.658,0.357
5905,18.618,1.197,0.106
5906,8.503,2.354,0.297
5907,17.281,1.844,0.858
5908,11.72,0.905,0.269
5909,13.825,2.53,0.837
5910,15.274,4.338,0.507
5911,14.514,1.603,0.504
5912,13.439,4.13,0.467
5913,25.738,1.121,0.906
5914,3.968,2.694,0.386
5915,20.098,3.649,0.298
5916,1.62,1.074,0.476
5917,3.052,3.975,0.005
5918,20.281,2.167,0.44
5919,2.592,3.897,0.358
5920,6.656,1.549,0.946
5921,17.367,0.902,0.335
5922,21.516,4.988,0.264
5923,19.227,2.709,0.042
5924,20.692,1.685,0.281
5925,11.821,0.671,0.833
5926,24.403,1.434,0.285
5927,24.112,2.856,0.747
5928,26.071,1.555,0.839
5929,4.117,4.609,0.346
5930,17.07,0.716,0.983
5931,13.522,3.603,0.451
5932,5.292,2.553,0.286
5933,17.463,4.999,0.034
5934,5.562,3.601,0.407
5935,5.964,1.815,0.272
5936,26.444,3.203,0.485
5937,21.545,2.798,0.79
5938,18.717,4.301,0.121
5939,7.285,2.323,0.29
5940,19.491,0.961,0.017
5941,25.561,4.259,0.092
5942,29.203,1.067,0.531
5943,10.991,1.413,0.999
5944,1.111,2.004,0.558
5945,26.681,2.588,0.631
5946,25.094,3.238,0.872
5947,3.149,2.749,0.119
5948,20.852,2.838,0.527
5949,23.075,2.029,0.089
5950,28.671,3.279,0.367
5951,2.491,1.431,0.066
5952,4.733,2.744,0.543
5953,4.326,3.726,0.988
5954,3.101,1.894,0.647
5955,6.298,1.966,0.538
5956,5.098,0.727,0.283
5957,21.931,3.742,0.752
5958,12.676,3.606,0.911
5959,9.066,3.064,0.993
5960,17.598,4.722,0.346
5961,25.488,4.083,0.999
5962,8.845,4.898,0.713
5963,19.935,2.951,0.638
5964,14.266,2.972,0.488
5965,10.154,4.51,0.726
5966,15.571,1.848,0.472
5967,10.116,4.347,0.845
5968,1.821,3.743,0.151
5969,15.898,2.525,0.694
5970,8.252,4.198,0.736
5971,3.685,3.886,0.403
5972,13.445,1.556,0.037
5973,4.67,4.44,0.592
5974,1.024,1.294,0.401
5975,13.406,3.146,0.861
5976,21.871,2.878,0.348
5977,17.362,4.458,0.21
5978,13.471,1.941,0.901
5979,14.677,0.776,0.275
5980,22.384,1.14,0.454
5981,10.753,4.925,0.065
5982,9.348,4.89,0.102
5983,27.681,1.297,0.31
5984,2.548,2.825,0.54
5985,17.788,4.288,0.258
5986,14.722,3.947,0.471
5987,8.556,1.787,0.692
5988,13.95,4.594,0.822
5989,17.04,4.232,0.658
5990,9.919,1.187,0.29
5991,9.021,2.997,0.569
5992,10.528,2.913,0.451
5993,24.925,4.423,0.897
5994,28.759,1.382,0.176
5995,3.215,1.637,0.796
5996,1.547,0.669,0.244
5997,28.886,3.689,0.456
5998,24.954,3.494,0.183
5999,17.409,3.663,0.846
6000,27.332,1.101,0.183
6001,4.524,0.932,0.738
6002,2.595,1.882,0.569
6003,20.726,4.862,0.523
6004,8.754,0.757,0.125
6005,0.658,3.767,0.668
6006,15.85,3.69,0.218
6007,19.015,0.508,0.097
6008,15.27,2.685,0.039
6009,3.726,4.693,0.676
6010,4.369,0.562,0.855
6011,15.547,2.736,0.723
6012,27.953,2.137,0.274
6013,0.298,2.903,0.656
6014,9.095,1.754,0.987
6015,9.204,2.234,0.755
6016,19.36,4.116,0.743
6017,3.268,1.903,0.888
6018,2.386,3.444,0.222
6019,29.851,2.416,0.166
6020,27.05,2.146,0.84
6021,21.076,1.996,0.207
6022,10.065,1.592,0.578
6023,6.882,1.329,0.391
6024,13.849,3.411,0.345
6025,7.751,2.636,0.7
6026,24.972,2.311,0.38
6027,27.765,3.524,0.733
6028,19.914,0.529,0.297
6029,24.088,2.445,0.481
6030,15.36,0.965,0.818
6031,13.3,3.82,0.604
6032,27.465,1.723,0.532
6033,26.642,2.037,0.234
6034,16.172,2.937,0.817
6035,24.072,2.635,0.334
6036,29.303,1.898,0.891
6037,18.431,4.308,0.951
6038,12.831,3.877,0.963
6039,27.675,4.161,0.818
6040,20.444,2.68,0.246
6041,7.092,1.553,0.306
6042,14.829,4.235,0.107
6043,29.614,3.002,0.954
6044,22.484,0.553,0.464
6045,19.652,3.964,0.449
6046,21.894,1.703,0.411
6047,5.299,3.158,0.553
6048,18.595,4.011,0.845
6049,3.761,4.915,0.214
6050,4.253,1.763,0.488
6051,16.099,2.886,0.927
6052,8.679,2.188,0.968
6053,19.098,3.311,0.482
6054,2.379,4.959,0.875
6055,6.585,1.806,0.768
6056,15.53,4.938,0.058
6057,16.7,2.343,0.058
6058,14.201,2.033,0.246
6059,26.112,2.788,0.875
6060,0.196,2.551,0.951
6061,0.452,4.628,0.736
6062,15.532,1.833,0.104
6063,16.117,3.617,0.067
6064,21.264,0.763,0.823
6065,17.701,3.583,0.01
6066,15.795,0.719,0.429
6067,12.89,4.041,0.767
6068,14.075,3.377,0.284
6069,22.215,2.318,0.285
6070,25.752,2.052,0.084
6071,16.594,4.236,0.435
6072,15.933,0.764,0.353
6073,15.009,4.678,0.55
6074,17.023,1.083,0.707
6075,29.748,4.917,0.781
6076,22.376,2.024,0.41
6077,11.859,1.639,0.795
6078,19.285,4.2,0.679
6079,13.982,3.115,0.407
6080,24.621,2.435,0.239
6081,6.069,1.909,0.962
6082,13.581,0.55,0.358
6083,26.246,2.653,0.561
6084,21.82,2.378,0.776
6085,7.604,4.52,0.693
6086,11.284,4.711,0.937
6087,22.716,2.134,0.937
6088,28.854,2.153,0.14
6089,22.32,3.98,0.542
6090,16.097,3.862,0.585
6091,5.728,3.439,0.256
6092,18.124,4.329,0.771
6093,26.108,0.516,0.936
6094,2.636,4.486,0.81
6095,18.53,0.828,0.539
6096,3.913,1.862,0.907
6097,11.856,1.784,0.257
6098,0.889,3.041,0.603
6099,9.626,2.157,0.344
6100,28.803,0.935,0.266
6101,11.05,3.746,0.383
6102,13.823,3.182,0.688
6103,17.18,0.944,0.157
6104,18.573,2.931,0.618
6105,16.356,4.197,0.154
6106,5.496,0.786,0.478
6107,24.831,1.747,0.512
6108,22.567,4.646,0.582
6109,4.738,3.951,0.185
6110,15.192,2.442,0.089
6111,17.338,2.077,0.588
6112,13.939,3.209,0.256
6113,29.569,2.452,0.657
6114,25.209,2.765,0.354
6115,17.899,4.94,0.811
6116,28.477,1.052,0.472
6117,29.694,4.778,0.33
6118,15.051,4.741,0.167
6119,13.589,4.807,0.44
6120,15.227,2.301,0.651
6121,16.165,4.054,0.992
6122,1.253,1.348,0.749
6123,12.174,3.863,0.995
6124,1.957,3.528,0.244
6125,16.933,1.878,0.631
6126,17.551,1.65,0.683
6127,8.895,4.384,0.093
6128,7.257,3.954,0.453
6129,13.609,3.648,0.056
6130,26.2,0.603,0.99
6131,3.003,3.666,0.056
6132,13.902,4.678,0.791
6133,20.728,0.705,0.445
6134,11.725,3.153,0.438
6135,20.206,0.627,0.311
6136,22.834,2.041,0.697
6137,29.313,0.513,0.242
6138,14.285,3.701,0.179
6139,25.218,1.662,0.634
6140,29.72,0.786,0.514
6141,9.485,1.657,0.526
6142,12.563,3.161,0.703
6143,24.914,2.834,0.036
6144,5.096,2.549,0.652
6145,10.333,4.626,0.454
6146,2.229,4.563,0.355
6147,7.181,2.778,0.722
6148,9.219,1.617,0.149
6149,16.304,4.896,0.399
6150,5.213,2.587,0.575
6151,9.367,0.677,0.676
6152,26.349,4.845,0.451
6153,2.307,2.601,0.316
6154,21.132,0.531,0.431
6155,28.138,3.875,0.738
6156,5.703,4.433,0.836
6157,8.517,4.25,0.568
6158,27.641,2.357,0.926
6159,11.263,2.015,0.629
6160,11.715,4.042,0.573
6161,15.223,1.617,0.282
6162,21.457,2.479,0.672
6163,14.063,2.607,0.967
6164,5.333,3.903,0.622
6165,20.667,4.507,0.417
6166,22.092,0.989,0.04
6167,7.788,3.009,0.287
6168,0.875,2.762,0.043
6169,17.594,2.782,0.527
6170,11.357,1.98,0.291
6171,7.549,2.123,0.047
6172,15.115,3.5,0.723
6173,10.533,4.292,0.893
6174,9.554,1.87,0.045
6175,26.352,1.933,0.348
6176,4.438,2.641,0.311
6177,0.403,3.516,0.418
6178,3.749,3.232,0.49
6179,12.393,3.739,0.575
6180,29.02,1.99,0.275
6181,3.752,1.192,0.943
6182,12.157,0.541,0.064
6183,15.732,2.669,0.995
6184,23.362,4.025,0.204
6185,17.961,2.616,0.743
6186,10.458,3.46,0.641
6187,24.077,4.375,0.408
6188,19.143,1.92,0.09
6189,5.268,2.4,0.721
6190,23.741,4.958,0.309
6191,28.401,4.33,0.664
6192,8.227,2.15,0.175
6193,5.642,1.465,0.718
6194,28.897,1.758,0.876
6195,26.739,1.017,0.193
6196,23.328,1.419,0.01
6197,29.664,4.837,0.945
6198,1.935,1.345,0.273
6199,5.228,3.827,0.12
6200,24.486,2.305,0.457
6201,17.163,3.057,0.009
6202,13.179,4.015,0.226
6203,25.784,3.91,0.002
6204,2.26,2.686,0.283
6205,25.002,2.812,0.499
6206,25.0,4.567,0.272
6207,22.721,2.605,0.156
6208,16.236,3.526,0.031
6209,16.034,4.724,0.224
6210,26.708,0.956,0.899
6211,2.932,1.748,0.983
6212,9.452,2.016,0.783
6213,23.169,1.854,0.233
6214,27.184,0.619,0.991
6215,10.686,1.134,0.961
6216,5.347,3.504,0.01
6217,8.542,0.755,0.667
6218,0.946,4.9,0.123
6219,23.015,2.928,0.473
6220,25.082,4.437,0.45
6221,16.733,3.935,0.933
6222,27.592,1.031,0.657
6223,22.559,1.386,0.401
6224,25.068,3.81,0.233
6225,1.556,3.275,0.299
6226,29.79,4.468,0.648
6227,3.298,4.499,0.506
6228,22.555,2.743,0.744
6229,13.91,4.278,0.601
6230,24.933,1.824,0.567
6231,12.947,4.26,0.36
6232,8.497,1.282,0.853
6233,9.238,3.318,0.711
6234,27.835,1.343,0.858
6235,8.566,0.735,0.995
6236,8.238,3.719,0.791
6237,25.855,3.591,0.211
6238,19.459,2.454,0.305
6239,21.322,1.365,0.994
6240,29.888,3.237,0.516
6241,26.143,2.533,0.157
6242,8.124,3.167,0.212
6243,17.85,4.686,0.983
6244,15.076,3.912,0.257
6245,26.495,3.281,0.844
6246,10.874,0.585,0.205
6247,4.467,2.362,0.505
6248,21.255,1.085,0.043
6249,22.199,3.531,0.707
6250,19.405,4.143,0.841
6251,10.56,3.479,0.295
6252,3.825,1.108,0.483
6253,1.596,2.981,0.779
6254,4.368,3.333,0.972
6255,26.184,3.898,0.754
6256,28.688,4.541,0.499
6257,16.163,2.238,0.32
6258,18.538,3.966,0.697
6259,28.574,4.232,0.575
6260,9.419,3.728,0.156
6261,9.915,1.206,0.061
6262,6.219,3.077,0.716
6263,16.325,1.417,0.332
6264,28.13,1.866,0.758
6265,25.064,2.333,0.399
6266,5.366,1.944,0.492
6267,15.024,3.1,0.377
6268,13.807,1.588,0.796
6269,5.774,3.346,0.884
6270,27.031,4.044,0.752
6271,15.095,2.402,0.639
6272,7.485,4.67,0.05
6273,15.099,0.777,0.227
6274,7.28,2.861,0.648
6275,2.883,3.47,0.746
6276,21.642,1.718,0.134
6277,17.434,0.826,0.822
6278,12.728,4.872,0.924
6279,17.481,4.45,0.981
6280,28.267,3.595,0.852
6281,1.806,4.706,0.791
6282,9.728,1.675,0.376
6283,8.889,4.553,0.165
6284,0.938,3.321,0.559
6285,25.396,3.884,0.738
6286,1.009,1.962,0.379
6287,18.283,2.082,0.933
6288,25.221,1.143,0.848
6289,21.217,1.394,0.361
6290,12.659,3.624,0.878
6291,20.418,2.841,0.287
6292,0.047,2.436,0.004
6293,17.136,4.468,0.893
6294,28.591,2.606,0.921
6295,9.089,4.257,0.795
6296,24.644,2.148,0.309
6297,19.365,3.485,0.265
6298,24.351,2.345,0.076
6299,4.628,0.524,0.036
6300,28.446,4.268,0.335
6301,17.893,3.513,0.918
6302,13.647,2.018,0.394
6303,25.198,2.387,0.094
6304,15.451,2.839,0.415
6305,0.883,3.357,0.177
6306,2.102,4.586,0.827
6307,3.33,4.03,0.205
6308,21.965,1.276,0.68
6309,3.846,1.534,0.36
6310,10.912,3.245,0.352
6311,28.177,1.16,0.471
6312,17.29,3.848,0.756
6313,5.41,4.775,0.717
6314,19.14,4.503,0.542
6315,23.435,3.572,0.71
6316,21.809,4.755,0.954
6317,7.242,4.903,0.826
6318,20.865,2.801,0.884
6319,14.484,4.492,0.593
6320,14.674,3.195,0.018
6321,3.936,0.642,0.893
6322,1.86,4.76,0.992
6323,22.276,2.528,0.75
6324,5.621,0.833,0.115
6325,6.033,2.482,0.461
6326,28.675,3.98,0.387
6327,23.197,3.186,0.742
6328,4.06,2.737,0.557
6329,25.555,3.067,0.445
6330,25.472,3.973,0.605
6331,0.814,0.872,0.642
6332,22.63,2.371,0.704
6333,9.018,3.371,0.043
6334,25.772,1.876,0.8
6335,1.27,1.622,0.896
6336,4.921,1.988,0.469
6337,8.899,3.256,0.803
6338,25.62,1.486,0.703
6339,6.175,3.145,0.436
6340,5.165,3.773,0.572
6341,17.491,1.574,0.982
6342,5.563,3.566,0.095
6343,22.191,0.871,0.815
6344,24.114,3.434,0.951
6345,7.055,4.197,0.25
6346,20.686,0.709,0.191
6347,10.163,4.164,0.414
6348,10.122,1.509,0.632
6349,23.693,4.424,0.903
6350,19.951,4.194,0.822
6351,4.861,1.839,0.991
6352,18.321,4.829,0.06
6353,13.311,2.092,0.587
6354,14.033,2.724,0.204
6355,25.569,0.513,0.67
6356,28.347,1.165,0.341
6357,3.125,1.322,0.976
6358,20.391,1.129,0.618
6359,21.559,4.033,0.623
6360,22.104,2.389,0.559
6361,20.383,2.161,0.485
6362,1.164,4.587,0.159
6363,0.385,2.131,0.802
6364,5.678,4.41,0.893
6365,13.602,3.375,0.952
6366,10.347,1.319,0.737
6367,9.508,1.092,0.647
6368,27.02,1.029,0.872
6369,15.88,4.058,0.557
6370,25.482,3.979,0.015
6371,5.951,2.073,0.231
6372,22.955,4.621,0.936
6373,18.996,2.754,0.473
6374,3.156,0.775,0.5
6375,14.323,0.869,0.599
6376,21.1,2.67,0.905
6377,19.754,4.019,0.502
6378,18.542,4.047,0.241
6379,10.45,2.396,0.988
6380,26.43,4.99,0.43
6381,25.263,1.07,0.635
6382,23.044,3.873,0.305
6383,29.812,0.536,0.604
6384,16.903,1.068,0.069
6385,25.139,0.905,0.64
6386,7.308,1.639,0.262
6387,19.003,3.381,0.768
6388,10.214,4.277,0.669
6389,16.426,0.881,0.518
6390,23.176,4.004,0.562
6391,15.725,1.943,0.648
6392,22.399,3.278,0.389
6393,1.003,4.8,0.666
6394,22.543,4.841,0.035
6395,24.529,3.883,0.543
6396,18.872,2.614,0.712
6397,4.649,1.146,0.62
6398,19.063,2.794,0.204
6399,16.386,2.516,0.495
6400,28.037,0.54,0.725
6401,2.204,2.729,0.502
6402,27.493,2.838,0.803
6403,8.058,4.937,0.684
6404,27.665,4.91,0.472
6405,7.297,1.64,0.815
6406,22.503,3.564,0.133
6407,7.448,2.025,0.675
6408,1.627,2.457,0.154
6409,9.006,4.585,0.232
6410,9.645,1.929,0.8
6411,1.379,1.705,0.116
6412,5.088,2.77,0.145
6413,15.635,4.783,0.423
6414,27.215,2.101,0.134
6415,8.095,4.284,0.326
6416,17.521,1.378,0.495
6417,20.396,4.035,0.096
6418,6.754,1.305,0.06
6419,19.408,4.765,0.086
6420,11.833,4.785,0.713
6421,12.724,2.001,0.965
6422,24.881,3.865,0.701
6423,0.029,1.231,0.636
6424,29.747,3.837,0.897
6425,26.229,4.729,0.764
6426,17.641,3.301,0.524
6427,8.293,1.98,0.276
6428,21.367,2.603,0.105
6429,26.073,4.387,0.222
6430,7.868,2.974,0.164
6431,4.701,3.934,0.475
6432,3.355,2.159,0.991
6433,14.954,4.147,0.562
6434,1.704,4.396,0.01
6435,22.83,2.456,0.613
6436,7.991,3.611,0.322
6437,26.611,4.558,0.189
6438,20.156,4.366,0.777
6439,13.336,0.643,0.006
6440,26.632,3.074,0.391
6441,26.552,1.71,0.403
6442,4.425,2.218,0.641
6443,27.687,0.868,0.93
6444,22.497,3.336,0.215
6445,22.749,3.532,0.629
6446,25.36,2.07,0.14
6447,5.403,0.551,0.175
6448,2.591,2.223,0.96
6449,12.121,1.026,0.315
6450,14.952,0.658,0.825
6451,6.894,2.863,0.688
6452,23.182,4.515,0.532
6453,16.005,0.785,0.135
6454,19.631,2.563,0.755
6455,13.449,2.748,0.86
6456,11.496,3.111,0.978
6457,27.163,1.283,0.047
6458,25.64,2.638,0.878
6459,20.844,1.544,0.319
6460,11.966,4.324,0.55
6461,13.554,4.971,0.996
6462,22.176,1.098,0.24
6463,6.214,4.121,0.253
6464,29.229,0.654,0.661
6465,22.044,2.033,0.361
6466,19.85,3.583,0.567
6467,22.372,4.164,0.379
6468,27.839,1.595,0.885
6469,20.6,2.616,0.369
6470,16.03,2.643,0.471
6471,7.962,3.286,0.479
6472,29.991,3.014,0.959
6473,18.079,3.987,0.595
6474,7.304,3.426,0.544
6475,16.9,4.371,0.838
6476,18.617,2.144,0.384
6477,3.754,4.43,0.828
6478,7.977,2.542,0.435
6479,17.216,4.097,0.429
6480,12.297,2.971,0.185
6481,7.563,3.675,0.058
6482,11.868,1.707,0.4
6483,27.783,3.644,0.027
6484,4.668,3.789,0.376
6485,28.539,1.332,0.091
6486,22.117,2.263,0.929
6487,29.383,2.555,0.285
6488,10.386,4.138,0.952
6489,13.246,2.425,0.374
6490,22.996,0.631,0.509
6491,4.455,4.122,0.979
6492,14.945,3.727,0.885
6493,16.936,3.657,0.66
6494,16.939,1.324,0.453
6495,21.372,4.212,0.247
6496,8.191,2.63,0.759
6497,4.107,0.977,0.725
6498,9.294,1.002,0.259
6499,0.997,1.302,0.7
6500,20.479,1.062,0.662
6501,11.424,0.555,0.316
6502,22.647,0.751,0.921
6503,0.728,1.174,0.58
6504,1.382,1.933,0.99
6505,3.896,2.261,0.119
6506,9.648,2.197,0.084
6507,21.549,3.169,0.414
6508,19.782,4.469,0.129
6509,14.135,1.527,0.846
6510,14.968,2.101,0.772
6511,26.037,3.652,0.315
6512,29.225,0.973,0.519
6513,18.622,4.61,0.177
6514,15.333,4.805,0.331
6515,9.197,2.11,0.966
6516,26.324,0.612,0.038
6517,16.801,1.222,0.757
6518,13.313,4.841,0.889
6519,7.32,0.603,0.192
6520,11.005,3.812,0.194
6521,14.307,1.082,0.101
6522,24.233,2.014,0.322
6523,5.815,2.691,0.869
6524,19.926,1.623,0.9
6525,18.662,2.007,0.843
6526,9.143,1.212,0.113
6527,14.562,2.491,0.975
6528,23.349,1.135,0.662
6529,22.756,3.596,0.209
6530,16.309,2.683,0.934
6531,20.708,3.093,0.38
6532,29.147,2.51,0.463
6533,8.82,3.051,0.787
6534,28.922,2.227,0.13
6535,18.963,0.983,0.985
6536,22.022,2.943,0.471
6537,21.336,1.458,0.682
6538,17.556,2.747,0.769
6539,8.795,1.808,0.724
6540,20.015,3.048,0.557
6541,25.415,1.058,0.666
6542,14.655,4.028,0.909
6543,29.939,1.864,0.382
6544,2.349,3.963,0.16
6545,29.26,1.472,0.617
6546,15.355,4.947,0.83
6547,26.316,3.929,0.372
6548,28.03,1.657,0.804
6549,15.81,0.738,0.21
6550,5.433,2.75,0.713
6551,13.326,3.791,0.385
6552,27.535,0.747,0.292
6553,13.829,3.667,0.944
6554,2.108,3.069,0.458
6555,17.723,0.873,0.91
6556,26.386,1.229,0.764
6557,28.252,3.442,0.069
6558,23.551,2.203,0.119
6559,25.121,3.554,0.066
6560,20.19,4.448,0.971
6561,6.235,1.471,0.119
6562,13.871,1.329,0.822
6563,16.475,0.91,0.299
6564,3.136,2.422,0.12
6565,29.335,4.159,0.602
6566,21.281,4.541,0.264
6567,1.825,4.375,0.867
6568,25.408,3.214,0.035
6569,19.837,4.369,0.703
6570,16.654,1.901,0.296
6571,29.534,3.437,0.303
6572,19.773,2.342,0.126
6573,16.837,4.742,0.467
6574,10.606,3.966,0.829
6575,11.542,3.214,0.532
6576,25.153,0.762,0.185
6577,19.851,4.857,0.404
6578,24.189,3.197,0.342
6579,22.951,4.733,0.929
6580,20.21,2.119,0.71
6581,2.27,0.899,0.263
6582,5.758,1.307,0.811
6583,18.655,2.682,0.303
6584,16.894,3.054,0.076
6585,25.877,4.682,0.416
6586,3.965,1.022,0.146
6587,26.541,1.112,0.449
6588,21.072,1.597,0.993
6589,8.687,2.955,0.629
6590,16.491,2.137,0.527
6591,20.741,1.756,0.738
6592,6.526,4.827,0.402
6593,10.959,2.509,0.777
6594,26.373,4.939,0.237
6595,12.532,2.084,0.751
6596,1.426,4.445,0.207
6597,15.166,2.84,0.721
6598,17.092,4.245,0.351
6599,20.419,2.691,0.92
6600,25.373,3.277,0.606
6601,8.157,3.604,0.028
6602,27.279,4.591,0.319
6603,16.466,1.704,0.33
6604,1.193,2.125,0.89
6605,25.867,0.996,0.606
6606,0.944,4.929,0.702
6607,12.091,1.078,0.494
6608,14.849,1.467,0.116
6609,1.039,1.627,0.663
6610,19.032,3.676,0.887
6611,26.643,1.025,0.934
6612,28.302,0.89,0.506
6613,7.692,2.199,0.37
6614,6.778,0.591,0.755
6615,11.899,4.9,0.542
6616,25.573,2.461,0.178
6617,18.329,2.507,0.014
6618,23.239,3.4,0.012
6619,28.429,3.517,0.865
6620,18.107,1.009,0.794
6621,9.618,2.493,0.511
6622,13.814,0.945,0.485
6623,12.028,4.044,0.358
6624,28.416,2.612,0.253
6625,7.113,1.762,0.427
6626,17.801,3.924,0.432
6627,18.237,3.566,0.916
6628,12.57,1.91,0.306
6629,12.22,4.281,0.897
6630,12.322,4.578,0.626
6631,15.735,1.55,0.572
6632,19.298,1.344,0.147
6633,13.703,2.794,0.493
6634,8.935,0.83,0.566
6635,11.697,4.391,0.677
6636,4.091,2.579,0.5
6637,26.71,4.199,0.71
6638,1.56,0.908,0.474
6639,23.862,3.992,0.412
6640,4.763,2.451,0.654
6641,9.674,3.882,0.578
6642,23.618,4.299,0.178
6643,0.81,4.619,0.528
6644,15.114,1.045,0.054
6645,12.669,1.301,0.58
6646,27.259,4.981,0.358
6647,24.472,2.328,0.213
6648,17.416,3.08,0.591
6649,0.761,1.38,0.245
6650,25.176,4.525,0.473
6651,10.264,3.419,0.602
6652,28.535,4.372,0.426
6653,27.196,1.445,0.135
6654,22.337,0.681,0.844
6655,8.806,1.652,0.692
6656,2.432,3.155,0.804
6657,3.732,1.014,0.391
6658,5.178,1.515,0.086
6659,1.615,3.548,0.582
6660,2.353,1.4,0.091
6661,12.619,3.801,0.579
6662,26.295,2.291,0.39
6663,15.426,1.886,0.359
6664,15.344,4.689,0.759
6665,8.341,2.407,0.205
6666,19.203,3.736,0.331
6667,14.031,2.627,0.39
6668,16.247,4.352,0.012
6669,13.795,1.524,0.294
6670,23.49,1.722,0.549
6671,12.855,0.897,0.399
6672,13.166,3.01,0.911
6673,19.65,1.048,0.293
6674,3.386,0.589,0.592
6675,5.455,2.996,0.453
6676,8.417,1.42,0.168
6677,10.124,2.026,0.411
6678,14.822,4.191,0.825
6679,10.472,4.359,0.427
6680,5.205,1.536,0.654
6681,10.246,2.846,0.574
6682,20.114,4.413,0.174
6683,7.033,2.712,0.471
6684,17.035,3.165,0.717
6685,21.826,0.713,0.577
6686,25.077,3.191,0.526
6687,1.753,3.312,0.868
6688,17.424,2.094,0.301
6689,5.87,1.174,0.999
6690,13.602,3.873,0.874
6691,14.927,4.181,0.492
6692,11.123,4.438,0.237
6693,19.3,1.922,0.025
6694,0.317,3.317,0.337
6695,17.0,4.075,0.096
6696,21.435,4.213,0.819
6697,16.334,1.399,0.114
6698,25.806,4.45,0.106
6699,13.884,2.858,0.091
6700,13.612,2.083,0.56
6701,25.844,0.8,0.301
6702,27.147,3.179,0.231
6703,15.507,4.07,0.522
6704,29.561,3.841,0.915
6705,21.513,3.175,0.698
6706,20.327,2.286,0.63
6707,22.464,4.446,0.865
6708,3.649,3.239,0.626
6709,5.632,2.504,0.649
6710,1.794,2.42,0.021
6711,3.393,0.955,0.27
6712,27.934,4.637,0.269
6713,23.426,0.544,0.909
6714,6.978,4.907,0.234
6715,8.397,2.133,0.595
6716,20.072,2.211,0.184
6717,25.439,4.126,0.63
6718,12.859,2.292,0.597
6719,5.33,1.08,0.084
6720,0.373,0.909,0.297
6721,29.084,3.068,0.425
6722,10.689,2.462,0.499
6723,27.097,1.915,0.943
6724,17.031,3.409,0.048
6725,17.21,3.563,0.514
6726,24.799,3.37,0.166
6727,21.845,3.43,0.422
6728,6.15,2.005,0.134
6729,3.877,4.384,0.363
6730,5.938,4.914,0.684
6731,17.148,1.466,0.103
6732,23.302,3.297,0.575
6733,27.816,1.481,0.804
6734,15.849,4.067,0.856
6735,3.365,3.06,0.624
6736,9.662,2.891,0.853
6737,10.681,0.995,0.824
6738,7.981,4.31,0.282
6739,13.389,1.266,0.53
6740,18.467,3.268,0.797
6741,18.913,1.512,0.598
6742,5.657,4.635,0.224
6743,11.91,3.044,0.648
6744,3.643,4.687,0.765
6745,3.479,1.806,0.307
6746,18.281,1.008,0.274
6747,24.034,3.657,0.117
6748,19.241,1.146,0.875
6749,17.526,2.613,0.984
6750,27.99,0.583,0.354
6751,12.488,1.545,0.535
6752,22.195,3.576,0.556
6753,0.308,1.103,0.357
6754,17.888,1.415,0.717
6755,16.813,1.578,0.191
6756,29.075,3.919,0.894
6757,23.384,0.514,0.863
6758,4.612,3.265,0.671
6759,10.512,1.246,0.942
6760,15.475,0.845,0.294
6761,9.786,4.315,0.363
6762,5.446,1.359,0.397
6763,19.388,1.067,0.708
6764,20.963,0.621,0.308
6765,0.434,1.179,0.986
6766,0.388,0.778,0.658
6767,5.37,0.895,0.242
6768,28.193,3.673,0.417
6769,29.206,4.745,0.719
6770,13.052,4.719,0.813
6771,2.416,0.732,0.549
6772,15.905,1.358,0.99
6773,25.158,0.501,0.705
6774,27.718,1.236,0.197
6775,27.479,0.675,0.914
6776,4.731,2.885,0.194
6777,1.742,3.751,0.466
6778,27.857,3.172,0.046
6779,4.043,4.866,0.848
6780,7.803,2.328,0.037
6781,8.771,4.227,0.497
6782,23.588,4.367,0.411
6783,5.889,3.727,0.086
6784,9.896,4.669,0.039
6785,0.551,2.66,0.93
6786,21.724,1.799,0.69
6787,5.147,1.373,0.419
6788,13.1,2.58,0.045
6789,14.177,4.776,0.754
6790,8.14,4.634,0.885
6791,3.316,0.626,0.473
6792,6.865,0.632,0.127
6793,15.175,0.52,0.019
6794,17.811,1.963,0.127
6795,22.956,0.891,0.348
6796,1.446,1.926,0.673
6797,14.274,3.515,0.899
6798,4.398,3.513,0.199
6799,26.665,4.373,0.268
6800,10.446,4.118,0.369
6801,21.848,3.22,0.136
6802,9.435,0.95,0.759
6803,29.86,2.09,0.955
6804,5.875,3.711,0.186
6805,10.49,4.949,0.256
6806,14.894,3.868,0.892
6807,15.163,1.065,0.546
6808,26.554,2.001,0.935
6809,5.936,4.291,0.206
6810,11.488,2.733,0.904
6811,7.647,4.245,0.846
6812,21.243,1.349,0.997
6813,17.517,2.295,0.882
6814,19.507,3.539,0.272
6815,6.315,3.619,0.267
6816,9.199,1.557,0.459
6817,25.511,4.335,0.598
6818,21.527,2.228,0.413
6819,16.753,1.209,0.001
6820,29.924,1.541,0.875
6821,7.548,0.792,0.347
6822,28.617,2.633,0.956
6823,15.009,2.191,0.452
6824,17.765,1.959,0.632
6825,20.426,1.003,0.825
6826,24.673,3.143,0.254
6827,26.637,0.834,0.422
6828,0.652,4.131,0.371
6829,21.176,4.039,0.88
6830,10.07,4.443,0.877
6831,7.877,3.012,0.309
6832,9.475,0.625,0.741
6833,17.689,4.78,0.382
6834,27.422,4.411,0.506
6835,27.567,0.597,0.128
6836,0.571,1.616,0.075
6837,25.872,3.318,0.935
6838,7.05,2.864,0.213
6839,6.806,1.801,0.636
6840,6.156,0.546,0.843
6841,14.476,1.729,0.089
6842,5.713,3.021,0.567
6843,3.939,1.634,0.834
6844,23.061,4.476,0.57
6845,19.148,0.989,0.111
6846,17.596,1.014,0.906
6847,10.021,4.256,0.498
6848,13.852,4.477,0.908
6849,22.173,1.149,0.8
6850,11.452,2.004,0.144
6851,23.142,3.248,0.451
6852,2.588,4.702,0.05
6853,7.236,0.669,0.701
6854,26.286,1.919,0.079
6855,15.981,2.162,0.022
6856,19.02,3.274,0.107
6857,15.716,0.799,0.746
6858,9.912,2.573,0.565
6859,2.815,1.485,0.931
6860,2.672,4.307,0.436
6861,23.123,3.992,0.342
6862,1.801,3.198,0.94
6863,24.714,3.364,0.191
6864,12.374,3.679,0.411
6865,19.996,3.117,0.723
6866,12.672,0.644,0.007
6867,24.907,0.78,0.138
6868,18.565,1.407,0.397
6869,20.162,1.24,0.366
6870,10.924,2.727,0.802
6871,17.809,1.47,0.203
6872,6.914,0.769,0.894
6873,13.972,1.839,0.552
6874,4.754,2.989,0.943
6875,20.654,1.725,0.549
6876,26.545,3.732,0.251
6877,11.576,3.772,0.637
6878,21.739,1.819,0.077
6879,8.994,0.955,0.303
6880,28.892,4.524,0.308
6881,11.664,0.932,0.073
6882,14.126,4.272,0.722
6883,23.25,2.869,0.747
6884,25.849,1.212,0.542
6885,23.648,3.302,0.779
6886,14.25,1.769,0.233
6887,23.942,1.698,0.517
6888,8.008,1.272,0.457
6889,26.268,2.232,0.8
6890,8.306,1.219,0.734
6891,7.417,0.723,0.424
6892,5.186,1.572,0.368
6893,0.107,1.299,0.969
6894,7.409,1.021,0.485
6895,16.71,1.394,0.295
6896,18.938,2.934,0.036
6897,13.453,3.292,0.323
6898,26.043,2.556,0.912
6899,28.737,3.306,0.391
6900,1.639,3.819,0.838
6901,16.74,3.858,0.797
6902,26.703,4.702,0.811
6903,12.506,2.038,0.162
6904,17.675,0.841,0.967
6905,25.296,1.048,0.554
6906,18.094,2.497,0.901
6907,18.578,1.424,0.476
6908,8.977,3.87,0.457
6909,19.919,4.855,0.812
6910,22.761,2.804,0.372
6911,24.899,0.731,0.279
6912,16.405,2.512,0.007
6913,17.386,4.665,0.963
6914,26.602,3.013,0.918
6915,12.354,2.743,0.941
6916,19.351,0.618,0.682
6917,26.725,3.876,0.887
6918,2.784,0.915,0.595
6919,10.829,2.221,0.394
6920,15.806,1.089,0.298
6921,12.646,4.881,0.372
6922,8.337,3.958,0.468
6923,15.181,3.142,0.035
6924,16.954,3.326,0.155
6925,11.234,1.446,0.556
6926,18.782,4.123,0.008
6927,28.503,1.792,0.454
6928,18.355,1.227,0.039
6929,2.66,1.158,0.935
6930,9.81,0.783,0.305
6931,16.376,3.735,0.204
6932,4.977,0.691,0.601
6933,10.323,1.773,0.775
6934,29.129,4.19,0.319
6935,12.082,3.66,0.201
6936,23.163,0.789,0.551
6937,19.607,3.68,0.265
6938,19.532,4.007,0.072
6939,24.594,4.486,0.903
6940,11.579,3.972,0.853
6941,22.208,2.916,0.289
6942,23.711,2.133,0.321
6943,13.504,4.294,0.079
6944,20.345,1.75,0.135
6945,8.475,0.96,0.004
6946,8.258,0.771,0.593
6947,17.774,1.431,0.718
6948,20.457,4.043,0.952
6949,16.081,4.143,0.087
6950,16.39,4.589,0.252
6951,8.12,3.472,0.91
6952,17.345,2.135,0.001
6953,25.477,1.778,0.291
6954,26.935,3.746,0.615
6955,28.38,3.14,0.626
6956,4.673,1.742,0.919
6957,3.757,2.644,0.294
6958,14.192,3.137,0.979
6959,4.311,1.897,0.179
6960,3.08,3.355,0.147
6961,21.601,1.583,0.825
6962,10.145,4.404,0.594
6963,18.892,2.09,0.95
6964,29.944,1.414,0.425
6965,10.481,3.047,0.661
6966,7.234,3.683,0.142
6967,3.659,2.567,0.36
6968,2.516,0.987,0.137
6969,18.462,3.897,0.182
6970,17.473,3.467,0.492
6971,9.402,1.12,0.218
6972,26.446,3.607,0.426
6973,3.047,1.201,0.779
6974,26.408,2.852,0.659
6975,20.183,0.737,0.023
6976,20.186,4.381,0.864
6977,18.404,4.736,0.884
6978,15.14,1.271,0.17
6979,11.313,1.253,0.543
6980,20.659,0.919,0.97
6981,0.154,2.275,0.268
6982,12.935,0.92,0.223
6983,3.63,4.184,0.544
6984,17.962,2.401,0.159
6985,29.51,1.308,0.146
6986,8.639,0.54,0.25
6987,11.45,2.225,0.851
6988,6.692,0.798,0.237
6989,5.392,4.038,0.253
6990,15.399,4.81,0.632
6991,27.378,2.444,0.026
6992,6.33,3.671,0.766
6993,25.664,0.835,0.198
6994,13.222,0.749,0.29
6995,18.812,3.716,0.934
6996,3.439,1.306,0.141
6997,25.971,4.267,0.089
6998,16.729,2.563,0.305
6999,15.861,2.149,0.363
7000,22.607,1.223,0.468
7001,8.998,2.191,0.639
7002,4.033,0.926,0.786
7003,16.319,3.938,0.296
7004,7.363,3.339,0.879
7005,1.375,1.346,0.95
7006,1.368,4.82,0.766
7007,7.794,2.985,0.344
7008,7.052,2.455,0.546
7009,29.546,0.964,0.984
7010,13.639,3.942,0.906
7011,23.433,2.315,0.075
7012,19.435,3.559,0.434
7013,20.675,0.894,0.324
7014,22.875,1.243,0.518
7015,9.122,1.352,0.769
7016,20.475,3.153,0.735
7017,1.711,3.95,0.117
7018,11.086,1.179,0.916
7019,15.39,1.714,0.083
7020,19.814,3.323,0.018
7021,2.091,4.59,0.271
7022,24.207,4.711,0.292
7023,20.99,4.67,0.985
7024,26.156,2.193,0.069
7025,11.962,3.63,0.65
7026,26.097,1.712,0.013
7027,8.001,1.422,0.685
7028,2.851,2.386,0.922
7029,5.587,1.096,0.22
7030,28.929,1.681,0.219
7031,21.705,0.533,0.314
7032,23.358,0.982,0.683
7033,10.072,4.506,0.179
7034,3.382,4.186,0.862
7035,16.037,4.484,0.84
7036,17.188,3.31,0.425
7037,6.708,1.071,0.456
7038,5.789,1.471,0.39
7039,23.29,2.224,0.786
7040,10.575,1.348,0.32
7041,2.325,4.64,0.339
7042,17.056,0.645,0.084
7043,6.81,2.47,0.236
7044,5.615,3.665,0.647
7045,16.18,3.267,0.758
7046,2.527,3.85,0.73
7047,14.294,2.716,0.837
7048,1.533,3.441,0.356
7049,18.391,3.96,0.338
7050,11.857,2.681,0.054
7051,13.232,3.671,0.685
7052,13.874,2.697,0.329
7053,13.125,2.332,0.229
7054,25.76,4.246,0.083
7055,1.243,2.382,0.324
7056,8.993,4.666,0.178
7057,25.123,4.681,0.202
7058,22.577,1.632,0.579
7059,15.24,1.263,0.633
7060,20.558,3.766,0.181
7061,13.209,2.571,0.5
7062,1.781,4.031,0.555
7063,26.863,0.742,0.191
7064,20.884,4.898,0.042
7065,28.006,2.559,0.136
7066,29.471,3.973,0.131
7067,13.275,2.957,0.019
7068,3.929,3.191,0.018
7069,24.362,4.723,0.443
7070,28.173,1.23,0.121
7071,5.114,1.607,0.114
7072,4.631,3.348,0.81
7073,14.738,0.571,0.786
7074,22.443,1.449,0.093
7075,19.282,2.268,0.652
7076,27.228,2.723,0.589
7077,13.724,4.47,0.011
7078,1.169,3.982,0.921
7079,8.454,1.679,0.224
7080,13.088,1.033,0.071
7081,27.178,2.674,0.417
7082,10.398,0.503,0.423
7083,26.054,3.808,0.805
7084,27.437,3.095,0.041
7085,13.339,3.646,0.975
7086,21.752,0.927,0.1
7087,22.974,4.159,0.972
7088,19.233,0.985,0.313
7089,5.415,3.099,0.04
7090,15.639,1.607,0.369
7091,8.514,4.28,0.274
7092,6.954,2.465,0.816
7093,24.219,3.26,0.228
7094,17.501,3.397,0.261
7095,3.415,4.536,0.893
7096,10.267,2.426,0.588
7097,10.937,3.147,0.512
7098,4.247,3.225,0.926
7099,13.208,2.676,0.974
7100,29.804,0.842,0.42
7101,28.238,4.622,0.326
7102,28.519,3.638,0.79
7103,29.196,3.667,0.277
7104,4.053,0.574,0.429
7105,9.89,3.541,0.438
7106,28.336,0.526,0.933
7107,14.582,2.735,0.564
7108,18.73,0.504,0.726
7109,26.856,1.104,0.93
7110,28.034,2.103,0.074
7111,10.959,3.893,0.438
7112,19.102,1.616,0.203
7113,14.602,1.327,0.791
7114,4.555,1.062,0.62
7115,3.869,0.853,0.171
7116,6.905,3.658,0.542
7117,4.97,0.882,0.699
7118,11.736,1.095,0.286
7119,28.816,1.829,0.318
7120,22.894,3.533,0.623
7121,25.497,2.293,0.995
7122,27.059,1.867,0.651
7123,18.961,2.49,0.384
7124,3.595,3.581,0.848
7125,29.019,1.598,0.764
7126,16.275,2.225,0.691
7127,26.941,1.321,0.1
7128,17.668,2.085,0.535
7129,3.682,2.73,0.969
7130,29.538,0.681,0.433
7131,7.67,3.656,0.691
7132,20.149,4.883,0.227
7133,17.908,3.358,0.999
7134,21.635,0.622,0.045
7135,26.491,2.549,0.136
7136,2.057,1.09,0.951
7137,16.346,4.931,0.196
7138,16.251,0.886,0.492
7139,22.77,2.482,0.258
7140,16.946,4.672,0.978
7141,4.211,2.286,0.319
7142,8.527,2.34,0.643
7143,23.391,1.846,0.382
7144,12.451,4.264,0.283
7145,12.957,0.851,0.982
7146,19.647,1.495,0.465
7147,6.384,4.026,0.278
7148,0.409,2.8,0.978
7149,29.436,3.762,0.115
7150,22.329,1.21,0.796
7151,28.003,0.623,0.84
7152,0.377,3.389,0.256
7153,9.666,2.797,0.389
7154,17.468,3.874,0.033
7155,2.845,1.873,0.33
7156,3.435,2.583,0.122
7157,23.703,2.576,0.349
7158,18.199,2.663,0.401
7159,28.08,3.757,0.58
7160,14.148,4.129,0.114
7161,15.428,3.78,0.539
7162,12.064,4.437,0.556
7163,13.178,3.791,0.3
7164,0.589,4.12,0.57
7165,20.752,4.057,0.613
7166,24.346,3.223,0.33
7167,10.442,3.523,0.624
7168,4.161,2.587,0.124
7169,10.745,4.931,0.862
7170,1.902,2.214,0.278
7171,23.594,4.597,0.469
7172,6.598,2.151,0.661
7173,16.602,4.553,0.546
7174,0.911,3.398,0.27
7175,6.374,1.698,0.413
7176,21.031,4.101,0.299
7177,17.904,4.395,0.92
7178,7.455,4.93,0.083
7179,22.673,4.844,0.556
7180,24.791,1.517,0.17
7181,13.927,4.304,0.448
7182,7.811,4.318,0.711
7183,12.125,1.334,0.691
7184,9.251,2.287,0.08
7185,26.887,2.122,0.071
7186,28.06,2.754,0.232
7187,0.183,0.658,0.075
7188,29.036,2.463,0.513
7189,5.559,1.335,0.799
7190,20.021,4.6,0.798
7191,15.758,3.135,0.916
7192,18.026,3.328,0.725
7193,2.675,4.144,0.131
7194,19.413,4.01,0.652
7195,20.006,0.894,0.691
7196,27.704,2.689,0.09
7197,21.447,3.394,0.837
7198,28.246,1.635,0.339
7199,25.706,4.504,0.076
7200,29.038,1.696,0.879
7201,10.863,1.236,0.256
7202,11.808,2.43,0.881
7203,27.85,3.471,0.458
7204,27.76,4.972,0.182
7205,9.652,2.051,0.807
7206,2.358,2.74,0.902
7207,22.253,0.771,0.818
7208,14.413,1.791,0.378
7209,10.082,3.8,0.895
7210,1.855,1.522,0.226
7211,24.816,4.872,0.857
7212,24.406,0.52,0.637
7213,29.397,1.641,0.618
7214,20.602,4.95,0.232
7215,24.455,3.235,0.054
7216,14.697,3.906,0.854
7217,22.675,4.6,0.239
7218,8.481,4.998,0.003
7219,6.61,1.083,0.671
7220,29.609,1.627,0.343
7221,12.319,2.397,0.529
7222,24.785,3.227,0.533
7223,7.172,4.604,0.758
7224,15.406,3.841,0.917
7225,7.718,1.829,0.649
7226,6.949,2.833,0.145
7227,28.94,2.165,0.591
7228,15.31,1.85,0.86
7229,5.683,4.034,0.583
7230,2.625,4.599,0.297
7231,1.512,0.936,0.36
7232,6.767,1.145,0.263
7233,5.038,1.267,0.233
7234,21.352,1.832,0.852
7235,24.385,4.795,0.693
7236,0.595,2.362,0.311
7237,22.985,1.891,0.908
7238,17.782,3.006,0.826
7239,26.327,4.762,0.62
7240,25.206,2.527,0.606
7241,8.495,2.505,0.141
7242,0.117,2.148,0.307
7243,6.678,3.109,0.061
7244,2.053,2.446,0.668
7245,16.13,1.978,0.401
7246,6.358,3.548,0.398
7247,6.337,2.95,0.416
7248,13.213,1.911,0.345
7249,9.165,0.982,0.548
7250,5.927,1.422,0.678
7251,10.815,1.226,0.729
7252,8.099,4.738,0.212
7253,26.857,4.23,0.826
7254,25.247,3.608,0.288
7255,9.577,3.779,0.286
7256,24.057,1.857,0.269
7257,1.898,4.815,0.449
7258,24.437,3.128,0.658
7259,0.686,4.289,0.896
7260,20.891,3.842,0.919
7261,11.818,0.936,0.764
7262,21.593,0.727,0.386
7263,29.675,0.845,0.698
7264,1.239,4.243,0.281
7265,15.248,4.222,0.66
7266,27.426,4.747,0.051
7267,20.893,3.066,0.836
7268,18.927,4.559,0.055
7269,18.805,2.55,0.119
7270,12.471,1.983,0.787
7271,24.662,0.971,0.788
7272,5.111,4.124,0.95
7273,1.525,1.362,0.053
7274,27.874,3.122,0.803
7275,27.899,0.86,0.123
7276,13.591,3.641,0.905
7277,26.697,1.524,0.153
7278,12.385,3.481,0.847
7279,23.68,1.817,0.688
7280,9.613,1.487,0.782
7281,16.36,4.115,0.2
7282,3.135,0.998,0.911
7283,24.155,3.561,0.131
7284,8.431,2.862,0.517
7285,27.171,4.185,0.115
7286,16.627,3.387,0.025
7287,26.417,1.679,0.623
7288,17.451,4.086,0.782
7289,2.001,4.046,0.226
7290,10.305,3.263,0.886
7291,4.749,0.684,0.959
7292,21.285,4.257,0.431
7293,27.203,4.869,0.9
7294,0.708,1.605,0.692
7295,16.497,2.688,0.42
7296,20.635,4.445,0.775
7297,21.533,1.883,0.787
7298,10.615,1.937,0.298
7299,25.514,4.867,0.28
7300,25.027,2.927,0.302
7301,26.409,3.544,0.532
7302,7.614,1.055,0.47
7303,18.003,4.105,0.55
7304,10.875,1.576,0.379
7305,6.121,4.147,0.897
7306,4.794,1.291,0.683
7307,25.788,1.42,0.692
7308,5.502,2.892,0.897
7309,20.079,3.883,0.916
7310,11.844,1.24,0.814
7311,9.955,1.76,0.393
7312,15.013,4.696,0.226
7313,26.098,3.148,0.966
7314,23.981,4.369,0.094
7315,17.06,3.342,0.268
7316,18.064,4.331,0.333
7317,8.324,3.957,0.324
7318,21.181,2.731,0.57
7319,6.49,3.109,0.619
7320,12.429,4.844,0.045
7321,0.22,4.247,0.36
7322,14.977,1.477,0.489
7323,20.604,2.086,0.125
7324,23.226,4.474,0.254
7325,28.863,4.583,0.939
7326,6.288,2.681,0.061
7327,6.657,3.887,0.952
7328,11.773,1.642,0.801
7329,26.372,1.998,0.08
7330,13.056,2.609,0.509
7331,27.561,2.097,0.56
7332,11.982,3.378,0.405
7333,8.744,3.961,0.113
7334,10.542,1.225,0.121
7335,16.599,0.993,0.245
7336,10.287,3.134,0.814
7337,22.864,4.814,0.845
7338,12.069,4.631,0.761
7339,25.956,2.898,0.778
7340,12.384,2.827,0.012
7341,9.364,4.721,0.249
7342,20.861,4.673,0.489
7343,2.321,3.691,0.566
7344,21.328,3.709,0.922
7345,16.836,0.91,0.022
7346,21.421,0.809,0.093
7347,11.705,3.112,0.534
7348,9.867,3.294,0.374
7349,22.62,0.915,0.783
7350,18.035,1.528,0.523
7351,6.709,3.699,0.414
7352,10.592,0.994,0.993
7353,18.022,2.383,0.643
7354,7.231,1.432,0.696
7355,23.743,4.902,0.903
7356,10.717,2.069,0.45
7357,21.758,3.404,0.667
7358,15.952,2.722,0.583
7359,15.111,3.678,0.073
7360,7.59,2.756,0.998
7361,20.325,1.789,0.211
7362,13.753,0.693,0.972
7363,24.803,1.697,0.968
7364,4.429,4.161,0.856
7365,20.309,1.462,0.477
7366,26.038,2.596,0.174
7367,26.823,1.879,0.159
7368,6.489,1.469,0.346
7369,0.252,3.282,0.421
7370,21.36,1.447,0.86
7371,14.845,1.3,0.813
7372,19.48,4.757,0.898
7373,9.263,1.709,0.98
7374,22.412,0.589,0.243
7375,11.928,1.154,0.173
7376,1.318,0.796,0.044
7377,6.039,3.781,0.765
7378,12.516,3.989,0.032
7379,25.412,3.52,0.626
7380,15.604,0.882,0.838
7381,5.38,4.947,0.69
7382,27.4,0.916,0.836
7383,22.486,3.896,0.441
7384,10.139,2.97,0.035
7385,13.867,2.068,0.812
7386,22.065,3.689,0.519
7387,13.525,4.044,0.679
7388,12.74,3.325,0.633
7389,11.293,1.688,0.921
7390,18.185,0.906,0.162
7391,23.835,3.438,0.711
7392,19.776,4.647,0.852
7393,22.024,1.177,0.801
7394,14.733,4.108,0.027
7395,16.399,3.854,0.115
7396,12.049,1.735,0.686
7397,26.056,2.956,0.015
7398,0.311,4.132,0.316
7399,4.487,4.149,0.935
7400,29.91,4.128,0.388
7401,12.29,2.61,0.497
7402,29.516,3.611,0.76
7403,3.445,0.876,0.203
7404,19.946,0.963,0.861
7405,1.696,4.414,0.927
7406,13.479,4.904,0.369
7407,8.814,1.905,0.999
7408,0.929,4.345,0.076
7409,12.458,2.497,0.764
7410,19.155,1.167,0.037
7411,2.88,2.714,0.958
7412,7.15,4.443,0.646
7413,5.971,3.289,0.98
7414,19.62,1.7,0.39
7415,1.437,2.011,0.909
7416,22.174,0.644,0.77
7417,9.517,0.807,0.091
7418,26.849,1.658,0.553
7419,3.475,4.578,0.572
7420,7.939,1.234,0.03
7421,4.083,4.457,0.115
7422,15.069,2.58,0.099
7423,9.524,1.999,0.675
7424,8.83,2.283,0.347
7425,15.944,0.654,0.485
7426,6.55,4.592,0.333
7427,0.036,2.06,0.395
7428,3.676,3.501,0.612
7429,22.74,3.676,0.224
7430,5.625,3.345,0.796
7431,14.634,3.801,0.93
7432,28.553,4.923,0.611
7433,4.661,2.273,0.393
7434,22.602,4.657,0.817
7435,21.825,0.893,0.195
7436,18.308,3.033,0.828
7437,5.238,4.88,0.704
7438,6.82,3.424,0.867
7439,23.755,4.952,0.83
7440,14.648,1.346,0.665
7441,11.04,3.623,0.792
7442,23.409,3.401,0.975
7443,3.033,0.797,0.321
7444,14.798,1.799,0.196
7445,17.667,4.475,0.962
7446,8.396,0.709,0.402
7447,3.527,4.094,0.456
7448,1.976,3.535,0.178
7449,29.17,2.426,0.617
7450,15.213,1.076,0.33
7451,6.405,3.228,0.079
7452,7.969,2.321,0.103
7453,5.859,4.191,0.709
7454,4.745,3.128,0.748
7455,6.879,1.796,0.521
7456,28.112,4.152,0.309
7457,8.089,3.125,0.159
7458,15.047,2.89,0.53
7459,21.069,0.736,0.538
7460,4.32,4.983,0.96
7461,3.584,2.642,0.934
7462,11.178,0.745,0.212
7463,10.493,1.068,0.971
7464,17.322,4.887,0.283
7465,1.424,4.962,0.625
7466,22.778,2.419,0.328
7467,1.879,1.998,0.917
7468,5.901,4.879,0.262
7469,9.473,0.945,0.973
7470,21.098,2.16,0.692
7471,0.38,3.448,0.774
7472,16.305,3.981,0.169
7473,15.034,4.991,0.15
7474,22.603,3.893,0.414
7475,18.548,4.668,0.139
7476,25.088,1.0,0.94
7477,24.861,3.972,0.253
7478,25.892,3.787,0.45
7479,20.762,3.095,0.48
7480,3.358,4.66,0.156
7481,26.218,2.109,0.18
7482,17.341,0.98,0.672
7483,15.552,3.134,0.261
7484,14.017,3.745,0.276
7485,11.115,3.173,0.412
7486,23.316,3.224,0.693
7487,2.274,4.812,0.162
7488,16.892,3.772,0.587
7489,17.966,2.475,0.302
7490,3.982,1.602,0.887
7491,4.45,1.537,0.136
7492,14.311,1.683,0.579
7493,3.418,3.151,0.318
7494,13.816,4.303,0.593
7495,2.045,2.093,0.693
7496,26.286,3.293,0.987
7497,0.771,4.276,0.278
7498,1.015,1.249,0.914
7499,26.841,2.216,0.049
7500,28.2,2.444,0.336
7501,25.847,4.54,0.336
7502,29.618,0.76,0.877
7503,22.24,4.263,0.628
7504,15.263,4.141,0.877
7505,13.606,1.068,0.148
7506,8.448,1.323,0.772
7507,20.063,3.428,0.745
7508,2.708,1.83,0.988
7509,11.836,1.497,0.828
7510,18.995,1.954,0.793
7511,11.574,3.638,0.945
7512,6.178,4.103,0.911
7513,19.937,4.651,0.076
7514,29.622,2.821,0.599
7515,21.555,2.904,0.772
7516,14.869,0.571,0.354
7517,15.149,3.077,0.787
7518,29.96,2.466,0.114
7519,8.285,1.769,0.428
7520,7.03,4.383,0.165
7521,4.759,2.736,0.459
7522,12.742,0.926,0.667
7523,21.567,2.553,0.335
7524,9.619,3.353,0.589
7525,9.711,3.672,0.246
7526,9.426,2.654,0.536
7527,8.045,2.109,0.895
7528,10.628,2.095,0.838
7529,24.858,3.233,0.781
7530,28.865,4.816,0.103
7531,4.514,1.896,0.038
7532,5.741,4.847,0.84
7533,16.915,2.643,0.029
7534,9.129,4.768,0.37
7535,27.879,4.407,0.609
7536,0.975,2.672,0.816
7537,28.532,1.213,0.51
7538,28.213,3.751,0.404
7539,1.239,2.571,0.18
7540,22.508,0.911,0.605
7541,25.873,3.412,0.03
7542,0.533,1.624,0.715
7543,25.323,4.013,0.466
7544,20.406,1.479,0.505
7545,8.896,4.548,0.491
7546,19.153,0.891,0.588
7547,10.047,4.466,0.674
7548,24.844,0.569,0.753
7549,25.03,3.91,0.226
7550,2.197,1.435,0.324
7551,28.715,0.572,0.96
7552,17.297,3.594,0.814
7553,19.495,0.607,0.274
7554,4.201,3.557,0.095
7555,19.608,1.198,0.461
7556,6.396,4.152,0.931
7557,12.572,3.021,0.557
7558,21.158,4.211,0.171
7559,10.323,2.043,0.292
7560,28.981,0.976,0.602
7561,15.623,1.268,0.269
7562,7.378,2.498,0.4
7563,7.675,3.976,0.638
7564,2.687,0.785,0.355
7565,25.418,1.138,0.271
7566,23.614,1.155,0.896
7567,22.134,1.892,0.239
7568,23.252,1.58,0.388
7569,29.67,2.805,0.578
7570,20.061,2.559,0.139
7571,16.53,0.866,0.257
7572,25.157,1.903,0.83
7573,7.901,4.521,0.744
7574,6.983,4.559,0.053
7575,14.788,2.807,0.569
7576,9.304,3.658,0.21
7577,22.736,4.395,0.781
7578,21.905,1.058,0.363
7579,7.728,4.351,0.015
7580,25.799,4.793,0.662
7581,26.483,2.423,0.815
7582,4.238,1.36,0.725
7583,9.353,4.85,0.493
7584,0.414,1.323,0.719
7585,1.019,4.393,0.051
7586,26.404,3.488,0.863
7587,28.69,1.156,0.414
7588,5.325,1.939,0.479
7589,4.536,4.18,0.228
7590,24.015,1.677,0.965
7591,8.598,4.757,0.264
7592,9.421,3.562,0.741
7593,22.2,4.246,0.736
7594,6.224,3.769,0.943
7595,14.616,4.518,0.152
7596,17.602,3.859,0.573
7597,9.092,1.751,0.891
7598,1.968,1.851,0.505
7599,14.689,3.514,0.197
7600,12.721,2.48,0.315
7601,27.294,4.528,0.014
7602,19.723,4.987,0.293
7603,12.516,3.258,0.221
7604,6.921,2.572,0.009
7605,20.095,2.517,0.036
7606,3.924,4.311,0.553
7607,2.179,3.415,0.644
7608,26.728,3.662,0.86
7609,28.655,1.973,0.151
7610,25.178,1.99,0.667
7611,27.892,2.128,0.22
7612,14.451,1.423,0.76
7613,1.646,0.66,0.543
7614,5.07,2.849,0.552
7615,19.179,0.78,0.447
7616,20.051,1.115,0.364
7617,15.38,2.23,0.289
7618,11.652,3.372,0.136
7619,12.093,3.334,0.498
7620,23.597,3.765,0.341
7621,28.472,2.201,0.777
7622,22.767,3.263,0.534
7623,10.033,3.621,0.454
7624,22.292,3.58,0.025
7625,22.134,0.688,0.66
7626,27.737,1.86,0.907
7627,11.839,1.055,0.799
7628,23.799,4.004,0.301
7629,1.179,0.888,0.269
7630,10.469,4.917,0.514
7631,17.425,2.706,0.145
7632,1.42,1.105,0.443
7633,11.615,3.546,0.528
7634,7.45,4.073,0.662
7635,20.723,3.819,0.481
7636,20.189,4.766,0.703
7637,21.122,1.111,0.618
7638,13.436,4.91,0.924
7639,19.434,1.223,0.625
7640,18.371,0.907,0.832
7641,20.909,0.641,0.35
7642,6.301,0.838,0.245
7643,18.506,4.905,0.598
7644,24.71,3.133,0.902
7645,13.542,3.634,0.273
7646,15.581,4.244,0.041
7647,27.424,4.672,0.704
7648,15.917,1.221,0.883
7649,8.661,0.885,0.786
7650,23.751,2.049,0.636
7651,14.505,0.556,0.19
7652,12.492,4.793,0.416
7653,19.981,4.217,0.999
7654,28.844,2.78,0.854
7655,1.061,1.85,0.088
7656,1.652,3.78,0.638
7657,24.889,3.479,0.188
7658,0.61,2.355,0.6
7659,26.692,1.172,0.31
7660,2.31,2.038,0.34
7661,16.063,2.868,0.872
7662,2.547,2.781,0.097
7663,4.787,3.35,0.845
7664,7.267,3.446,0.902
7665,17.254,3.455,0.058
7666,19.547,2.949,0.703
7667,21.738,1.589,0.584
7668,27.48,3.322,0.053
7669,29.826,2.905,0.873
7670,24.237,4.824,0.557
7671,19.358,0.818,0.814
7672,24.912,4.205,0.616
7673,23.532,3.724,0.267
7674,12.183,3.653,0.322
7675,1.831,3.471,0.165
7676,18.975,2.483,0.146
7677,14.214,3.223,0.013
7678,12.544,1.071,0.028
7679,4.966,1.58,0.919
7680,6.292,4.554,0.883
7681,16.125,3.044,0.513
7682,20.548,3.494,0.744
7683,8.356,2.24,0.297
7684,26.559,3.364,0.735
7685,0.292,3.42,0.763
7686,16.983,1.777,0.964
7687,18.967,3.085,0.295
7688,20.838,4.006,0.315
7689,6.958,4.911,0.598
7690,14.313,1.821,0.937
7691,23.875,2.968,0.958
7692,7.145,3.115,0.058
7693,2.61,3.743,0.486
7694,27.044,1.056,0.771
7695,24.685,3.309,0.869
7696,5.795,2.341,0.575
7697,1.872,1.474,0.354
7698,16.058,2.965,0.817
7699,20.666,1.929,0.58
7700,13.963,3.212,0.171
7701,29.3,1.819,0.179
7702,19.184,4.893,0.27
7703,5.024,1.107,0.547
7704,2.87,0.848,0.067
7705,19.235,3.873,0.407
7706,20.144,1.184,0.827
7707,14.257,2.465,0.879
7708,6.37,4.494,0.977
7709,2.689,2.891,0.006
7710,5.667,1.43,0.896
7711,6.944,4.543,0.048
7712,5.353,3.339,0.907
7713,13.06,2.639,0.567
7714,4.007,4.992,0.1
7715,24.18,1.65,0.465
7716,17.169,4.412,0.403
7717,10.844,0.633,0.418
7718,10.354,2.682,0.245
7719,19.548,4.971,0.715
7720,6.084,2.726,0.55
7721,27.749,4.231,0.285
7722,21.089,0.914,0.18
7723,0.011,4.767,0.815
7724,15.68,4.209,0.054
7725,17.685,0.533,0.111
7726,13.431,3.878,0.666
7727,26.432,4.63,0.809
7728,17.646,2.943,0.215
7729,5.389,2.568,0.35
7730,4.277,4.282,0.858
7731,15.786,1.274,0.24
7732,11.128,2.615,0.619
7733,11.42,2.343,0.448
7734,21.833,3.052,0.368
7735,19.333,1.242,0.665
7736,26.392,2.137,0.188
7737,11.883,3.397,0.485
7738,1.329,3.075,0.381
7739,1.476,2.208,0.341
7740,7.039,3.524,0.498
7741,9.275,3.585,0.402
7742,23.545,1.772,0.661
7743,17.261,2.055,0.414
7744,17.095,2.751,0.781
7745,16.078,3.88,0.521
7746,7.883,0.938,0.069
7747,15.618,2.599,0.192
7748,9.901,2.304,0.086
7749,7.499,2.508,0.566
7750,11.433,1.894,0.754
7751,0.706,4.264,0.677
7752,16.862,3.018,0.366
7753,10.927,2.234,0.314
7754,1.973,3.136,0.127
7755,4.391,1.898,0.973
7756,26.699,3.729,0.959
7757,3.56,3.828,0.737
7758,10.965,3.806,0.474
7759,20.248,2.453,0.876
7760,11.525,2.772,0.609
7761,0.965,2.881,0.873
7762,19.303,4.156,0.476
7763,15.142,1.357,0.17
7764,1.568,3.264,0.596
7765,10.98,0.861,0.274
7766,22.919,3.51,0.393
7767,5.605,2.675,0.595
7768,29.578,0.83,0.609
7769,21.942,4.802,0.809
7770,2.725,1.392,0.383
7771,8.212,3.347,0.674
7772,25.15,4.249,0.277
7773,13.391,4.064,0.425
7774,24.369,3.173,0.938
7775,12.712,0.977,0.549
7776,7.3,4.537,0.293
7777,7.434,4.709,0.517
7778,7.703,0.615,0.82
7779,28.093,3.311,0.98
7780,24.252,2.747,0.802
7781,21.062,3.234,0.173
7782,20.879,0.598,0.055
7783,28.119,1.484,0.315
7784,11.848,3.848,0.565
7785,27.993,2.935,0.888
7786,18.155,2.507,0.507
7787,26.797,2.829,0.589
7788,18.883,0.759,0.242
7789,12.434,2.55,0.328
7790,4.172,2.71,0.657
7791,11.501,4.047,0.811
7792,1.769,1.116,0.321
7793,25.1,1.419,0.874
7794,19.011,0.754,0.402
7795,2.669,1.311,0.677
7796,7.246,4.462,0.771
7797,18.941,4.005,0.134
7798,25.815,1.082,0.235
7799,27.07,4.175,0.217
7800,28.383,1.999,0.629
7801,8.872,2.599,0.429
7802,11.515,1.177,0.852
7803,14.813,0.743,0.329
7804,11.792,3.075,0.032
7805,1.45,0.708,0.336
7806,9.241,3.919,0.141
7807,21.296,4.127,0.31
7808,11.224,3.656,0.287
7809,8.485,2.118,0.117
7810,20.812,2.49,0.733
7811,6.571,2.126,0.279
7812,27.262,3.747,0.77
7813,12.96,3.04,0.02
7814,29.234,1.842,0.461
7815,16.33,4.538,0.411
7816,28.836,2.462,0.459
7817,14.439,3.877,0.774
7818,29.952,4.548,0.767
7819,4.693,3.936,0.577
7820,26.44,3.765,0.721
7821,24.06,3.994,0.273
7822,5.139,0.664,0.056
7823,16.783,2.563,0.403
7824,5.26,2.59,0.177
7825,6.029,1.604,0.623
7826,9.116,2.684,0.556
7827,1.694,2.097,0.222
7828,1.493,4.218,0.789
7829,0.266,3.048,0.074
7830,28.05,1.532,0.781
7831,7.124,3.892,0.484
7832,23.146,1.667,0.94
7833,22.051,3.151,0.04
7834,22.005,0.576,0.784
7835,10.969,2.365,0.245
7836,4.135,1.687,0.619
7837,29.926,1.064,0.147
7838,21.929,4.327,0.715
7839,3.624,3.567,0.311
7840,2.968,2.795,0.851
7841,1.485,1.646,0.309
7842,11.612,1.065,0.718
7843,16.086,2.92,0.583
7844,25.074,4.866,0.654
7845,8.5,2.316,0.818
7846,7.369,0.608,0.422
7847,4.897,0.931,0.157
7848,12.941,4.811,0.495
7849,9.949,2.638,0.563
7850,17.981,2.938,0.417
7851,5.777,3.389,0.93
7852,6.777,1.4,0.57
7853,14.418,0.86,0.894
7854,20.287,2.729,0.882
7855,11.21,2.061,0.765
7856,28.435,1.072,0.004
7857,7.129,3.619,0.769
7858,27.979,3.696,0.107
7859,4.01,0.539,0.783
7860,13.72,4.657,0.634
7861,14.384,3.645,0.072
7862,6.987,4.099,0.721
7863,19.238,2.681,0.673
7864,25.263,2.546,0.226
7865,12.981,2.905,0.163
7866,4.919,0.732,0.933
7867,3.875,1.917,0.745
7868,19.768,4.166,0.85
7869,2.36,3.508,0.732
7870,21.298,4.091,0.465
7871,2.822,4.709,0.284
7872,9.213,3.725,0.27
7873,21.506,0.599,0.025
7874,16.283,1.367,0.449
7875,20.157,2.151,0.427
7876,7.803,3.836,0.455
7877,7.863,4.882,0.741
7878,9.381,2.195,0.293
7879,28.578,3.782,0.474
7880,29.709,4.965,0.559
7881,15.211,1.098,0.822
7882,15.513,2.72,0.418
7883,20.749,2.918,0.393
7884,13.67,4.762,0.81
7885,5.065,1.181,0.31
7886,17.768,2.588,0.045
7887,4.713,2.558,0.984
7888,11.202,0.694,0.958
7889,29.796,3.334,0.985
7890,27.356,1.556,0.847
7891,7.56,0.754,0.129
7892,6.088,1.089,0.776
7893,10.712,3.589,0.68
7894,6.96,1.439,0.794
7895,20.146,3.914,0.809
7896,9.026,4.467,0.296
7897,12.716,1.815,0.581
7898,11.568,2.374,0.39
7899,26.741,4.031,0.766
7900,9.044,4.269,0.264
7901,28.48,1.612,0.705
7902,2.585,0.794,0.834
7903,21.278,2.969,0.31
7904,5.672,1.592,0.888
7905,13.53,4.229,0.778
7906,11.486,3.989,0.892
7907,23.022,1.069,0.526
7908,20.678,0.596,0.159
7909,27.309,0.512,0.277
7910,21.754,2.586,0.051
7911,28.957,4.772,0.78
7912,24.853,3.969,0.199
7913,13.314,0.809,0.413
7914,9.881,1.131,0.679
7915,28.322,2.917,0.386
7916,6.044,4.22,0.082
7917,24.024,2.399,0.163
7918,25.809,3.252,0.092
7919,28.821,1.312,0.275
7920,3.306,1.593,0.856
7921,16.443,0.72,0.317
7922,18.316,1.368,0.364
7923,26.079,2.532,0.421
7924,27.405,3.343,0.848
7925,15.359,2.919,0.063
7926,10.795,1.537,0.325
7927,15.924,2.62,0.865
7928,15.556,2.163,0.855
7929,16.144,3.241,0.62
7930,11.701,4.918,0.869
7931,2.137,3.907,0.808
7932,0.663,0.717,0.046
7933,10.005,3.109,0.594
7934,11.068,4.102,0.562
7935,29.567,3.117,0.775
7936,26.129,1.783,0.339
7937,29.841,0.626,0.388
7938,25.65,2.417,0.483
7939,14.099,3.443,0.859
7940,23.886,1.148,0.193
7941,22.592,1.906,0.003
7942,10.791,3.708,0.539
7943,20.927,3.988,0.25
7944,23.424,2.835,0.274
7945,17.817,4.51,0.074
7946,12.866,3.03,0.312
7947,22.531,1.643,0.724
7948,5.631,3.172,0.262
7949,17.285,4.273,0.539
7950,8.757,3.758,0.127
7951,18.153,4.016,0.717
7952,4.817,2.285,0.925
7953,13.549,1.144,0.034
7954,24.568,1.049,0.085
7955,16.552,0.504,0.658
7956,0.101,2.711,0.367
7957,13.916,2.564,0.043
7958,26.111,1.694,0.945
7959,15.711,2.139,0.326
7960,6.803,2.27,0.534
7961,8.714,3.036,0.346
7962,21.782,2.996,0.118
7963,5.786,0.543,0.332
7964,10.552,1.774,0.348
7965,24.329,1.531,0.767
7966,28.126,1.816,0.137
7967,0.574,2.78,0.514
7968,6.606,3.688,0.479
7969,12.191,0.63,0.941
7970,19.287,0.673,0.153
7971,20.231,2.939,0.528
7972,2.287,1.74,0.799
7973,26.234,2.706,0.201
7974,19.841,0.832,0.603
7975,20.22,3.621,0.069
7976,11.684,0.774,0.223
7977,1.05,3.37,0.634
7978,19.062,1.64,0.345
7979,22.729,0.991,0.199
7980,13.19,2.584,0.074
7981,27.595,4.17,0.784
7982,3.051,1.744,0.864
7983,2.817,3.512,0.634
7984,6.111,4.036,0.331
7985,5.127,3.803,0.827
7986,9.546,1.819,0.009
7987,11.786,0.88,0.154
7988,3.094,4.35,0.465
7989,20.074,2.221,0.948
7990,0.203,3.258,0.627
7991,23.85,2.632,0.356
7992,14.758,4.083,0.347
7993,21.168,4.137,0.904
7994,15.178,1.855,0.794
7995,9.066,0.529,0.995
7996,11.866,1.827,0.877
7997,13.537,2.459,0.475
7998,18.459,3.008,0.009
7999,11.566,0.535,0.735
8000,19.127,3.018,0.017
8001,15.329,0.736,0.353
8002,11.407,4.617,0.928
8003,4.934,3.662,0.559
8004,2.237,0.921,0.297
8005,17.94,4.182,0.085
8006,6.118,1.102,0.14
8007,21.232,4.873,0.928
8008,8.307,3.497,0.504
8009,3.06,4.124,0.658
8010,25.201,4.204,0.834
8011,17.406,1.708,0.89
8012,3.331,1.842,0.168
8013,24.734,0.796,0.726
8014,10.312,4.723,0.393
8015,11.256,1.02,0.278
8016,25.834,2.283,0.771
8017,29.249,0.88,0.521
8018,4.464,4.922,0.304
8019,10.356,1.786,0.582
8020,29.221,3.356,0.101
8021,8.729,2.359,0.979
8022,5.37,1.556,0.635
8023,25.651,2.028,0.216
8024,1.953,3.85,0.344
8025,10.236,0.576,0.79
8026,5.341,4.788,0.815
8027,10.087,4.274,0.689
8028,14.277,1.989,0.138
8029,24.617,3.956,0.32
8030,15.661,3.991,0.138
8031,4.848,2.796,0.43
8032,21.199,2.815,0.76
8033,15.631,2.569,0.408
8034,21.001,3.029,0.031
8035,14.815,1.832,0.042
8036,2.385,3.359,0.319
8037,4.814,3.45,0.598
8038,17.496,3.391,0.617
8039,22.02,3.13,0.463
8040,18.789,4.973,0.849
8041,2.509,3.0,0.674
8042,23.184,3.932,0.798
8043,9.269,4.718,0.741
8044,5.491,2.229,0.936
8045,4.146,4.529,0.502
8046,27.039,1.405,0.169
8047,22.801,1.339,0.963
8048,12.924,3.284,0.99
8049,14.992,4.961,0.435
8050,5.218,1.398,0.653
8051,23.266,3.248,0.171
8052,25.86,2.318,0.555
8053,7.654,4.981,0.753
8054,11.328,0.781,0.863
8055,16.137,3.752,0.37
8056,24.56,1.634,0.584
8057,21.213,1.95,0.34
8058,1.471,2.009,0.64
8059,23.065,2.862,0.373
8060,24.479,3.763,0.119
8061,29.139,2.051,0.064
8062,11.135,3.202,0.725
8063,5.846,3.063,0.123
8064,6.531,2.172,0.1
8065,17.673,2.017,0.247
8066,23.938,4.943,0.828
8067,28.859,2.629,0.175
8068,27.861,1.702,0.247
8069,27.794,4.094,0.077
8070,16.671,4.09,0.434
8071,6.439,3.251,0.777
8072,28.326,2.701,0.753
8073,19.86,0.957,0.626
8074,2.557,0.695,0.796
8075,28.303,3.845,0.249
8076,14.838,3.568,0.187
8077,9.999,1.72,0.726
8078,15.6,4.94,0.955
8079,26.965,4.211,0.598
8080,21.496,3.521,0.724
8081,22.165,3.307,0.937
8082,16.93,0.945,0.355
8083,19.87,4.799,0.29
8084,6.309,4.427,0.885
8085,28.388,1.816,0.558
8086,3.212,1.659,0.593
8087,21.035,1.535,0.213
8088,15.334,2.88,0.05
8089,2.251,3.907,0.269
8090,13.266,3.277,0.854
8091,10.095,3.863,0.47
8092,11.304,2.335,0.059
8093,6.467,2.34,0.021
8094,13.631,2.325,0.845
8095,4.176,4.587,0.42
8096,29.42,4.55,0.014
8097,1.065,2.403,0.227
8098,10.502,1.589,0.495
8099,7.851,4.317,0.246
8100,21.362,0.765,0.793
8101,3.577,2.633,0.265
8102,10.168,1.881,0.289
8103,24.505,2.978,0.425
8104,20.321,2.955,0.312
8105,14.729,3.589,0.125
8106,1.292,2.303,0.971
8107,28.723,3.185,0.87
8108,29.487,4.929,0.868
8109,11.276,3.145,0.499
8110,25.688,3.314,0.979
8111,10.739,3.824,0.956
8112,12.193,4.654,0.005
8113,28.424,1.788,0.367
8114,4.231,1.217,0.692
8115,12.368,4.662,0.342
8116,14.779,3.261,0.588
8117,14.686,1.938,0.419
8118,19.956,4.38,0.407
8119,17.377,4.839,0.591
8120,9.815,3.579,0.3
8121,26.465,0.711,0.157
8122,17.681,0.94,0.986
8123,12.017,4.663,0.039
8124,20.837,3.398,0.066
8125,24.994,4.559,0.154
8126,5.171,0.716,0.486
8127,1.109,3.162,0.144
8128,23.441,4.761,0.947
8129,17.398,3.785,0.194
8130,23.143,0.748,0.375
8131,24.444,4.328,0.41
8132,28.525,2.219,0.635
8133,19.573,4.652,0.511
8134,15.254,2.618,0.569
8135,16.482,2.418,0.869
8136,4.784,0.989,0.927
8137,4.634,2.828,0.409
8138,16.514,4.999,0.766
8139,24.622,0.547,0.947
8140,22.657,2.071,0.323
8141,7.244,1.166,0.494
8142,6.622,1.101,0.505
8143,28.232,4.994,0.535
8144,2.313,1.27,0.953
8145,26.357,2.152,0.688
8146,18.723,1.798,0.856
8147,22.908,4.89,0.035
8148,17.58,3.553,0.561
8149,14.653,2.073,0.405
8150,10.694,0.66,0.817
8151,19.896,2.984,0.106
8152,13.52,3.602,0.398
8153,27.008,3.072,0.501
8154,9.099,2.586,0.903
8155,10.537,1.785,0.221
8156,20.672,4.275,0.116
8157,10.765,3.285,0.381
8158,13.14,4.178,0.976
8159,20.069,3.006,0.812
8160,6.702,3.045,0.663
8161,1.344,1.89,0.972
8162,13.791,2.267,0.124
8163,17.464,1.742,0.447
8164,24.414,3.843,0.177
8165,1.228,2.081,0.884
8166,0.217,2.236,0.277
8167,19.137,4.835,0.586
8168,5.486,4.997,0.015
8169,19.965,2.92,0.22
8170,27.101,1.739,0.497
8171,18.21,4.001,0.496
8172,10.188,0.959,0.802
8173,5.011,1.727,0.272
8174,25.545,4.401,0.96
8175,9.435,2.605,0.258
8176,3.549,2.564,0.574
8177,14.189,2.897,0.261
8178,13.078,2.091,0.172
8179,22.159,2.695,0.248
8180,6.942,3.026,0.196
8181,12.406,3.762,0.151
8182,1.344,3.283,0.985
8183,29.874,3.393,0.862
8184,19.122,3.79,0.155
8185,3.106,3.4,0.374
8186,25.905,4.942,0.005
8187,18.373,0.946,0.15
8188,13.342,1.181,0.076
8189,22.528,4.074,0.012
8190,9.396,4.701,0.684
8191,19.093,1.693,0.916
8192,1.655,4.069,0.341
8193,19.791,1.945,0.413
8194,14.392,2.424,0.09
8195,26.802,2.829,0.227
8196,24.951,2.124,0.579
8197,9.515,3.081,0.72
8198,21.58,0.601,0.121
8199,29.936,3.542,0.67
8200,28.371,1.09,0.592
8201,11.395,4.292,0.756
8202,11.162,2.504,0.713
8203,5.949,3.257,0.433
8204,5.136,4.444,0.25
8205,17.397,1.126,0.686
8206,2.866,2.769,0.603
8207,19.705,2.469,0.578
8208,4.508,3.367,0.689
8209,21.155,2.944,0.375
8210,4.375,3.396,0.054
8211,24.719,4.601,0.385
8212,28.083,2.576,0.024
8213,11.214,3.941,0.996
8214,2.302,4.597,0.184
8215,17.531,3.93,0.436
8216,25.336,3.228,0.898
8217,7.342,4.641,0.512
8218,22.303,3.869,0.355
8219,11.26,0.623,0.982
8220,8.018,4.087,0.244
8221,12.861,4.765,0.871
8222,26.103,4.662,0.334
8223,11.061,1.367,0.51
8224,3.858,2.983,0.019
8225,19.143,2.247,0.394
8226,20.255,4.921,0.412
8227,8.476,3.285,0.022
8228,22.743,1.442,0.368
8229,21.236,2.267,0.692
8230,4.262,3.226,0.97
8231,14.681,1.959,0.957
8232,8.377,2.499,0.985
8233,12.117,0.947,0.157
8234,9.186,1.575,0.645
8235,24.858,1.594,0.656
8236,28.41,3.326,0.435
8237,19.198,3.277,0.971
8238,28.873,3.825,0.049
8239,5.717,4.285,0.745
8240,6.17,0.887,0.167
8241,25.484,4.557,0.533
8242,26.917,0.541,0.161
8243,15.376,3.952,0.681
8244,25.684,2.668,0.239
8245,19.726,2.188,0.183
8246,26.957,2.651,0.067
8247,18.001,2.753,0.266
8248,14.652,2.6,0.456
8249,25.186,3.598,0.021
8250,23.285,3.738,0.83
8251,22.928,3.21,0.551
8252,3.918,4.1,0.963
8253,22.049,1.145,0.72
8254,11.412,2.924,0.366
8255,6.848,2.999,0.527
8256,25.987,2.546,0.45
8257,18.471,4.298,0.975
8258,17.564,4.223,0.577
8259,14.362,0.914,0.989
8260,5.689,3.551,0.365
8261,1.026,2.83,0.241
8262,1.663,3.993,0.309
8263,12.089,2.757,0.296
8264,2.544,4.733,0.494
8265,4.349,1.969,0.581
8266,14.973,0.718,0.589
8267,3.823,4.182,0.505
8268,3.325,4.563,0.442
8269,10.85,2.327,0.667
8270,17.085,1.577,0.597
8271,25.298,3.969,0.212
8272,28.447,0.812,0.208
8273,13.493,1.967,0.751
8274,1.348,1.596,0.89
8275,7.826,2.632,0.032
8276,11.27,1.546,0.628
8277,19.545,2.87,0.866
8278,28.755,4.407,0.629
8279,9.791,2.864,0.945
8280,12.263,1.749,0.255
8281,21.984,3.964,0.232
8282,11.518,3.585,0.167
8283,12.316,3.003,0.638
8284,22.146,0.824,0.386
8285,6.126,3.04,0.016
8286,28.386,0.901,0.362
8287,8.85,1.128,0.612
8288,28.65,3.816,0.603
8289,22.108,4.412,0.105
8290,14.38,1.049,0.24
8291,22.916,4.342,0.604
8292,21.39,4.212,0.502
8293,23.401,2.484,0.362
8294,23.471,2.604,0.701
8295,28.713,2.62,0.81
8296,27.938,3.739,0.665
8297,19.685,4.788,0.199
8298,7.392,2.178,0.286
8299,13.682,1.434,0.499
8300,14.241,0.543,0.306
8301,15.338,2.959,0.454
8302,7.014,3.874,0.901
8303,12.337,4.751,0.871
8304,22.071,4.63,0.143
8305,1.48,4.082,0.127
8306,12.839,3.462,0.666
8307,5.07,1.699,0.831
8308,25.597,4.753,0.172
8309,25.893,1.689,0.248
8310,4.303,4.699,0.271
8311,29.103,1.033,0.649
8312,8.436,2.526,0.78
8313,26.638,2.45,0.091
8314,11.193,0.847,0.156
8315,18.626,2.232,0.13
8316,19.02,2.538,0.178
8317,3.114,4.493,0.034
8318,17.914,4.444,0.998
8319,9.052,0.702,0.651
8320,28.395,1.576,0.9
8321,23.301,4.807,0.06
8322,7.183,1.636,0.77
8323,15.523,3.296,0.708
8324,25.581,4.802,0.031
8325,2.633,0.826,0.295
8326,16.45,1.406,0.012
8327,12.339,4.058,0.647
8328,9.937,0.671,0.699
8329,10.224,3.409,0.209
8330,13.934,2.623,0.825
8331,9.125,1.582,0.194
8332,24.103,2.715,0.093
8333,27.271,2.305,0.709
8334,5.035,2.257,0.37
8335,3.533,4.654,0.644
8336,10.149,3.36,0.05
8337,0.135,2.333,0.087
8338,17.917,1.081,0.181
8339,6.418,3.439,0.295
8340,29.35,3.321,0.871
8341,9.145,3.09,0.741
8342,28.904,4.258,0.696
8343,6.667,4.107,0.803
8344,5.925,4.242,0.572
8345,14.151,4.828,0.642
8346,11.47,2.047,0.463
8347,3.902,0.892,0.449
8348,5.421,1.794,0.272
8349,16.623,3.034,0.469
8350,21.3,3.315,0.004
8351,21.047,3.535,0.353
8352,20.911,1.366,0.896
8353,24.653,4.36,0.905
8354,2.948,4.736,0.766
8355,13.266,1.047,0.359
8356,15.102,2.276,0.927
8357,9.151,2.072,0.621
8358,4.756,2.719,0.714
8359,14.521,1.963,0.987
8360,11.635,2.171,0.857
8361,21.807,3.767,0.935
8362,1.332,4.0,0.377
8363,19.441,4.509,0.061
8364,29.37,3.776,0.004
8365,12.777,2.385,0.418
8366,29.532,4.895,0.884
8367,5.199,3.846,0.571
8368,18.341,1.626,0.416
8369,2.075,4.753,0.709
8370,24.319,0.594,0.757
8371,20.13,2.129,0.91
8372,8.163,2.293,0.591
8373,27.932,1.611,0.024
8374,20.68,2.062,0.056
8375,2.65,1.244,0.801
8376,16.089,4.357,0.596
8377,15.845,4.576,0.259
8378,23.077,4.817,0.873
8379,27.774,2.523,0.871
8380,3.609,2.501,0.593
8381,21.856,4.714,0.062
8382,26.968,1.41,0.238
8383,17.368,3.916,0.212
8384,8.186,2.915,0.093
8385,15.184,3.443,0.784
8386,11.281,4.896,0.428
8387,24.229,1.096,0.302
8388,13.7,2.854,0.041
8389,11.24,1.012,0.017
8390,17.862,0.649,0.532
8391,8.276,1.506,0.32
8392,16.471,2.799,0.94
8393,13.77,4.495,0.508
8394,19.53,1.391,0.178
8395,8.551,1.26,0.349
8396,24.318,2.948,0.065
8397,2.133,4.68,0.356
8398,3.566,1.179,0.535
8399,27.112,3.682,0.705
8400,17.913,1.68,0.778
8401,25.719,3.571,0.457
8402,3.068,4.178,0.189
8403,3.865,3.896,0.377
8404,25.317,4.751,0.223
8405,20.234,4.06,0.444
8406,11.232,1.687,0.11
8407,25.327,1.478,0.408
8408,24.682,2.204,0.381
8409,18.028,4.603,0.3
8410,1.151,3.239,0.576
8411,10.411,4.441,0.414
8412,26.365,4.201,0.002
8413,8.798,3.858,0.486
8414,2.02,0.715,0.058
8415,12.447,3.716,0.168
8416,21.565,3.86,0.495
8417,14.703,1.554,0.785
8418,7.652,4.736,0.75
8419,8.248,0.528,0.942
8420,2.807,4.083,0.138
8421,29.466,2.185,0.889
8422,23.088,3.292,0.626
8423,25.354,1.324,0.198
8424,22.454,4.593,0.672
8425,19.185,4.05,0.521
8426,10.083,4.624,0.749
8427,24.275,4.098,0.359
8428,6.745,4.509,0.981
8429,29.974,1.603,0.088
8430,27.964,2.461,0.379
8431,15.835,3.787,0.008
8432,21.029,2.824,0.153
8433,8.22,2.307,0.772
8434,18.291,2.959,0.948
8435,27.909,2.73,0.689
8436,1.452,2.003,0.586
8437,10.783,1.121,0.254
8438,17.953,0.816,0.63
8439,4.498,1.412,0.756
8440,27.526,0.575,0.927
8441,3.574,2.622,0.025
8442,19.114,3.12,0.415
8443,17.443,1.441,0.368
8444,7.535,4.86,0.488
8445,4.213,1.861,0.108
8446,2.191,0.8,0.034
8447,26.598,0.515,0.954
8448,11.034,3.969,0.067
8449,1.044,4.404,0.541
8450,21.305,0.953,0.426
8451,17.274,4.828,0.327
8452,12.834,2.912,0.781
8453,13.999,0.787,0.187
8454,8.833,3.646,0.149
8455,16.463,2.329,0.75
8456,15.37,2.764,0.156
8457,22.29,3.317,0.457
8458,18.845,4.496,0.474
8459,7.711,0.874,0.387
8460,15.931,3.764,0.997
8461,24.816,4.061,0.75
8462,25.035,2.892,0.932
8463,19.668,4.296,0.74
8464,18.162,2.749,0.601
8465,18.115,2.946,0.941
8466,25.291,0.847,0.541
8467,2.74,2.698,0.259
8468,19.991,1.241,0.186
8469,15.682,3.019,0.996
8470,28.828,1.086,0.281
8471,9.976,3.69,0.14
8472,22.586,1.847,0.162
8473,17.807,1.768,0.081
8474,15.793,0.759,0.419
8475,24.603,1.319,0.791
8476,24.309,4.27,0.941
8477,22.512,2.065,0.326
8478,23.556,2.569,0.479
8479,0.912,1.639,0.197
8480,1.206,4.049,0.629
8481,19.571,4.175,0.976
8482,24.457,3.686,0.024
8483,0.498,2.0,0.403
8484,7.638,1.264,0.813
8485,12.97,4.463,0.559
8486,26.176,2.767,0.719
8487,6.257,1.804,0.628
8488,20.887,3.232,0.886
8489,9.945,1.377,0.854
8490,2.401,4.02,0.67
8491,4.721,4.656,0.006
8492,27.306,4.564,0.659
8493,1.955,4.409,0.848
8494,16.879,2.499,0.259
8495,16.192,3.054,0.595
8496,11.091,3.432,0.996
8497,19.603,0.969,0.441
8498,1.184,1.322,0.913
8499,15.25,3.802,0.158
8500,9.21,4.098,0.68
8501,7.466,4.819,0.262
8502,26.433,1.512,0.041
8503,10.826,3.84,0.507
8504,18.337,3.941,0.642
8505,21.77,1.625,0.9
8506,0.172,4.909,0.188
8507,18.109,1.037,0.559
8508,3.501,1.686,0.468
8509,27.061,2.308,0.705
8510,7.2,1.288,0.212
8511,9.293,2.366,0.961
8512,12.747,2.304,0.504
8513,7.097,1.284,0.419
8514,24.111,4.288,0.101
8515,0.52,1.17,0.33
8516,0.492,4.473,0.289
8517,29.642,4.207,0.504
8518,18.052,3.795,0.667
8519,16.208,3.171,0.254
8520,10.251,2.398,0.971
8521,2.189,3.586,0.855
8522,14.245,2.884,0.64
8523,14.41,3.607,0.636
8524,4.002,3.475,0.849
8525,3.217,3.793,0.287
8526,23.779,2.774,0.901
8527,23.12,3.783,0.174
8528,19.465,0.974,0.675
8529,28.145,2.832,0.094
8530,27.588,2.506,0.867
8531,11.29,3.98,0.263
8532,22.442,2.253,0.923
8533,11.079,3.32,0.908
8534,20.938,3.155,0.111
8535,28.836,4.69,0.585
8536,29.031,2.066,0.761
8537,6.264,3.466,0.093
8538,0.238,4.218,0.033
8539,1.285,4.933,0.456
8540,25.919,1.723,0.708
8541,6.947,1.776,0.503
8542,2.693,4.148,0.203
8543,12.576,2.237,0.674
8544,15.923,2.544,0.819
8545,23.889,1.581,0.553
8546,9.014,2.595,0.249
8547,14.435,1.19,0.625
8548,29.338,1.32,0.356
8549,6.524,2.076,0.648
8550,23.931,3.036,0.268
8551,24.475,1.947,0.154
8552,23.415,2.784,0.071
8553,3.063,3.564,0.584
8554,16.612,0.755,0.629
8555,0.821,3.976,0.393
8556,26.018,4.171,0.064
8557,6.897,2.113,0.716
8558,0.175,3.69,0.095
8559,20.536,0.901,0.854
8560,29.105,3.349,0.844
8561,1.43,3.617,0.691
8562,20.407,4.934,0.823
8563,17.065,3.878,0.257
8564,15.969,1.672,0.806
8565,17.459,0.554,0.942
8566,27.444,3.382,0.847
8567,9.875,1.461,0.872
8568,12.275,1.171,0.949
8569,28.326,2.532,0.18
8570,8.931,1.393,0.921
8571,13.882,0.73,0.03
8572,16.446,2.358,0.231
8573,22.655,0.925,0.007
8574,27.115,2.737,0.464
8575,6.517,3.851,0.821
8576,27.254,2.382,0.904
8577,1.301,1.237,0.305
8578,1.275,1.05,0.427
8579,15.123,4.482,0.935
8580,23.234,1.528,0.97
8581,19.715,1.712,0.77
8582,12.945,4.932,0.174
8583,2.363,2.649,0.272
8584,1.729,4.715,0.944
8585,29.386,1.9,0.318
8586,10.567,0.715,0.243
8587,3.779,1.285,0.981
8588,8.633,2.291,0.589
8589,19.402,1.57,0.48
8590,2.802,4.576,0.318
8591,28.594,3.668,0.589
8592,8.675,2.752,0.568
8593,6.741,3.887,0.915
8594,19.171,0.502,0.642
8595,29.284,4.925,0.351
8596,3.001,3.931,0.747
8597,9.462,1.388,0.142
8598,29.656,4.714,0.874
8599,4.793,3.624,0.929
8600,4.618,1.228,0.098
8601,3.452,3.682,0.408
8602,1.542,0.75,0.669
8603,16.685,3.996,0.056
8604,25.796,2.992,0.582
8605,16.493,1.034,0.291
8606,4.828,3.525,0.436
8607,1.931,4.207,0.302
8608,18.897,2.965,0.874
8609,21.486,2.503,0.108
8610,3.405,2.793,0.241
8611,6.781,0.532,0.973
8612,22.356,1.902,0.755
8613,5.766,3.078,0.938
8614,12.522,4.747,0.675
8615,28.609,4.512,0.655
8616,14.573,4.194,0.789
8617,21.152,0.821,0.712
8618,4.896,2.81,0.548
8619,25.469,3.38,0.417
8620,29.801,3.378,0.253
8621,8.979,3.149,0.853
8622,11.618,1.921,0.445
8623,2.3,4.41,0.782
8624,25.258,4.921,0.535
8625,5.274,3.193,0.987
8626,0.44,0.79,0.484
8627,5.108,1.531,0.155
8628,26.794,2.117,0.671
8629,27.58,4.965,0.881
8630,26.171,0.708,0.405
8631,11.875,2.324,0.362
8632,20.656,2.622,0.282
8633,7.433,4.62,0.978
8634,20.368,4.513,0.252
8635,9.538,3.546,0.56
8636,20.796,2.786,0.022
8637,27.769,3.269,0.515
8638,2.368,3.602,0.064
8639,21.269,0.638,0.91
8640,29.304,4.263,0.291
8641,13.122,2.475,0.855
8642,1.0,1.116,0.609
8643,9.445,3.657,0.128
8644,8.877,2.353,0.642
8645,27.619,4.76,0.164
8646,25.554,1.497,0.121
8647,17.846,4.686,0.133
8648,14.092,1.032,0.363
8649,12.581,1.112,0.982
8650,0.104,3.881,0.235
8651,1.189,0.617,0.335
8652,23.782,3.208,0.44
8653,14.878,2.652,0.548
8654,5.812,1.234,0.773
8655,22.705,3.867,0.426
8656,11.825,4.213,0.667
8657,22.43,1.247,0.352
8658,25.723,1.418,0.747
8659,16.339,3.11,0.49
8660,15.295,2.777,0.841
8661,25.952,1.449,0.477
8662,23.059,3.857,0.493
8663,11.308,4.843,0.539
8664,17.112,4.501,0.273
8665,0.735,1.521,0.921
8666,19.568,3.311,0.666
8667,14.911,1.315,0.974
8668,8.124,2.734,0.331
8669,20.77,2.184,0.484
8670,21.492,4.254,0.33
8671,29.326,3.985,0.412
8672,11.97,3.749,0.201
8673,3.942,4.219,0.048
8674,5.252,2.002,0.635
8675,29.014,4.931,0.433
8676,22.739,2.559,0.646
8677,1.214,3.102,0.775
8678,3.978,3.994,0.2
8679,18.334,0.713,0.551
8680,10.75,2.57,0.327
8681,29.659,2.881,0.092
8682,24.736,3.629,0.957
8683,19.5,1.029,0.549
8684,3.672,0.523,0.917
8685,1.083,2.17,0.307
8686,15.422,1.9,0.303
8687,2.152,4.801,0.209
8688,6.619,1.21,0.208
8689,12.439,3.942,0.257
8690,27.084,3.722,0.841
8691,20.065,4.658,0.838
8692,16.649,0.568,0.755
8693,13.685,4.794,0.886
8694,2.789,4.791,0.728
8695,20.265,4.202,0.578
8696,1.996,1.448,0.16
8697,2.083,2.646,0.668
8698,18.062,2.303,0.563
8699,25.672,3.385,0.954
8700,6.603,1.287,0.955
8701,5.439,3.715,0.942
8702,14.881,2.788,0.693
8703,11.933,2.878,0.372
8704,12.013,2.987,0.556
8705,16.889,1.514,0.26
8706,25.6,1.133,0.126
8707,8.609,0.595,0.472
8708,23.571,1.047,0.476
8709,16.198,4.999,0.314
8710,14.089,4.31,0.029
8711,25.632,3.588,0.87
8712,28.041,1.309,0.228
8713,6.014,2.562,0.911
8714,23.446,1.095,0.845
8715,12.037,1.54,0.336
8716,24.827,4.812,0.839
8717,0.622,1.381,0.393
8718,23.868,1.295,0.328
8719,4.885,2.773,0.917
8720,1.166,1.518,0.973
8721,11.742,3.507,0.872
8722,28.098,0.633,0.086
8723,9.265,2.058,0.374
8724,15.731,2.257,0.893
8725,15.976,2.916,0.847
8726,24.381,4.592,0.244
8727,27.985,2.846,0.014
8728,14.609,3.422,0.043
8729,4.623,3.635,0.996
8730,15.245,2.781,0.808
8731,5.881,3.409,0.458
8732,20.089,1.782,0.615
8733,9.491,3.965,0.114
8734,8.068,3.975,0.045
8735,29.903,4.622,0.232
8736,24.343,2.107,0.656
8737,22.978,0.999,0.76
8738,27.46,1.338,0.645
8739,4.502,4.838,0.433
8740,16.354,1.483,0.479
8741,1.501,0.852,0.727
8742,22.824,0.758,0.618
8743,5.732,2.548,0.201
8744,26.885,2.672,0.37
8745,29.644,4.755,0.919
8746,26.058,0.605,0.278
8747,19.6,4.261,0.373
8748,28.229,2.902,0.564
8749,28.194,2.842,0.444
8750,11.371,4.889,0.849
8751,16.512,0.817,0.863
8752,8.083,4.893,0.712
8753,2.553,1.152,0.028
8754,17.745,0.98,0.147
8755,17.677,4.607,0.132
8756,9.97,4.293,0.103
8757,6.427,4.359,0.105
8758,21.973,1.552,0.76
8759,2.941,2.25,0.202
8760,2.394,3.065,0.81
8761,22.992,4.358,0.265
8762,1.582,1.961,0.592
8763,12.732,1.661,0.133
8764,16.262,2.851,0.898
8765,6.757,3.807,0.118
8766,19.565,3.218,0.041
8767,27.512,2.593,0.746
8768,18.009,2.647,0.299
8769,5.056,3.545,0.792
8770,27.603,2.122,0.702
8771,18.224,2.742,0.15
8772,25.614,4.704,0.364
8773,13.845,4.695,0.02
8774,2.254,4.024,0.674
8775,24.193,4.221,0.015
8776,8.333,1.201,0.919
8777,21.774,3.569,0.634
8778,29.631,4.59,0.537
8779,24.093,4.637,0.916
8780,6.064,1.394,0.976
8781,19.71,1.952,0.832
8782,13.17,1.366,0.868
8783,18.485,1.413,0.119
8784,13.779,2.057,0.936
8785,25.68,1.245,0.272
8786,8.909,4.946,0.797
8787,23.021,1.101,0.899
8788,21.696,2.62,0.362
8789,10.174,3.242,0.765
8790,10.775,2.414,0.973
8791,0.557,1.743,0.183
8792,19.886,2.903,0.18
8793,14.043,1.2,0.407
8794,7.943,3.305,0.138
8795,21.005,4.942,0.366
8796,1.736,1.411,0.144
8797,16.433,2.347,0.408
8798,24.203,4.87,0.955
8799,16.478,1.888,0.279
8800,15.671,3.197,0.949
8801,10.363,1.956,0.554
8802,18.878,3.471,0.392
8803,4.902,3.355,0.096
8804,21.33,4.734,0.071
8805,23.312,2.179,0.422
8806,1.395,4.529,0.961
8807,17.566,0.788,0.893
8808,3.346,3.414,0.703
8809,6.016,2.143,0.918
8810,21.672,1.586,0.665
8811,24.421,1.131,0.49
8812,4.833,3.451,0.544
8813,8.365,3.9,0.383
8814,6.992,2.103,0.701
8815,1.761,4.707,0.511
8816,16.664,1.086,0.021
8817,19.636,4.528,0.433
8818,29.145,2.091,0.917
8819,6.096,2.351,0.513
8820,3.909,1.354,0.073
8821,27.844,2.013,0.241
8822,20.127,4.265,0.529
8823,1.359,4.169,0.554
8824,8.351,2.838,0.044
8825,17.802,3.678,0.687
8826,9.254,3.065,0.099
8827,6.244,3.978,0.229
8828,11.144,0.525,0.888
8829,4.411,0.957,0.392
8830,24.687,2.32,0.194
8831,2.411,2.819,0.981
8832,27.709,2.218,0.33
8833,7.878,1.697,0.299
8834,17.616,2.625,0.843
8835,3.127,3.779,0.997
8836,11.514,3.838,0.199
8837,21.616,2.753,0.196
8838,24.794,2.543,0.612
8839,14.225,3.15,0.124
8840,23.823,3.25,0.924
8841,16.266,3.706,0.469
8842,7.389,4.169,0.974
8843,28.494,2.922,0.469
8844,21.878,1.222,0.339
8845,23.263,0.587,0.945
8846,20.109,0.611,0.26
8847,13.176,3.052,0.767
8848,7.136,4.659,0.003
8849,11.147,3.037,0.109
8850,2.676,3.905,0.37
8851,13.346,3.481,0.709
8852,29.512,3.845,0.244
8853,13.003,1.542,0.4
8854,4.83,2.364,0.549
8855,16.799,2.295,0.812
8856,25.31,0.976,0.369
8857,21.476,0.889,0.813
8858,15.354,4.386,0.98
8859,7.225,2.485,0.084
8860,2.267,2.446,0.483
8861,26.336,2.189,0.737
8862,13.49,2.696,0.454
8863,2.997,0.731,0.835
8864,29.967,3.496,0.753
8865,1.236,4.037,0.638
8866,25.352,4.971,0.271
8867,6.868,2.152,0.51
8868,5.029,1.868,0.464
8869,19.805,4.045,0.857
8870,2.278,4.572,0.635
8871,28.501,1.583,0.442
8872,13.757,4.669,0.922
8873,9.336,3.271,0.819
8874,19.438,2.758,0.055
8875,2.797,0.518,0.702
8876,11.749,4.722,0.617
8877,1.055,1.66,0.182
8878,18.461,2.595,0.132
8879,6.144,1.938,0.859
8880,22.263,4.614,0.351
8881,15.031,1.968,0.552
8882,11.527,1.224,0.453
8883,19.483,1.293,0.4
8884,22.841,1.03,0.46
8885,13.14,2.315,0.682
8886,12.681,3.534,0.024
8887,27.655,0.809,0.977
8888,3.076,4.807,0.46
8889,8.038,2.692,0.015
8890,22.095,2.789,0.801
8891,13.799,4.5,0.683
8892,23.58,4.513,0.119
8893,2.506,3.556,0.394
8894,12.455,2.306,0.264
8895,9.963,3.782,0.401
8896,24.001,1.544,0.503
8897,23.56,2.294,0.647
8898,24.441,2.198,0.529
8899,21.683,3.847,0.445
8900,20.902,3.854,0.729
8901,19.128,3.208,0.112
8902,7.746,3.737,0.874
8903,27.518,3.581,0.097
8904,9.77,1.964,0.044
8905,3.157,1.03,0.125
8906,5.168,3.198,0.07
8907,7.705,1.051,0.665
8908,0.932,4.078,0.695
8909,16.127,1.307,0.156
8910,28.731,3.735,0.335
8911,3.35,1.732,0.896
8912,8.562,3.97,0.998
8913,16.57,1.995,0.801
8914,1.852,2.199,0.127
8915,15.542,2.928,0.534
8916,13.834,0.624,0.59
8917,23.294,3.121,0.731
8918,4.255,2.099,0.428
8919,24.21,2.391,0.417
8920,7.679,1.273,0.96
8921,14.291,3.216,0.002
8922,21.31,2.202,0.787
8923,6.503,4.376,0.824
8924,0.792,0.843,0.698
8925,4.35,2.439,0.072
8926,15.322,1.871,0.112
8927,19.218,2.604,0.143
8928,5.264,3.295,0.144
8929,5.026,4.378,0.169
8930,20.347,4.462,0.113
8931,7.551,3.587,0.972
8932,27.393,2.912,0.834
8933,17.775,2.459,0.811
8934,16.271,3.632,0.64
8935,10.637,1.949,0.309
8936,6.762,1.094,0.061
8937,4.909,3.318,0.04
8938,7.749,3.823,0.615
8939,18.351,4.639,0.454
8940,12.952,2.128,0.26
8941,2.571,2.023,0.285
8942,17.012,4.814,0.749
8943,3.369,2.494,0.248
8944,26.021,2.936,0.857
8945,28.942,0.653,0.943
8946,29.755,4.419,0.282
8947,19.892,3.963,0.751
8948,15.762,2.078,0.949
8949,28.894,1.376,0.353
8950,6.056,3.804,0.577
8951,14.344,3.714,0.984
8952,8.423,3.872,0.005
8953,7.539,1.1,0.316
8954,4.678,3.186,0.671
8955,20.043,2.046,0.797
8956,20.49,0.586,0.147
8957,26.91,2.66,0.123
8958,25.008,2.775,0.981
8959,7.211,1.17,0.17
8960,1.609,2.454,0.523
8961,11.546,4.396,0.662
8962,20.901,4.146,0.954
8963,19.748,0.585,0.181
8964,21.262,1.673,0.158
8965,1.759,2.954,0.811
8966,17.375,1.706,0.445
8967,8.662,3.227,0.954
8968,0.466,0.552,0.54
8969,23.494,1.192,0.147
8970,1.524,1.453,0.396
8971,1.604,2.777,0.437
8972,1.51,0.553,0.89
8973,1.981,4.344,0.278
8974,7.036,1.668,0.484
8975,3.572,1.297,0.843
8976,7.886,4.029,0.503
8977,13.424,3.925,0.717
8978,16.352,1.099,0.506
8979,23.749,1.943,0.95
8980,4.851,2.954,0.936
8981,13.23,4.72,0.654
8982,24.883,1.934,0.317
8983,1.642,2.765,0.425
8984,29.044,2.242,0.898
8985,20.019,1.385,0.646
8986,14.853,2.902,0.287
8987,9.81,4.507,0.991
8988,11.895,0.665,0.702
8989,8.244,3.217,0.169
8990,13.075,1.531,0.092
8991,10.895,1.456,0.343
8992,29.6,2.336,0.997
8993,18.785,2.023,0.397
8994,10.72,3.857,0.794
8995,26.473,4.743,0.865
8996,8.951,2.183,0.103
8997,20.229,2.889,0.43
8998,0.859,4.557,0.616
8999,6.463,4.281,0.392
9000,15.126,3.333,0.357
9001,17.27,2.494,0.562
9002,18.833,2.741,0.633
9003,28.906,2.215,0.831
9004,6.079,3.059,0.582
9005,23.027,4.332,0.288
9006,4.395,2.655,0.099
9007,0.085,1.584,0.821
9008,11.628,3.915,0.755
9009,17.627,0.824,0.877
9010,24.13,4.861,0.184
9011,7.955,4.596,0.507
9012,10.777,3.331,0.087
9013,25.424,2.474,0.167
9014,17.412,1.765,0.563
9015,24.299,0.583,0.401
9016,21.623,1.737,0.314
9017,19.248,2.069,0.864
9018,16.689,3.303,0.524
9019,8.261,2.933,0.036
9020,27.541,2.396,0.062
9021,12.993,4.522,0.583
9022,22.837,2.5,0.952
9023,0.3,2.126,0.66
9024,20.822,3.343,0.413
9025,15.494,2.803,0.242
9026,27.16,4.52,0.317
9027,5.747,4.287,0.065
9028,8.217,3.968,0.765
9029,8.953,2.646,0.018
9030,1.294,3.595,0.21
9031,13.467,3.945,0.941
9032,12.649,2.67,0.8
9033,20.995,4.599,0.494
9034,17.139,4.097,0.52
9035,16.908,1.705,0.817
9036,12.587,3.458,0.609
9037,24.594,1.909,0.337
9038,27.348,3.913,0.31
9039,8.266,1.163,0.158
9040,16.761,0.898,0.234
9041,13.803,4.997,0.504
9042,18.56,1.447,0.04
9043,2.742,1.464,0.327
9044,22.549,2.969,0.122
9045,22.057,0.722,0.03
9046,2.43,1.802,0.253
9047,3.276,1.665,0.739
9048,8.667,2.547,0.12
9049,3.248,4.728,0.723
9050,27.452,0.77,0.24
9051,4.824,1.656,0.46
9052,13.58,1.13,0.769
9053,20.154,1.649,0.442
9054,1.77,2.887,0.793
9055,3.641,2.007,0.001
9056,20.93,3.911,0.976
9057,27.95,1.231,0.789
9058,7.356,1.994,0.408
9059,2.976,1.433,0.61
9060,8.511,4.652,0.595
9061,1.283,0.729,0.428
9062,26.744,3.024,0.439
9063,8.573,0.788,0.63
9064,23.766,1.917,0.908
9065,5.826,0.721,0.837
9066,29.317,0.965,0.384
9067,12.332,2.915,0.985
9068,23.712,1.312,0.171
9069,12.629,0.61,0.226
9070,4.638,3.162,0.404
9071,11.937,3.985,0.349
9072,23.953,4.852,0.273
9073,15.991,2.78,0.669
9074,3.223,3.08,0.601
9075,5.691,4.571,0.801
9076,6.574,3.761,0.333
9077,0.531,4.019,0.928
9078,18.146,3.797,0.151
9079,1.462,2.841,0.739
9080,9.248,3.687,0.608
9081,18.158,0.683,0.806
9082,24.716,1.612,0.08
9083,19.265,0.569,0.147
9084,2.213,4.15,0.4
9085,26.466,2.857,0.558
9086,20.306,1.94,0.618
9087,19.93,2.714,0.121
9088,0.648,0.952,0.43
9089,8.694,1.786,0.764
9090,15.831,0.628,0.162
9091,14.526,0.581,0.714
9092,5.749,2.808,0.174
9093,5.528,2.126,0.728
9094,5.724,4.286,0.205
9095,28.306,3.559,0.673
9096,19.306,2.809,0.138
9097,17.165,0.816,0.392
9098,3.168,4.62,0.322
9099,20.435,1.878,0.285
9100,21.935,3.217,0.769
9101,23.308,2.378,0.788
9102,3.69,2.82,0.461
9103,23.708,4.862,0.365
9104,20.932,4.539,0.114
9105,13.225,1.923,0.902
9106,21.886,1.789,0.942
9107,22.01,0.545,0.9
9108,3.027,3.554,0.021
9109,13.616,1.052,0.773
9110,4.027,2.026,0.744
9111,24.873,1.442,0.39
9112,27.63,0.874,0.352
9113,23.816,2.814,0.444
9114,3.811,1.805,0.452
9115,4.876,4.577,0.497
9116,14.929,1.109,0.44
9117,22.616,4.705,0.299
9118,5.823,2.061,0.454
9119,25.909,1.633,0.961
9120,27.763,3.672,0.891
9121,27.67,2.619,0.819
9122,3.654,3.778,0.871
9123,21.184,3.444,0.231
9124,9.561,3.975,0.163
9125,3.718,4.485,0.952
9126,2.344,4.902,0.606
9127,19.259,4.164,0.834
9128,23.621,2.655,0.711
9129,7.318,0.938,0.234
9130,27.088,3.061,0.834
9131,7.998,2.443,0.989
9132,6.748,1.021,0.88
9133,9.973,2.657,0.754
9134,18.42,3.019,0.931
9135,10.156,4.086,0.791
9136,11.873,1.757,0.818
9137,17.017,4.145,0.923
9138,24.255,1.051,0.263
9139,28.658,4.975,0.477
9140,4.019,0.992,0.063
9141,12.26,2.767,0.813
9142,2.117,3.636,0.432
9143,12.883,2.252,0.81
9144,3.695,4.74,0.412
9145,5.254,2.377,0.182
9146,18.324,1.744,0.77
9147,22.313,4.49,0.715
9148,26.73,2.048,0.223
9149,5.238,3.853,0.222
9150,1.356,4.279,0.805
9151,28.331,3.352,0.434
9152,24.573,3.725,0.005
9153,0.148,2.757,0.365
9154,18.09,4.511,0.406
9155,14.401,3.405,0.277
9156,26.862,3.996,0.237
9157,9.532,1.444,0.448
9158,23.837,3.336,0.568
9159,27.307,3.226,0.151
9160,12.606,1.841,0.895
9161,22.363,1.655,0.236
9162,3.769,4.105,0.374
9163,22.425,1.684,0.497
9164,0.993,3.999,0.81
9165,11.638,2.798,0.079
9166,7.555,1.045,0.982
9167,10.518,3.16,0.078
9168,13.935,1.519,0.881
9169,8.698,3.486,0.072
9170,12.593,5.0,0.773
9171,15.497,4.978,0.482
9172,15.616,3.007,0.733
9173,5.585,1.835,0.83
9174,5.151,2.529,0.04
9175,12.314,3.035,0.095
9176,2.14,3.888,0.082
9177,28.947,4.487,0.184
9178,15.627,2.36,0.049
9179,24.425,1.787,0.635
9180,8.224,3.675,0.384
9181,23.237,1.679,0.669
9182,9.888,1.326,0.545
9183,3.656,1.825,0.73
9184,20.424,2.487,0.321
9185,6.583,4.259,0.188
9186,6.932,4.59,0.752
9187,4.432,2.197,0.009
9188,17.945,4.04,0.815
9189,9.329,3.509,0.359
9190,29.731,1.458,0.468
9191,7.205,1.927,0.462
9192,22.418,1.191,0.367
9193,27.505,4.088,0.465
9194,6.336,1.663,0.355
9195,15.942,1.993,0.265
9196,19.415,3.67,0.169
9197,10.713,2.824,0.362
9198,23.518,2.516,0.032
9199,20.466,4.615,0.568
9200,9.458,0.577,0.419
9201,8.865,4.517,0.945
9202,27.808,3.505,0.133
9203,1.687,4.694,0.431
9204,2.909,1.054,0.731
9205,23.036,2.584,0.276
9206,22.713,1.599,0.289
9207,3.038,0.792,0.746
9208,7.522,3.199,0.011
9209,22.49,3.234,0.65
9210,4.743,4.694,0.503
9211,22.68,1.719,0.892
9212,6.344,4.163,0.005
9213,6.881,2.153,0.687
9214,2.319,3.603,0.523
9215,21.839,1.655,0.446
9216,25.459,3.384,0.248
9217,23.532,4.135,0.58
9218,18.895,1.39,0.94
9219,24.938,4.13,0.381
9220,6.486,3.086,0.867
9221,2.421,1.339,0.046
9222,28.487,0.781,0.666
9223,26.236,3.926,0.496
9224,1.154,4.162,0.185
9225,23.288,3.718,0.762
9226,4.407,0.537,0.249
9227,14.334,1.013,0.194
9228,14.431,3.759,0.937
9229,7.695,2.531,0.986
9230,14.769,3.348,0.528
9231,26.547,4.219,0.651
9232,19.342,4.834,0.62
9233,27.884,2.497,0.255
9234,8.439,1.928,0.649
9235,6.136,1.885,0.448
9236,5.852,0.81,0.712
9237,26.254,2.3,0.351
9238,2.987,3.146,0.128
9239,6.557,2.56,0.303
9240,26.974,1.57,0.482
9241,20.195,3.576,0.392
9242,17.233,3.57,0.136
9243,14.801,2.712,0.498
9244,16.415,2.711,0.223
9245,8.411,4.782,0.701
9246,25.696,1.963,0.165
9247,13.461,3.066,0.449
9248,15.89,3.679,0.404
9249,26.395,4.354,0.18
9250,21.038,4.584,0.13
9251,21.239,0.525,0.915
9252,28.773,0.779,0.702
9253,15.948,2.739,0.576
9254,21.796,4.451,0.302
9255,12.187,3.063,0.082
9256,23.914,4.617,0.592
9257,0.868,4.767,0.539
9258,27.277,2.349,0.522
9259,4.174,0.655,0.621
9260,18.474,3.551,0.621
9261,17.107,1.197,0.155
9262,21.39,3.548,0.63
9263,17.236,4.068,0.501
9264,4.337,3.708,0.07
9265,19.478,1.972,0.533
9266,14.567,2.315,0.069
9267,4.354,2.254,0.947
9268,4.323,3.97,0.588
9269,14.11,2.873,0.443
9270,4.665,4.089,0.439
9271,5.415,0.592,0.739
9272,10.696,4.26,0.46
9273,0.245,1.129,0.105
9274,19.693,2.265,0.553
9275,10.623,4.368,0.137
9276,9.285,0.867,0.21
9277,19.581,2.844,0.033
9278,23.216,0.701,0.885
9279,9.843,2.812,0.153
9280,29.61,0.968,0.221
9281,13.053,2.361,0.35
9282,1.847,2.905,0.968
9283,9.331,2.045,0.725
9284,14.221,1.427,0.764
9285,21.041,1.14,0.161
9286,7.382,2.371,0.102
9287,4.384,1.731,0.751
9288,26.413,4.361,0.326
9289,16.15,3.088,0.388
9290,0.546,2.105,0.62
9291,29.287,4.0,0.88
9292,9.109,3.655,0.834
9293,13.572,0.502,0.983
9294,16.094,0.614,0.079
9295,11.901,3.81,0.896
9296,11.088,2.601,0.883
9297,5.878,0.519,0.9
9298,10.641,1.414,0.677
9299,22.383,3.126,0.497
9300,28.225,2.65,0.99
9301,14.316,4.382,0.839
9302,7.681,1.304,0.377
9303,6.964,3.433,0.86
9304,24.84,1.567,0.298
9305,24.891,4.546,0.243
9306,22.748,4.676,0.515
9307,5.83,1.087,0.146
9308,5.453,1.718,0.399
9309,6.494,0.683,0.786
9310,10.434,4.774,0.653
9311,4.873,1.228,0.911
9312,19.057,3.798,0.934
9313,19.665,3.365,0.71
9314,11.411,2.736,0.948
9315,6.347,4.789,0.612
9316,25.267,1.728,0.435
9317,3.25,1.318,0.27
9318,7.029,3.211,0.594
9319,19.389,3.65,0.787
9320,6.639,3.405,0.052
9321,27.816,1.713,0.367
9322,22.089,2.667,0.338
9323,9.169,1.584,0.686
9324,4.866,4.325,0.372
9325,6.477,3.423,0.863
9326,25.332,4.628,0.801
9327,19.825,4.954,0.892
9328,21.534,4.8,0.111
9329,12.78,4.349,0.935
9330,17.761,3.493,0.645
9331,11.173,3.025,0.442
9332,15.96,1.938,0.092
9333,19.205,1.171,0.504
9334,21.92,3.244,0.381
9335,23.83,0.733,0.78
9336,5.488,4.116,0.72
9337,1.196,4.852,0.142
9338,19.222,2.961,0.464
9339,0.418,0.94,0.579
9340,7.588,3.078,0.894
9341,2.598,1.779,0.957
9342,28.264,2.212,0.797
9343,23.801,3.368,0.007
9344,15.702,0.699,0.77
9345,9.5,1.485,0.411
9346,2.064,1.075,0.483
9347,16.909,2.208,0.886
9348,4.36,1.119,0.04
9349,20.999,3.608,0.557
9350,16.572,1.066,0.886
9351,29.341,1.383,0.109
9352,20.758,4.234,0.175
9353,4.997,2.209,0.584
9354,23.719,0.574,0.371
9355,11.96,4.926,0.407
9356,20.587,1.17,0.111
9357,28.045,2.207,0.746
9358,0.263,3.88,0.792
9359,27.119,4.353,0.697
9360,22.937,2.308,0.01
9361,7.888,1.645,0.489
9362,24.465,1.09,0.539
9363,28.109,4.229,0.111
9364,20.339,1.76,0.49
9365,2.781,1.469,0.288
9366,22.428,4.203,0.909
9367,9.385,3.73,0.097
9368,29.293,4.189,0.193
9369,21.365,4.376,0.193
9370,24.349,1.764,0.046
9371,24.731,2.4,0.475
9372,15.056,3.376,0.815
9373,19.866,3.207,0.986
9374,21.558,4.358,0.821
9375,23.827,1.22,0.673
9376,1.552,1.007,0.653
9377,8.104,4.084,0.864
9378,8.205,1.135,0.739
9379,0.638,0.946,0.407
9380,16.81,2.044,0.683
9381,21.336,1.154,0.887
9382,7.223,0.673,0.148
9383,9.591,4.29,0.102
9384,27.206,1.439,0.757
9385,6.355,4.15,0.194
9386,27.728,3.829,0.773
9387,18.85,3.63,0.857
9388,18.749,0.577,0.177
9389,4.844,4.53,0.803
9390,20.957,2.081,0.831
9391,9.309,4.11,0.011
9392,10.486,4.46,0.273
9393,0.918,1.915,0.5
9394,18.135,3.192,0.642
9395,28.565,3.532,0.719
9396,2.413,3.835,0.217
9397,18.646,4.856,0.436
9398,12.466,4.527,0.601
9399,29.554,2.225,0.252
9400,6.837,4.076,0.664
9401,22.525,3.337,0.324
9402,27.822,2.352,0.033
9403,2.563,2.475,0.593
9404,27.143,1.014,0.288
9405,25.505,1.023,0.636
9406,13.638,0.59,0.364
9407,26.619,1.911,0.097
9408,24.452,4.135,0.148
9409,13.07,3.345,0.153
9410,20.965,3.35,0.195
9411,5.052,4.109,0.61
9412,13.848,3.65,0.046
9413,14.196,1.782,0.325
9414,17.715,4.768,0.763
9415,9.281,1.328,0.17
9416,24.375,2.76,0.781
9417,19.808,4.07,0.873
9418,29.151,1.986,0.232
9419,5.046,3.703,0.662
9420,6.824,2.27,0.423
9421,18.98,0.719,0.995
9422,23.478,2.648,0.039
9423,6.231,1.476,0.38
9424,12.148,3.057,0.317
9425,23.989,2.939,0.089
9426,16.858,1.672,0.466
9427,19.588,0.549,0.986
9428,17.936,4.651,0.774
9429,11.121,1.33,0.249
9430,10.009,4.887,0.524
9431,25.71,1.735,0.363
9432,6.548,1.631,0.384
9433,27.313,3.374,0.206
9434,0.05,0.618,0.471
9435,14.642,1.435,0.466
9436,6.734,1.178,0.676
9437,24.196,2.049,0.805
9438,19.767,3.246,0.422
9439,17.062,1.79,0.379
9440,20.784,1.486,0.908
9441,0.741,2.716,0.018
9442,18.948,4.294,0.376
9443,24.158,3.001,0.503
9444,21.307,3.001,0.232
9445,18.711,3.244,0.936
9446,3.296,0.726,0.444
9447,12.653,3.322,0.502
9448,13.891,1.303,0.373
9449,26.944,1.525,0.25
9450,2.793,2.163,0.098
9451,9.326,4.519,0.222
9452,4.422,3.852,0.761
9453,27.457,3.691,0.475
9454,23.105,4.692,0.002
9455,0.146,0.814,0.639
9456,0.721,4.305,0.694
9457,3.711,3.519,0.785
9458,19.319,2.233,0.584
9459,12.412,4.163,0.979
9460,29.995,2.046,0.622
9461,13.837,4.46,0.229
9462,0.492,1.73,0.61
9463,6.791,3.355,0.325
9464,9.354,2.159,0.193
9465,26.723,4.384,0.743
9466,0.509,4.73,0.722
9467,27.575,2.477,0.679
9468,28.317,2.847,0.601
9469,19.422,3.562,0.437
9470,1.418,4.402,0.331
9471,6.294,4.185,0.174
9472,28.797,0.84,0.796
9473,23.279,2.875,0.495
9474,11.696,2.275,0.804
9475,22.86,3.399,0.226
9476,6.322,4.435,0.694
9477,23.131,3.823,0.23
9478,21.385,2.848,0.304
9479,18.89,3.7,0.541
9480,23.767,3.998,0.303
9481,12.589,4.077,0.431
9482,20.544,1.467,0.523
9483,23.414,1.356,0.981
9484,12.38,1.596,0.229
9485,20.118,2.338,0.823
9486,0.336,1.453,0.254
9487,21.44,2.966,0.288
9488,3.795,2.815,0.238
9489,19.175,4.252,0.988
9490,14.262,2.01,0.54
9491,0.329,4.386,0.059
9492,0.088,1.927,0.115
9493,7.061,1.805,0.493
9494,29.262,1.548,0.63
9495,26.502,3.568,0.946
9496,20.988,3.133,0.514
9497,25.43,0.632,0.014
9498,17.949,2.493,0.97
9499,17.337,2.355,0.561
9500,11.895,2.047,0.337
9501,29.079,2.238,0.998
9502,0.162,4.774,0.211
9503,10.625,3.187,0.503
9504,1.488,1.481,0.308
9505,13.695,1.931,0.778
9506,29.685,3.418,0.607
9507,8.079,2.062,0.647
9508,28.702,1.409,0.586
9509,16.311,1.04,0.105
9510,15.743,1.629,0.164
9511,3.618,1.163,0.918
9512,25.537,3.303,0.606
9513,13.693,3.931,0.773
9514,17.03,0.517,0.199
9515,11.333,2.364,0.859
9516,27.477,4.803,0.764
9517,11.168,0.738,0.583
9518,12.929,2.784,0.068
9519,23.645,2.259,0.28
9520,9.461,3.903,0.375
9521,2.434,1.684,0.217
9522,0.391,0.969,0.958
9523,3.592,3.383,0.296
9524,24.575,2.951,0.279
9525,1.074,1.182,0.111
9526,18.452,2.705,0.093
9527,0.2,1.077,0.202
9528,1.385,4.978,0.944
9529,27.903,2.929,0.346
9530,20.714,4.319,0.367
9531,18.287,1.482,0.823
9532,9.412,2.269,0.05
9533,0.976,2.517,0.42
9534,24.868,2.245,0.206
9535,10.665,3.923,0.503
9536,7.627,3.31,0.67
9537,22.458,2.849,0.69
9538,18.793,3.072,0.471
9539,0.83,0.96,0.081
9540,5.395,2.522,0.352
9541,11.805,4.254,0.65
9542,12.072,2.441,0.759
9543,1.747,2.164,0.621
9544,1.544,3.574,0.689
9545,10.243,3.955,0.74
9546,26.839,2.433,0.525
9547,25.77,1.86,0.749
9548,2.018,3.999,0.106
9549,26.872,3.276,0.701
9550,26.272,4.97,0.924
9551,21.014,2.141,1.0
9552,0.441,3.159,0.631
9553,16.074,3.423,0.026
9554,19.078,1.364,0.697
9555,3.68,4.997,0.609
9556,28.643,2.995,0.123
9557,5.281,1.46,0.152
9558,5.696,0.5,0.016
9559,12.419,3.869,0.159
9560,18.766,4.816,0.951
9561,25.102,3.486,0.851
9562,10.473,2.92,0.789
9563,23.539,2.04,0.604
9564,3.283,1.56,0.551
9565,10.407,2.344,0.131
9566,20.507,3.771,0.914
9567,27.597,1.031,0.42
9568,3.918,0.544,0.7
9569,24.943,2.03,0.243
9570,26.583,0.663,0.848
9571,13.348,2.791,0.029
9572,29.427,4.092,0.098
9573,6.578,2.703,0.62
9574,16.545,0.954,0.52
9575,17.439,4.154,0.261
9576,29.398,4.087,0.37
9577,25.943,1.913,0.308
9578,12.5,3.839,0.743
9579,3.245,3.951,0.584
9580,1.333,0.68,0.079
9581,26.139,2.871,0.878
9582,29.392,2.488,0.57
9583,20.212,4.798,0.541
9584,28.73,4.983,0.358
9585,5.608,0.867,0.99
9586,3.413,2.702,0.939
9587,14.966,3.744,0.868
9588,27.173,1.967,0.959
9589,14.039,3.81,0.554
9590,10.58,0.794,0.738
9591,0.632,4.679,0.699
9592,6.399,2.317,0.03
9593,4.023,3.885,0.519
9594,0.694,0.964,0.691
9595,16.412,0.823,0.354
9596,29.269,1.428,0.486
9597,0.562,2.13,0.723
9598,5.196,2.155,0.152
9599,9.309,2.708,0.674
9600,4.82,2.014,0.633
9601,7.771,3.512,0.699
9602,2.627,0.651,0.373
9603,16.009,4.994,0.388
9604,13.233,3.889,0.161
9605,12.165,0.653,0.38
9606,1.989,4.262,0.301
9607,4.724,3.57,0.091
9608,16.609,1.006,0.452
9609,16.757,3.033,0.384
9610,18.582,2.581,0.327
9611,19.05,3.385,0.613
9612,5.123,0.714,0.2
9613,10.056,2.65,0.132
9614,24.045,4.119,0.396
9615,26.626,3.845,0.304
9616,22.578,4.421,0.771
9617,27.104,1.981,0.949
9618,5.245,2.805,0.533
9619,8.706,1.746,0.002
9620,16.702,1.53,0.622
9621,25.463,3.592,0.02
9622,7.1,3.284,0.108
9623,19.428,2.352,0.644
9624,29.409,4.142,0.024
9625,16.321,4.225,0.891
9626,13.652,4.89,0.382
9627,0.598,3.596,0.994
9628,3.552,4.141,0.201
9629,11.241,4.821,0.509
9630,8.53,1.08,0.338
9631,23.785,4.106,0.939
9632,2.786,0.752,0.832
9633,27.872,4.876,0.89
9634,0.854,3.551,0.996
9635,24.007,1.613,0.522
9636,9.277,3.38,0.329
9637,7.118,4.623,0.917
9638,11.607,0.725,0.205
9639,20.631,3.219,0.404
9640,28.309,3.477,0.78
9641,21.418,4.827,0.637
9642,24.808,1.911,0.068
9643,11.771,1.881,0.815
9644,12.609,1.175,0.193
9645,21.773,0.974,0.95
9646,29.447,4.428,0.43
9647,0.927,3.554,0.724
9648,15.002,3.622,0.836
9649,16.635,2.791,0.317
9650,23.919,3.124,0.082
9651,10.978,2.744,0.763
9652,7.092,4.825,0.685
9653,16.012,1.801,0.678
9654,11.889,3.437,0.167
9655,12.51,1.955,0.244
9656,2.291,4.519,0.026
9657,8.818,1.587,0.076
9658,21.644,4.466,0.878
9659,23.792,4.283,0.59
9660,2.036,3.246,0.458
9661,19.527,2.376,0.52
9662,21.258,3.304,0.519
9663,10.655,2.247,0.216
9664,29.918,1.642,0.21
9665,15.049,3.334,0.705
9666,25.276,1.893,0.65
9667,22.798,1.62,0.95
9668,25.776,3.077,0.537
9669,16.78,1.811,0.72
9670,19.969,3.108,0.62
9671,7.737,2.107,0.733
9672,4.683,3.39,0.755
9673,19.96,3.825,0.874
9674,24.323,4.575,0.871
9675,28.913,1.455,0.716
9676,26.986,2.776,0.966
9677,4.878,3.805,0.993
9678,20.895,1.698,0.906
9679,14.394,3.48,0.994
9680,29.934,4.514,0.544
9681,24.369,2.0,0.593
9682,21.937,1.061,0.261
9683,28.262,1.296,0.887
9684,17.877,2.388,0.951
9685,23.385,2.436,0.952
9686,21.941,2.859,0.773
9687,11.92,2.807,0.602
9688,23.497,2.237,0.294
9689,10.21,4.96,0.873
9690,4.601,4.432,0.315
9691,3.468,2.985,0.954
9692,10.277,0.879,0.611
9693,23.788,2.017,0.772
9694,23.688,2.327,0.258
9695,15.159,1.053,0.77
9696,23.259,2.518,0.244
9697,17.069,2.381,0.772
9698,6.023,3.599,0.832
9699,14.862,0.609,0.89
9700,3.472,3.991,0.74
9701,3.177,3.128,0.326
9702,22.163,1.996,0.172
9703,26.512,3.49,0.548
9704,15.965,2.56,0.779
9705,28.239,2.045,0.11
9706,7.505,1.569,0.528
9707,2.728,1.13,0.424
9708,9.908,3.149,0.087
9709,5.902,3.12,0.993
9710,28.274,2.47,0.464
9711,29.993,3.129,0.706
9712,25.746,0.561,0.356
9713,2.953,2.184,0.728
9714,19.502,3.157,0.252
9715,3.741,1.018,0.57
9716,21.662,1.188,0.26
9717,6.278,0.719,0.365
9718,29.835,2.15,0.008
9719,12.635,4.401,0.714
9720,2.864,2.874,0.56
9721,14.006,2.735,0.16
9722,13.664,1.818,0.158
9723,27.222,2.647,0.575
9724,22.521,3.296,0.396
9725,13.106,3.082,0.678
9726,12.285,1.685,0.252
9727,28.671,1.93,0.679
9728,11.758,0.643,0.415
9729,28.701,0.884,0.442
9730,6.89,4.943,0.437
9731,7.971,4.468,0.008
9732,8.207,2.97,0.789
9733,2.763,0.826,0.704
9734,3.589,3.006,0.487
9735,28.163,2.983,0.275
9736,15.998,1.331,0.939
9737,2.911,4.481,0.202
9738,26.913,3.453,0.172
9739,10.984,1.142,0.403
9740,2.2,1.926,0.417
9741,14.959,2.195,0.846
9742,24.657,4.377,0.016
9743,20.411,3.132,0.535
9744,14.295,4.485,0.314
9745,3.352,1.567,0.613
9746,7.843,1.026,0.579
9747,24.828,2.405,0.678
9748,3.241,1.049,0.013
9749,18.242,3.731,0.344
9750,17.47,2.996,0.442
9751,22.821,3.464,0.617
9752,2.479,4.886,0.233
9753,11.194,3.612,0.39
9754,1.257,3.474,0.13
9755,9.931,2.059,0.158
9756,4.642,1.042,0.992
9757,5.493,2.262,0.992
9758,2.468,2.879,0.53
9759,2.737,4.436,0.349
9760,0.766,0.787,0.706
9761,15.814,3.889,0.858
9762,5.32,3.593,0.224
9763,1.133,4.579,0.348
9764,0.625,4.167,0.253
9765,16.121,2.521,0.946
9766,28.205,2.826,0.111
9767,23.484,4.742,0.511
9768,23.21,3.029,0.866
9769,15.913,3.754,0.362
9770,0.848,3.19,0.526
9771,16.209,1.628,0.072
9772,19.213,4.003,0.869
9773,9.34,2.962,0.366
9774,20.802,3.294,0.905
9775,27.514,0.85,0.377
9776,17.648,2.368,0.35
9777,13.947,1.689,0.781
9778,17.978,4.353,0.357
9779,8.505,1.458,0.526
9780,29.388,3.079,0.804
9781,18.704,3.839,0.265
9782,29.277,3.741,0.895
9783,11.727,1.264,0.086
9784,27.433,2.098,0.441
9785,26.008,1.243,0.288
9786,9.449,4.746,0.149
9787,12.249,3.406,0.947
9788,4.185,0.728,0.548
9789,9.898,2.194,0.99
9790,27.757,4.831,0.903
9791,0.816,1.737,0.625
9792,18.735,2.603,0.901
9793,2.666,3.926,0.083
9794,25.756,2.181,0.35
9795,6.227,2.69,0.638
9796,18.494,2.347,0.55
9797,15.304,2.022,0.854
9798,11.378,4.876,0.018
9799,25.313,1.226,0.532
9800,6.352,1.371,0.982
9801,23.642,4.235,0.467
9802,22.684,3.77,0.856
9803,21.381,4.532,0.843
9804,16.148,0.798,0.387
9805,10.089,1.758,0.636
9806,28.057,2.296,0.861
9807,22.69,3.661,0.214
9808,22.933,4.779,0.217
9809,1.478,2.641,0.409
9810,16.578,1.224,0.474
9811,28.16,4.77,0.753
9812,21.625,3.695,0.59
9813,7.649,4.546,0.45
9814,16.301,4.661,0.737
9815,19.72,1.656,0.487
9816,28.571,3.23,0.068
9817,9.982,3.77,0.901
9818,9.526,2.037,0.823
9819,13.84,2.806,0.045
9820,19.107,4.954,0.337
9821,5.593,3.887,0.432
9822,27.635,2.002,0.427
9823,26.895,4.009,0.599
9824,10.227,1.761,0.082
9825,12.984,3.415,0.684
9826,26.929,2.166,0.551
9827,28.516,4.75,0.529
9828,9.189,2.264,0.985
9829,25.671,2.407,0.597
9830,2.33,1.643,0.228
9831,14.936,1.688,0.221
9832,2.681,3.844,0.754
9833,16.329,4.002,0.423
9834,15.324,4.707,0.132
9835,19.316,4.705,0.841
9836,8.525,3.538,0.378
9837,6.818,0.959,0.545
9838,22.142,3.314,0.813
9839,20.239,2.813,0.922
9840,13.203,2.102,0.706
9841,21.276,4.992,0.284
9842,13.01,2.593,0.677
9843,15.587,2.676,0.23
9844,5.913,0.764,0.601
9845,22.456,3.127,0.406
9846,12.738,3.193,0.135
9847,25.559,3.724,0.695
9848,22.211,0.733,0.609
9849,6.675,3.101,0.639
9850,9.101,4.944,0.742
9851,9.505,1.341,0.196
9852,26.89,3.914,0.58
9853,12.917,2.894,0.878
9854,16.189,1.433,0.091
9855,29.522,0.601,0.511
9856,29.405,4.709,0.163
9857,2.47,1.936,0.051
9858,11.4,4.465,0.972
9859,8.624,2.388,0.665
9860,21.829,4.801,0.448
9861,3.195,1.984,0.311
9862,8.345,2.514,0.893
9863,27.578,4.877,0.906
9864,0.887,1.922,0.508
9865,13.042,4.885,0.638
9866,26.844,1.189,0.059
9867,4.59,4.549,0.965
9868,23.466,2.653,0.627
9869,4.125,1.311,0.562
9870,13.732,1.974,0.294
9871,27.716,2.438,0.459
9872,6.207,3.875,0.348
9873,15.273,1.879,0.063
9874,24.873,1.552,0.166
9875,5.739,4.058,0.727
9876,27.325,1.468,0.327
9877,14.785,4.636,0.41
9878,2.233,1.561,0.473
9879,7.933,1.162,0.879
9880,26.85,4.988,0.614
9881,2.752,2.865,0.813
9882,17.73,2.166,0.282
9883,18.197,1.588,0.897
9884,24.124,3.922,0.748
9885,16.023,1.812,0.083
9886,26.579,3.014,0.38
9887,5.032,1.621,0.585
9888,14.805,3.406,0.105
9889,17.496,1.574,0.985
9890,28.427,1.713,0.925
9891,28.27,2.319,0.212
9892,24.586,3.432,0.494
9893,6.728,0.676,0.64
9894,18.957,1.783,0.088
9895,2.602,3.674,0.836
9896,12.141,3.473,0.416
9897,4.988,2.745,0.483
9898,8.402,0.76,0.829
9899,6.313,1.887,0.378
9900,24.967,4.631,0.868
9901,3.11,2.604,0.389
9902,13.619,2.32,0.889
9903,0.099,2.712,0.143
9904,19.309,1.225,0.524
9905,4.606,3.011,0.992
9906,3.558,2.394,0.704
9907,5.857,3.481,0.004
9908,10.016,4.204,0.336
9909,26.53,3.456,0.913
9910,3.976,1.725,0.994
9911,2.876,1.614,0.019
9912,18.955,1.409,0.054
9913,17.934,2.883,0.573
9914,1.89,1.436,0.051
9915,7.453,0.629,0.164
9916,20.915,2.29,0.564
9917,20.614,1.353,0.564
9918,10.524,4.891,0.428
9919,21.727,0.542,0.602
9920,12.899,2.282,0.798
9921,22.94,2.114,0.744
9922,25.358,1.338,0.135
9923,5.798,2.99,0.947
9924,12.002,3.984,0.051
9925,21.786,3.615,0.705
9926,7.608,0.93,0.54
9927,20.642,4.636,0.821
9928,21.111,3.531,0.807
9929,14.336,2.279,0.929
9930,11.953,4.02,0.888
9931,6.634,1.141,0.092
9932,10.077,3.745,0.067
9933,26.789,1.837,0.878
9934,16.658,2.177,0.029
9935,14.164,2.333,0.856
9936,28.992,4.066,0.563
9937,26.215,4.052,0.293
9938,4.645,4.996,1.0
9939,21.288,3.094,0.081
9940,23.153,4.237,0.711
9941,27.55,1.666,0.84
9942,24.517,3.95,0.816
9943,13.958,1.183,0.572
9944,5.432,0.949,0.792
9945,25.399,3.606,0.397
9946,8.074,1.818,0.456
9947,8.086,4.04,0.796
9948,18.58,0.505,0.678
9949,25.955,1.977,0.799
9950,22.57,4.914,0.924
9951,13.322,1.743,0.322
9952,24.536,3.188,0.0
9953,26.65,4.375,0.457
9954,13.856,1.825,0.057
9955,25.53,3.633,0.104
9956,29.37,3.599,0.472
9957,3.544,3.119,0.355
9958,8.799,4.786,0.682
9959,11.11,4.042,0.058
9960,8.71,1.69,0.018
9961,4.436,4.179,0.086
9962,25.948,2.334,0.447
9963,15.543,4.177,0.505
9964,3.861,3.542,0.123
9965,25.143,0.589,0.323
9966,26.083,0.639,0.088
9967,17.793,3.203,0.915
9968,10.909,1.239,0.01
9969,14.27,2.19,0.975
9970,26.346,0.509,0.123
9971,14.58,4.906,0.698
9972,2.438,2.083,0.567
9973,14.916,3.764,0.83
9974,14.794,4.775,0.314
9975,21.444,2.833,0.36
9976,26.28,0.962,0.105
9977,17.957,0.723,0.3
9978,17.858,3.337,0.521
9979,16.773,2.331,0.756
9980,1.104,1.562,0.444
9981,7.657,3.555,0.432
9982,4.194,2.156,0.169
9983,3.74,1.704,0.64
9984,26.198,2.075,0.58
9985,15.527,4.157,0.334
9986,15.133,4.834,0.662
9987,28.718,1.965,0.555
9988,21.138,3.485,0.356
9989,0.477,3.005,0.938
9990,5.091,1.273,0.108
9991,2.577,1.502,0.905
9992,15.697,3.23,0.613
9993,19.973,3.434,0.169
9994,11.15,3.138,0.111
9995,29.186,3.738,0.057
9996,3.118,2.602,0.291
9997,27.88,2.88,0.849
9998,3.222,4.588,0.166
9999,25.08,2.665,0.696
10000,15.513,4.86,0.663
