% Model:              2_2603_JH_lib_coupled_model.mph
% Version:            COMSOL 6.3.0.420
% Date:               Mar 26 2026, 16:41
% Dimension:          0
% Nodes:              780
% Expressions:        4
% Description:        Point Probe 1, Point Probe 3, Point Probe 2, Point Probe 4
% C_par                   t                        point1 (V)               point3 (N)               point2 (A)               point4 (m)
0.5                       0                        4.118696939972122        4010.0705701835386       1.4768238373834388       0
0.5                       36                       4.108223259743109        3388939.1745115197       1.4768238373834388       0
0.5                       72                       4.103024792680363        6765562.03484712         1.4768238373834388       0
0.5                       108                      4.098246368416305        1.0133593917177882E7     1.4768238373834388       0
0.5                       144                      4.093556821154605        1.3493018558473159E7     1.4768238373834388       0
0.5                       180                      4.088907938490615        1.6843870057115853E7     1.4768238373834388       0
0.5                       216                      4.084285420983809        2.018619812360405E7      1.4768238373834388       0
0.5                       252.00000000000003       4.079717585935905        2.3511903758293178E7     1.4768238373834388       0
0.5                       288                      4.075167644886391        2.6832140047412302E7     1.4768238373834388       0
0.5                       324                      4.070663272212637        3.0139208348451894E7     1.4768238373834388       0
0.5                       360                      4.06618260590495         3.3441391461458106E7     1.4768238373834388       0
0.5                       396                      4.061846077588763        3.671765388625695E7      1.4768238373834388       0
0.5                       432                      4.0575095492725755       3.9993916311055824E7     1.4768238373834388       0
0.5                       468                      4.053173020956389        4.3270178735854745E7     1.4768238373834388       0
0.5                       504.00000000000006       4.049311714090323        4.653214736266379E7      1.4768238373834388       0
0.5                       540                      4.045830669932772        4.978267837794006E7      1.4768238373834388       0
0.5                       576                      4.04234962577522         5.303320939321624E7      1.4768238373834388       0
0.5                       612                      4.038718800625917        5.6274787181547076E7     1.4768238373834388       0
0.5                       648                      4.034816431597056        5.950013331090083E7      1.4768238373834388       0
0.5                       684                      4.030914062568195        6.272547944025476E7      1.4768238373834388       0
0.5                       720                      4.027053658382141        6.594731838462031E7      1.4768238373834388       0
0.5                       756                      4.023421159725025        6.91501102696769E7       1.4768238373834388       0
0.5                       792                      4.01978866106791         7.235290215473339E7      1.4768238373834388       0
0.5                       828                      4.016404768471162        7.555024356037344E7      1.4768238373834388       0
0.5                       864                      4.013674651158394        7.873325149110529E7      1.4768238373834388       0
0.5                       900                      4.010944533845625        8.191625942183703E7      1.4768238373834388       0
0.5                       936                      4.0080488480816765       8.508594237836388E7      1.4768238373834388       0
0.5                       972.0000000000001        4.005076494556501        8.824945510177325E7      1.4768238373834388       0
0.5                       1008.0000000000001       4.0020954142964245       9.141119821678987E7      1.4768238373834388       0
0.5                       1044                     3.9990276866193195       9.455537095776372E7      1.4768238373834388       0
0.5                       1080                     3.9959599589422146       9.769954369873777E7      1.4768238373834388       0
0.5                       1116                     3.99282093159577         1.0083419402628641E8     1.4768238373834388       0
0.5                       1152                     3.9896104618379042       1.0395930287651876E8     1.4768238373834388       0
0.5                       1188                     3.9863999920800386       1.0708441172675122E8     1.4768238373834388       0
0.5                       1224                     3.983237315612653        1.1017571154387046E8     1.4768238373834388       0
0.5                       1260.0000000000002       3.980079510637685        1.132635652611956E8      1.4768238373834388       0
0.5                       1296                     3.976921705662717        1.1635141897852074E8     1.4768238373834388       0
0.5                       1332                     3.973763900687749        1.1943927269584593E8     1.4768238373834388       0
0.5                       1368                     3.9706060957127813       1.2252712641317105E8     1.4768238373834388       0
0.5                       1404                     3.967852643396918        1.2558870907414944E8     1.4768238373834388       0
0.5                       1440                     3.9652537225395785       1.2864025172534212E8     1.4768238373834388       0
0.5                       1476                     3.962654801682239        1.316917943765347E8      1.4768238373834388       0
0.5                       1512                     3.9600558808248993       1.3474333702772737E8     1.4768238373834388       0
0.5                       1548                     3.9574569599675598       1.3779487967892003E8     1.4768238373834388       0
0.5                       1584                     3.9548170210389175       1.4082732166442078E8     1.4768238373834388       0
0.5                       1620                     3.9521420703923233       1.438434599306423E8      1.4768238373834388       0
0.5                       1656                     3.9494671197457287       1.4685959819686404E8     1.4768238373834388       0
0.5                       1692                     3.9467921690991346       1.4987573646308565E8     1.4768238373834388       0
0.5                       1728                     3.94411721845254         1.5289187472930723E8     1.4768238373834388       0
0.5                       1764                     3.941489303542236        1.558975335160673E8      1.4768238373834388       0
0.5                       1800                     3.938946661577191        1.5888419364034358E8     1.4768238373834388       0
0.5                       1836                     3.9364040196121457       1.6187085376461977E8     1.4768238373834388       0
0.5                       1872                     3.9338613776471          1.6485751388889593E8     1.4768238373834388       0
0.5                       1908                     3.931318735682055        1.678441740131723E8      1.4768238373834388       0
0.5                       1944.0000000000002       3.928707880429873        1.708138983501801E8      1.4768238373834388       0
0.5                       1980.0000000000002       3.926092882474166        1.7378259414936802E8     1.4768238373834388       0
0.5                       2016.0000000000002       3.9235282187284004       1.7674761494730195E8     1.4768238373834388       0
0.5                       2052                     3.921156454229851        1.7969855178571445E8     1.4768238373834388       0
0.5                       2088                     3.9187846897313015       1.8264948862412697E8     1.4768238373834388       0
0.5                       2124                     3.9164830652706915       1.8559305236503276E8     1.4768238373834388       0
0.5                       2160                     3.914260176903654        1.8852833939391738E8     1.4768238373834388       0
0.5                       2196                     3.9120381874723016       1.9146348855429417E8     1.4768238373834388       0
0.5                       2232                     3.9099162660928135       1.9438329041760963E8     1.4768238373834388       0
0.5                       2268                     3.9077943447133254       1.9730309228092512E8     1.4768238373834388       0
0.5                       2304                     3.9056850895812034       2.0021455173236388E8     1.4768238373834388       0
0.5                       2340                     3.9035863377559346       2.0311909335650134E8     1.4768238373834388       0
0.5                       2376                     3.901486593097829        2.0602319538568354E8     1.4768238373834388       0
0.5                       2412                     3.8993710784595885       2.089203149668135E8      1.4768238373834388       0
0.5                       2448                     3.8972463309751535       2.1181334653588593E8     1.4768238373834388       0
0.5                       2484                     3.895113998057686        2.1470103262150976E8     1.4768238373834388       0
0.5                       2520.0000000000005       3.892974824989804        2.175828043490435E8      1.4768238373834388       0
0.5                       2556                     3.8908245245807342       2.204590934502928E8      1.4768238373834388       0
0.5                       2592                     3.88863776364794         2.233293091745731E8      1.4768238373834388       0
0.5                       2628                     3.8864262714969326       2.261937250404308E8      1.4768238373834388       0
0.5                       2664                     3.8842118035974753       2.2905224855761036E8     1.4768238373834388       0
0.5                       2700                     3.8819987789559987       2.3190486093934003E8     1.4768238373834388       0
0.5                       2736                     3.8797788466294367       2.347515927949653E8      1.4768238373834388       0
0.5                       2772                     3.877544004685831        2.3759245764018148E8     1.4768238373834388       0
0.5                       2808                     3.8752981538737497       2.4042744888641357E8     1.4768238373834388       0
0.5                       2844                     3.8730797540127995       2.4325661121175584E8     1.4768238373834388       0
0.5                       2880                     3.8708888769080776       2.4607994469962275E8     1.4768238373834388       0
0.5                       2916                     3.8687220583828608       2.488974734199354E8      1.4768238373834388       0
0.5                       2952                     3.8665911247201916       2.517092879260925E8      1.4768238373834388       0
0.5                       2988.0000000000005       3.8644899512039914       2.5451534132137656E8     1.4768238373834388       0
0.5                       3024                     3.8624093372721906       2.573156950101271E8      1.4768238373834388       0
0.5                       3060                     3.8603507931624903       2.601103389130524E8      1.4768238373834388       0
0.5                       3096                     3.8583151638705377       2.6289930499959633E8     1.4768238373834388       0
0.5                       3132                     3.8563018987359214       2.656826663454342E8      1.4768238373834388       0
0.5                       3168                     3.8543113049889635       2.6846038217940676E8     1.4768238373834388       0
0.5                       3204                     3.85234417343598         2.712325069689568E8      1.4768238373834388       0
0.5                       3240                     3.850400264049347        2.7399902418198204E8     1.4768238373834388       0
0.5                       3276                     3.848473564743914        2.76759972224167E8       1.4768238373834388       0
0.5                       3312                     3.846556644411664        2.7951540283796155E8     1.4768238373834388       0
0.5                       3348                     3.8446540718818083       2.8226528421082604E8     1.4768238373834388       0
0.5                       3384                     3.8427622467104507       2.850096526438955E8      1.4768238373834388       0
0.5                       3420.0000000000005       3.840882689254464        2.8774849280831575E8     1.4768238373834388       0
0.5                       3456                     3.8389971870143382       2.904818403954258E8      1.4768238373834388       0
0.5                       3492                     3.8370909345255764       2.932097244205291E8      1.4768238373834388       0
0.5                       3528                     3.83517358113069         2.9593212645256364E8     1.4768238373834388       0
0.5                       3564                     3.8332318320897802       2.986490806285826E8      1.4768238373834388       0
0.5                       3600                     3.831271538796244        3.013605719238974E8      1.4768238373834388       0
0.5                       3636                     3.8292755907429314       3.0406665816871095E8     1.4768238373834388       0
0.5                       3672                     3.8272356733273174       3.067673674647711E8      1.4768238373834388       0
0.5                       3708                     3.8251598492668717       3.094626847460249E8      1.4768238373834388       0
0.5                       3744                     3.8230540062447083       3.1215268194185203E8     1.4768238373834388       0
0.5                       3780                     3.820915433642562        3.1483732593683386E8     1.4768238373834388       0
0.5                       3816                     3.8187331895698877       3.1751670036861503E8     1.4768238373834388       0
0.5                       3852                     3.816504759155024        3.201908244603765E8      1.4768238373834388       0
0.5                       3888.0000000000005       3.81423702540852         3.2285968844074136E8     1.4768238373834388       0
0.5                       3924.0000000000005       3.8119455190644036       3.2552336322949517E8     1.4768238373834388       0
0.5                       3960.0000000000005       3.809622718320795        3.281818144789649E8      1.4768238373834388       0
0.5                       3996.0000000000005       3.807268582978161        3.3083517680380607E8     1.4768238373834388       0
0.5                       4032.0000000000005       3.804883112085113        3.334834533898961E8      1.4768238373834388       0
0.5                       4068.0000000000005       3.8024663141934316       3.3612661560021156E8     1.4768238373834388       0
0.5                       4104                     3.8000181893031177       3.387646634347521E8      1.4768238373834388       0
0.5                       4140.000000000001        3.79753873741417         3.4139759689351815E8     1.4768238373834388       0
0.5                       4176                     3.795046365937097        3.4402557814920306E8     1.4768238373834388       0
0.5                       4212                     3.7925331712253434       3.466485375692179E8      1.4768238373834388       0
0.5                       4248                     3.7899962534403264       3.492664496054479E8      1.4768238373834388       0
0.5                       4284                     3.7874356125820468       3.5187931425789326E8     1.4768238373834388       0
0.5                       4320                     3.784851248650504        3.5448713152655387E8     1.4768238373834388       0
0.5                       4356                     3.78226688796512         3.5709015269297326E8     1.4768238373834388       0
0.5                       4392                     3.7796694961099835       3.596882397117982E8      1.4768238373834388       0
0.5                       4428                     3.7770572571550685       3.622813733508125E8      1.4768238373834388       0
0.5                       4464                     3.7744301711003745       3.6486955361001605E8     1.4768238373834388       0
0.5                       4500                     3.771788237945902        3.674527804894094E8      1.4768238373834388       0
0.5                       4536                     3.7691405243055796       3.700313208628439E8      1.4768238373834388       0
0.5                       4572                     3.766481125184714        3.7260500091805714E8     1.4768238373834388       0
0.5                       4608                     3.763809972189539        3.751738186418934E8      1.4768238373834388       0
0.5                       4644                     3.7611270653200553       3.777377740343524E8      1.4768238373834388       0
0.5                       4680                     3.758431252703153        3.8029688167612433E8     1.4768238373834388       0
0.5                       4716                     3.7557038309074375       3.8285137831979495E8     1.4768238373834388       0
0.5                       4752                     3.7529577193751495       3.8540110042792004E8     1.4768238373834388       0
0.5                       4788                     3.75019291810629         3.879460480005009E8      1.4768238373834388       0
0.5                       4824                     3.7474094271008576       3.9048622103753585E8     1.4768238373834388       0
0.5                       4860                     3.744592738843195        3.930216496892855E8      1.4768238373834388       0
0.5                       4896                     3.7416467572060728       3.955525336676221E8      1.4768238373834388       0
0.5                       4932                     3.7386417835938923       3.9807872686858183E8     1.4768238373834388       0
0.5                       4968                     3.735577818006653        4.0060022929216427E8     1.4768238373834388       0
0.5                       5004                     3.7324548604443546       4.031170409383693E8      1.4768238373834388       0
0.5                       5040.000000000001        3.7292350944397175       4.056292064631758E8      1.4768238373834388       0
0.5                       5076                     3.725779252571315        4.081368903220014E8      1.4768238373834388       0
0.5                       5112                     3.7221968372154115       4.1063996320779896E8     1.4768238373834388       0
0.5                       5148                     3.718487848372007        4.1313842512056816E8     1.4768238373834388       0
0.5                       5184                     3.7146522860411          4.1563227606030923E8     1.4768238373834388       0
0.5                       5220                     3.7106713034279633       4.181215702620756E8      1.4768238373834388       0
0.5                       5256                     3.7065023795960927       4.206064300875361E8      1.4768238373834388       0
0.5                       5292                     3.7021822419399997       4.2308674984698457E8     1.4768238373834388       0
0.5                       5328                     3.697710890459684        4.25562529540421E8       1.4768238373834388       0
0.5                       5364                     3.693088325155146        4.2803376916784513E8     1.4768238373834388       0
0.5                       5400                     3.6885388480424437       4.305006285953995E8      1.4768238373834388       0
0.5                       5436                     3.6839658961118453       4.329630390000026E8      1.4768238373834388       0
0.5                       5472                     3.6793401432479143       4.354209794801358E8      1.4768238373834388       0
0.5                       5508                     3.674661589450652        4.378744500357981E8      1.4768238373834388       0
0.5                       5544                     3.67005111852283         4.4032350730522054E8     1.4768238373834388       0
0.5                       5580                     3.6656314402321466       4.427682087821618E8      1.4768238373834388       0
0.5                       5616                     3.661274845594573        4.452084946305573E8      1.4768238373834388       0
0.5                       5652                     3.656981334610109        4.4764436485040796E8     1.4768238373834388       0
0.5                       5688                     3.6527970203821365       4.5006867120768833E8     1.4768238373834388       0
0.5                       5724                     3.648688960931289        4.524826576603083E8      1.4768238373834388       0
0.5                       5760                     3.644580901480442        4.54896644112928E8       1.4768238373834388       0
0.5                       5796                     3.6404728420295944       4.5731063056554747E8     1.4768238373834388       0
0.5                       5832                     3.6362209889242267       4.5971694205983627E8     1.4768238373834388       0
0.5                       5868                     3.6317944892423837       4.621139318270889E8      1.4768238373834388       0
0.5                       5904                     3.62736798956054         4.645109215943413E8      1.4768238373834388       0
0.5                       5940.000000000001        3.622941489878697        4.669079113615937E8      1.4768238373834388       0
0.5                       5976.000000000001        3.6182826829250594       4.693018021340128E8      1.4768238373834388       0
0.5                       6012                     3.6133541670727074       4.7169209497134745E8     1.4768238373834388       0
0.5                       6048                     3.606991665693665        4.7407878315946656E8     1.4768238373834388       0
0.5                       6084                     3.5999535959512516       4.7646126578692055E8     1.4768238373834388       0
0.5                       6120                     3.592867401408533        4.788394896807986E8      1.4768238373834388       0
0.5                       6156                     3.584593911251275        4.8121400493001705E8     1.4768238373834388       0
0.5                       6192                     3.5727098495840885       4.835848359211606E8      1.4768238373834388       0
0.5                       6228                     3.560499767753542        4.8595054226275575E8     1.4768238373834388       0
0.5                       6264                     3.5482306441728073       4.883125761018381E8      1.4768238373834388       0
0.5                       6300                     3.5293621625437965       4.9067116228857815E8     1.4768238373834388       0
0.5                       6336                     3.50642232079188         4.930244649817561E8      1.4768238373834388       0
0.5                       6372                     3.483459396641389        4.953731476192298E8      1.4768238373834388       0
0.5                       6408                     3.458485896039081        4.9771892881315637E8     1.4768238373834388       0
0.5                       6444                     3.4136397370678666       5.0006064367183495E8     1.4768238373834388       0
0.5                       6480                     3.368738817504297        5.023964591286449E8      1.4768238373834388       0
0.5                       6516                     3.323815007140795        5.047298065352143E8      1.4768238373834388       0
0.5                       6552                     3.253808165219497        5.070595785894063E8      1.4768238373834388       0
0.5                       6588                     3.1644873215502236       5.0938414851816565E8     1.4768238373834388       0
0.5                       6624                     3.075046410911381        5.117024913677627E8      1.4768238373834388       0
0.5                       6660                     2.9807469842523227       5.1401980177747023E8     1.4768238373834388       0
0.5                       6684.241087084256        2.8606592048372845       5.155780313829393E8      1.4768238373834388       0
0.75                      0                        4.115562182865331        4104.235282111635        2.215235756075158        0
0.75                      36                       4.099512117776647        5078313.756673765        2.215235756075158        0
0.75                      72                       4.091716459779143        1.0133382820384594E7     2.215235756075158        0
0.75                      108                      4.084397824914235        1.5169208257528678E7     2.215235756075158        0
0.75                      144                      4.077362108376746        2.017829716970401E7      2.215235756075158        0
0.75                      180                      4.070469171398501        2.5166478523832396E7     2.215235756075158        0
0.75                      216                      4.063731111772769        3.012221993156092E7      2.215235756075158        0
0.75                      252.00000000000003       4.057069615593635        3.506883250314094E7      2.215235756075158        0
0.75                      288                      4.0506072395123685       3.999170352665816E7      2.215235756075158        0
0.75                      324                      4.04468628130524         4.4898310566286385E7     2.215235756075158        0
0.75                      360                      4.039306861300701        4.978865000740557E7      2.215235756075158        0
0.75                      396                      4.034082696563411        5.4656232174571075E7     2.215235756075158        0
0.75                      432                      4.028918261927783        5.951505912002377E7      2.215235756075158        0
0.75                      468                      4.022914090462289        6.4347011333782665E7     2.215235756075158        0
0.75                      504.00000000000006       4.017211237833417        6.916761194293544E7      2.215235756075158        0
0.75                      540                      4.012176139098937        7.396961524200721E7      2.215235756075158        0
0.75                      576                      4.007866803441717        7.875126093461172E7      2.215235756075158        0
0.75                      612                      4.003755246126924        8.352201825378357E7      2.215235756075158        0
0.75                      648                      3.9993388866904236       8.826967762567115E7      2.215235756075158        0
0.75                      684                      3.9948350020200647       9.300267223719856E7      2.215235756075158        0
0.75                      720                      3.990257865544127        9.772339358617741E7      2.215235756075158        0
0.75                      756                      3.985509623249759        1.0239435841849467E8     2.215235756075158        0
0.75                      792                      3.9807513052495103       1.0706239329768646E8     2.215235756075158        0
0.75                      828                      3.9759929872492616       1.1173042817687836E8     2.215235756075158        0
0.75                      864                      3.971394675580938        1.1636007972678098E8     2.215235756075158        0
0.75                      900                      3.9668513075004324       1.209765510618869E8      2.215235756075158        0
0.75                      936                      3.962307939419927        1.2559302239699285E8     2.215235756075158        0
0.75                      972.0000000000001        3.958174252533773        1.30182249874531E8       2.215235756075158        0
0.75                      1008.0000000000001       3.9543834369074284       1.3474867636463007E8     2.215235756075158        0
0.75                      1044                     3.9505926212810833       1.393151028547292E8      2.215235756075158        0
0.75                      1080                     3.946736331783039        1.4386462298944145E8     2.215235756075158        0
0.75                      1116                     3.9427554000588394       1.4838195859440362E8     2.215235756075158        0
0.75                      1152                     3.93877446833464         1.528992941993659E8      2.215235756075158        0
0.75                      1188                     3.9348074356455482       1.5741059926255697E8     2.215235756075158        0
0.75                      1224                     3.9309227650340635       1.61886168899116E8       2.215235756075158        0
0.75                      1260.0000000000002       3.9270380944225787       1.6636173853567493E8     2.215235756075158        0
0.75                      1296                     3.923137777956758        1.708263290093618E8      2.215235756075158        0
0.75                      1332                     3.9192081014562263       1.7527031667056486E8     2.215235756075158        0
0.75                      1368                     3.9153690292349266       1.7970869990854442E8     2.215235756075158        0
0.75                      1404                     3.9118906761974617       1.84124770481072E8       2.215235756075158        0
0.75                      1440                     3.9084537654099663       1.8853346476520896E8     2.215235756075158        0
0.75                      1476                     3.905129728944336        1.9292206859695598E8     2.215235756075158        0
0.75                      1512                     3.901841149374456        1.9730250500104958E8     2.215235756075158        0
0.75                      1548                     3.8986225281634534       2.0166682663190174E8     2.215235756075158        0
0.75                      1584                     3.895395956893701        2.0601680101225126E8     2.215235756075158        0
0.75                      1620                     3.8921640273706957       2.1035710550158688E8     2.215235756075158        0
0.75                      1656                     3.8889109887623228       2.1467704799357843E8     2.215235756075158        0
0.75                      1692                     3.885648183578958        2.1899263308660045E8     2.215235756075158        0
0.75                      1728                     3.8823073384516125       2.232958196336469E8      2.215235756075158        0
0.75                      1764                     3.8789235875511996       2.2758883907417598E8     2.215235756075158        0
0.75                      1800                     3.87552906556329         2.3186895466363087E8     2.215235756075158        0
0.75                      1836                     3.872112281594991        2.3613650239470425E8     2.215235756075158        0
0.75                      1872                     3.868673437482149        2.4039105769432962E8     2.215235756075158        0
0.75                      1908                     3.86529205122621         2.446325621380964E8      2.215235756075158        0
0.75                      1944.0000000000002       3.861963034172929        2.4886105521426395E8     2.215235756075158        0
0.75                      1980.0000000000002       3.8586997851809905       2.530766624619388E8      2.215235756075158        0
0.75                      2016.0000000000002       3.855494559623443        2.5727938750344607E8     2.215235756075158        0
0.75                      2052                     3.8523436318703017       2.614693002861282E8      2.215235756075158        0
0.75                      2088                     3.849242184678254        2.6564649879006577E8     2.215235756075158        0
0.75                      2124                     3.8461872669620742       2.698110419847715E8      2.215235756075158        0
0.75                      2160                     3.8431819086008976       2.7396303136186796E8     2.215235756075158        0
0.75                      2196                     3.840222703663211        2.78102465876523E8       2.215235756075158        0
0.75                      2232                     3.83729122135711         2.822294741402502E8      2.215235756075158        0
0.75                      2268                     3.8343854125241292       2.8634406595911694E8     2.215235756075158        0
0.75                      2304                     3.8314929620079856       2.9044632283198345E8     2.215235756075158        0
0.75                      2340                     3.828583663307262        2.9453626622130364E8     2.215235756075158        0
0.75                      2376                     3.825645895866371        2.986139139935593E8      2.215235756075158        0
0.75                      2412                     3.822644413529377        3.026793985448907E8      2.215235756075158        0
0.75                      2448                     3.8195823785569933       3.0673270229566807E8     2.215235756075158        0
0.75                      2484                     3.8164252826652434       3.107739099325548E8      2.215235756075158        0
0.75                      2520.0000000000005       3.8131848728747544       3.148030864158405E8      2.215235756075158        0
0.75                      2556                     3.809861455719945        3.188203493443402E8      2.215235756075158        0
0.75                      2592                     3.8064498722332014       3.228257642609794E8      2.215235756075158        0
0.75                      2628                     3.8029496748188785       3.268193629581697E8      2.215235756075158        0
0.75                      2664                     3.799387153480963        3.3080148583135974E8     2.215235756075158        0
0.75                      2700                     3.7957552425901637       3.3477203258409023E8     2.215235756075158        0
0.75                      2736                     3.792053942146482        3.387310032163609E8      2.215235756075158        0
0.75                      2772                     3.7882988770145984       3.426785851807666E8      2.215235756075158        0
0.75                      2808                     3.784497688722213        3.466148701532489E8      2.215235756075158        0
0.75                      2844                     3.780641021714878        3.505397458945668E8      2.215235756075158        0
0.75                      2880                     3.7767316655507988       3.544532446943226E8      2.215235756075158        0
0.75                      2916                     3.77281017018017         3.5835583592495906E8     2.215235756075158        0
0.75                      2952                     3.7688530982357213       3.622472482950369E8      2.215235756075158        0
0.75                      2988.0000000000005       3.7648604497174523       3.661274818045565E8      2.215235756075158        0
0.75                      3024                     3.760839531631092        3.69996804532698E8       2.215235756075158        0
0.75                      3060                     3.756792663888313        3.7385530159230244E8     2.215235756075158        0
0.75                      3096                     3.7527161825649644       3.777028385614439E8      2.215235756075158        0
0.75                      3132                     3.748601899077845        3.815394611433251E8      2.215235756075158        0
0.75                      3168                     3.744378784336107        3.853655657748889E8      2.215235756075158        0
0.75                      3204                     3.740089048911598        3.8918091686491656E8     2.215235756075158        0
0.75                      3240                     3.735732692804319        3.929855144134085E8      2.215235756075158        0
0.75                      3276                     3.731152222619378        3.96779618106943E8       2.215235756075158        0
0.75                      3312                     3.726320997476818        4.005632718729433E8      2.215235756075158        0
0.75                      3348                     3.7213046921604667       4.043363674220435E8      2.215235756075158        0
0.75                      3384                     3.716055989200229        4.0809895630262566E8     2.215235756075158        0
0.75                      3420.0000000000005       3.7102954314299237       4.1185134295964485E8     2.215235756075158        0
0.75                      3456                     3.7041943080044284       4.155933407880491E8      2.215235756075158        0
0.75                      3492                     3.6977568895916013       4.1932495960302E8        2.215235756075158        0
0.75                      3528                     3.6911285939686507       4.230465336150156E8      2.215235756075158        0
0.75                      3564                     3.6842329802321596       4.267578871415998E8      2.215235756075158        0
0.75                      3600                     3.6770700483821273       4.3045902018277276E8     2.215235756075158        0
0.75                      3636                     3.6701965927507523       4.3415020087913346E8     2.215235756075158        0
0.75                      3672                     3.66340319986723         4.378313283814989E8      2.215235756075158        0
0.75                      3708                     3.6566467468002553       4.415023819227599E8      2.215235756075158        0
0.75                      3744                     3.6502691268941714       4.4514249606530476E8     2.215235756075158        0
0.75                      3780                     3.643994044723911        4.487754785711492E8      2.215235756075158        0
0.75                      3816                     3.6377189625536506       4.5240846107699347E8     2.215235756075158        0
0.75                      3852                     3.6312751844571625       4.560237122246089E8      2.215235756075158        0
0.75                      3888.0000000000005       3.6247390977596594       4.596292609632281E8      2.215235756075158        0
0.75                      3924.0000000000005       3.6182030110621564       4.632348097018472E8      2.215235756075158        0
0.75                      3960.0000000000005       3.610976759246623        4.668315090721871E8      2.215235756075158        0
0.75                      3996.0000000000005       3.6021135778170357       4.704186693748723E8      2.215235756075158        0
0.75                      4032.0000000000005       3.5919124051506626       4.739979308112793E8      2.215235756075158        0
0.75                      4068.0000000000005       3.580663260167961        4.7756784163371783E8     2.215235756075158        0
0.75                      4104                     3.56313894999386         4.811297152469488E8      2.215235756075158        0
0.75                      4140.000000000001        3.5447287789728357       4.846808798058682E8      2.215235756075158        0
0.75                      4176                     3.51671791986423         4.882243144288343E8      2.215235756075158        0
0.75                      4212                     3.4822070390183963       4.917559830011305E8      2.215235756075158        0
0.75                      4248                     3.4397047928880657       4.9528051124539465E8     2.215235756075158        0
0.75                      4284                     3.3722858474539086       4.987934369175924E8      2.215235756075158        0
0.75                      4320                     3.304532303124295        5.022982935433826E8      2.215235756075158        0
0.75                      4356                     3.177881136238592        5.057941866664113E8      2.215235756075158        0
0.75                      4392                     3.043592512095785        5.0928008207023096E8     2.215235756075158        0
0.75                      4420.778430118892        2.889598023226826        5.120612552869018E8      2.215235756075158        0
1                         0                        4.112428537704956        4198.3999840444085       2.9536476747668776       0
1                         36                       4.090788629564203        6765188.898773614        2.9536476747668776       0
1                         72                       4.080306607557292        1.349214119389787E7      2.9536476747668776       0
1                         108                      4.070580285554845        2.0185085214972343E7     2.9536476747668776       0
1                         144                      4.0613197155432585       2.684420585763374E7      2.9536476747668776       0
1                         180                      4.0524248763116075       3.346979834743931E7      2.9536476747668776       0
1                         216                      4.043939103272884        4.006227057015056E7      2.9536476747668776       0
1                         252.00000000000003       4.036178572541398        4.662184989473315E7      2.9536476747668776       0
1                         288                      4.029566277220454        5.314883917074565E7      2.9536476747668776       0
1                         324                      4.02243878267181         5.964412653631882E7      2.9536476747668776       0
1                         360                      4.014917194535435        6.61077082151289E7       2.9536476747668776       0
1                         396                      4.007997953089432        7.253935258286491E7      2.9536476747668776       0
1                         432                      4.001786335211253        7.893977610922335E7      2.9536476747668776       0
1                         468                      3.996527609332423        8.530581678757697E7      2.9536476747668776       0
1                         504.00000000000006       3.9905444146023417       9.161861310433832E7      2.9536476747668776       0
1                         540                      3.9844137548737466       9.790473384811208E7      2.9536476747668776       0
1                         576                      3.9781846227420217       1.0416279458839367E8     2.9536476747668776       0
1                         612                      3.971932866520366        1.1034585629192314E8     2.9536476747668776       0
1                         648                      3.96568111029871         1.165289179954527E8      2.9536476747668776       0
1                         684                      3.9595912150223707       1.2270118939899465E8     2.9536476747668776       0
1                         720                      3.9543298377186273       1.2881822847053783E8     2.9536476747668776       0
1                         756                      3.9490684604148845       1.3493526754208106E8     2.9536476747668776       0
1                         792                      3.943742160021121        1.4099914885230127E8     2.9536476747668776       0
1                         828                      3.938402867899732        1.4705239278903705E8     2.9536476747668776       0
1                         864                      3.9331032454866786       1.530803390351298E8      2.9536476747668776       0
1                         900                      3.9278428068497933       1.5908329747341284E8     2.9536476747668776       0
1                         936                      3.9225453915852744       1.6505855458771163E8     2.9536476747668776       0
1                         972.0000000000001        3.917226901144793        1.710180230724159E8      2.9536476747668776       0
1                         1008.0000000000001       3.9120096527624524       1.7693914515279E8        2.9536476747668776       0
1                         1044                     3.9070635479367657       1.8284074668325981E8     2.9536476747668776       0
1                         1080                     3.9023913771419543       1.8872284785682988E8     2.9536476747668776       0
1                         1116                     3.897921272848514        1.9456792002802175E8     2.9536476747668776       0
1                         1152                     3.893475211236179        2.0040430946833152E8     2.9536476747668776       0
1                         1188                     3.889083793245709        2.062201272187611E8      2.9536476747668776       0
1                         1224                     3.884655231558083        2.1201283281643382E8     2.9536476747668776       0
1                         1260.0000000000002       3.8801889984897358       2.177829070177834E8      2.9536476747668776       0
1                         1296                     3.8756641392766418       2.235293024150479E8      2.9536476747668776       0
1                         1332                     3.871078790403238        2.2925192205155128E8     2.9536476747668776       0
1                         1368                     3.8664534679793667       2.3495091193285447E8     2.9536476747668776       0
1                         1404                     3.8618139681884696       2.406263344447262E8      2.9536476747668776       0
1                         1440                     3.857256116107645        2.4627834564410895E8     2.9536476747668776       0
1                         1476                     3.8527864649681507       2.5190712685098884E8     2.9536476747668776       0
1                         1512                     3.848430559626616        2.575129093976044E8      2.9536476747668776       0
1                         1548                     3.8441588816355265       2.6309596175176927E8     2.9536476747668776       0
1                         1584                     3.8399735804962427       2.6865637883807015E8     2.9536476747668776       0
1                         1620                     3.8358717826883044       2.741943344067559E8      2.9536476747668776       0
1                         1656                     3.8318440744611073       2.7971010735497797E8     2.9536476747668776       0
1                         1692                     3.827866722133038        2.8520375595793766E8     2.9536476747668776       0
1                         1728                     3.823916478144651        2.906754037901425E8      2.9536476747668776       0
1                         1764                     3.819960735482289        2.961252399143276E8      2.9536476747668776       0
1                         1800                     3.8159407558084246       3.0155333370709664E8     2.9536476747668776       0
1                         1836                     3.811806757413364        3.0695978929490536E8     2.9536476747668776       0
1                         1872                     3.80751713725018         3.123447749164041E8      2.9536476747668776       0
1                         1908                     3.803085657287648        3.1770843945533156E8     2.9536476747668776       0
1                         1944.0000000000002       3.798509006046831        3.2305093142852974E8     2.9536476747668776       0
1                         1980.0000000000002       3.7937706434269307       3.283724801739766E8      2.9536476747668776       0
1                         2016.0000000000002       3.7889071602664415       3.336732730928718E8      2.9536476747668776       0
1                         2052                     3.7839363023358064       3.389535140972112E8      2.9536476747668776       0
1                         2088                     3.778871877756201        3.4421362242061955E8     2.9536476747668776       0
1                         2124                     3.77370862200694         3.494534756022296E8      2.9536476747668776       0
1                         2160                     3.768461365762099        3.5467321558712435E8     2.9536476747668776       0
1                         2196                     3.76317553741603         3.598732771726134E8      2.9536476747668776       0
1                         2232                     3.757824076462217        3.650534013613099E8      2.9536476747668776       0
1                         2268                     3.752403869585596        3.7021380343371165E8     2.9536476747668776       0
1                         2304                     3.746906708962311        3.7535505094702876E8     2.9536476747668776       0
1                         2340                     3.7413376075401352       3.804767972643572E8      2.9536476747668776       0
1                         2376                     3.735631904754344        3.8557926269096696E8     2.9536476747668776       0
1                         2412                     3.729642302477719        3.906629490869007E8      2.9536476747668776       0
1                         2448                     3.7234612477065614       3.957275414756247E8      2.9536476747668776       0
1                         2484                     3.716902124684061        4.00773259628654E8       2.9536476747668776       0
1                         2520.0000000000005       3.709596771644133        4.0580053711853456E8     2.9536476747668776       0
1                         2556                     3.7017832599308007       4.108090935761232E8      2.9536476747668776       0
1                         2592                     3.693436526591828        4.1579910926260865E8     2.9536476747668776       0
1                         2628                     3.684513720205476        4.2077089237984025E8     2.9536476747668776       0
1                         2664                     3.675043479805738        4.2572423694624525E8     2.9536476747668776       0
1                         2700                     3.665871201485025        4.306596649526882E8      2.9536476747668776       0
1                         2736                     3.6566808276478118       4.355769812490151E8      2.9536476747668776       0
1                         2772                     3.647868340569417        4.404549568258902E8      2.9536476747668776       0
1                         2808                     3.6393622485227786       4.453128499541007E8      2.9536476747668776       0
1                         2844                     3.6308459569418727       4.501647981507935E8      2.9536476747668776       0
1                         2880                     3.6222765739244047       4.549858013115406E8      2.9536476747668776       0
1                         2916                     3.6136402451928387       4.59805984266708E8       2.9536476747668776       0
1                         2952                     3.6035152698242054       4.6460891937119323E8     2.9536476747668776       0
1                         2988.0000000000005       3.591181586393203        4.693953132782039E8      2.9536476747668776       0
1                         3024                     3.576349818261123        4.741667014677975E8      2.9536476747668776       0
1                         3060                     3.5538422013519426       4.7892351931416583E8     2.9536476747668776       0
1                         3096                     3.527251289054093        4.836614495896636E8      2.9536476747668776       0
1                         3132                     3.4815469952283378       4.8838285316602296E8     2.9536476747668776       0
1                         3168                     3.421971025062557        4.9308852456651866E8     2.9536476747668776       0
1                         3204                     3.3318979409236          4.9777637291106707E8     2.9536476747668776       0
1                         3240                     3.1934958764841612       5.02448610903938E8       2.9536476747668776       0
1                         3276                     3.014087201325563        5.0709884896160525E8     2.9536476747668776       0
1                         3299.78793212587         2.8156513066794915       5.101660062227357E8      2.9536476747668776       0
1.25                      0                        4.109296314288526        4292.564676387798        3.6920595934585965       0
1.25                      36                       4.0820456152708795       8449901.013606088        3.6920595934585965       0
1.25                      72                       4.068925179096058        1.6842246322834045E7     3.6920595934585965       0
1.25                      108                      4.057034952367669        2.518177992731086E7      3.6920595934585965       0
1.25                      144                      4.045944942103385        3.3468884866646472E7     3.6920595934585965       0
1.25                      180                      4.0356204691484585       4.17040978249065E7       3.6920595934585965       0
1.25                      216                      4.026825333329067        4.988790837352304E7      3.6920595934585965       0
1.25                      252.00000000000003       4.018245799229276        5.802178845544342E7      3.6920595934585965       0
1.25                      288                      4.009247670120852        6.610602124614872E7      3.6920595934585965       0
1.25                      324                      4.000450947445417        7.4140453489554E7        3.6920595934585965       0
1.25                      360                      3.9936642492919026       8.212616876282819E7      3.6920595934585965       0
1.25                      396                      3.986493409603055        9.006480716466361E7      3.6920595934585965       0
1.25                      432                      3.9788407451070507       9.795639944185999E7      3.6920595934585965       0
1.25                      468                      3.970999811589233        1.058014716058162E8      3.6920595934585965       0
1.25                      504.00000000000006       3.9631660344105484       1.1360048018932304E8     3.6920595934585965       0
1.25                      540                      3.9556756040116223       1.2135419201549998E8     3.6920595934585965       0
1.25                      576                      3.948681022811014        1.2906295312241825E8     3.6920595934585965       0
1.25                      612                      3.94194341384212         1.36727530407979E8       3.6920595934585965       0
1.25                      648                      3.935243375915847        1.443489111731128E8      3.6920595934585965       0
1.25                      684                      3.9285963157414225       1.519271276283699E8      3.6920595934585965       0
1.25                      720                      3.9218715736512224       1.5946288638551646E8     3.6920595934585965       0
1.25                      756                      3.915127285532933        1.669568641520402E8      3.6920595934585965       0
1.25                      792                      3.908361006624245        1.7440941453711802E8     3.6920595934585965       0
1.25                      828                      3.902033993276097        1.8182120399375686E8     3.6920595934585965       0
1.25                      864                      3.8960592518722623       1.8919224579187208E8     3.6920595934585965       0
1.25                      900                      3.890318457012453        1.965239609701922E8      3.6920595934585965       0
1.25                      936                      3.884751773499405        2.038162876689818E8      3.6920595934585965       0
1.25                      972.0000000000001        3.8791276881590218       2.110702510021435E8      3.6920595934585965       0
1.25                      1008.0000000000001       3.8734641095493036       2.182860196922815E8      3.6920595934585965       0
1.25                      1044                     3.867698249446348        2.2546409861224478E8     3.6920595934585965       0
1.25                      1080                     3.8618702277067745       2.326049020531956E8      3.6920595934585965       0
1.25                      1116                     3.855981709011421        2.3970853347923332E8     3.6920595934585965       0
1.25                      1152                     3.850223336340795        2.467756713298887E8      3.6920595934585965       0
1.25                      1188                     3.844556452337418        2.538062503296334E8      3.6920595934585965       0
1.25                      1224                     3.839065010064621        2.6080113649683154E8     3.6920595934585965       0
1.25                      1260.0000000000002       3.8337116610198336       2.6776036556207055E8     3.6920595934585965       0
1.25                      1296                     3.828478901993141        2.7468454649149644E8     3.6920595934585965       0
1.25                      1332                     3.823348074272           2.815739097897842E8      3.6920595934585965       0
1.25                      1368                     3.8183030545669627       2.8842875267983556E8     3.6920595934585965       0
1.25                      1404                     3.8132406507991132       2.952494677767924E8      3.6920595934585965       0
1.25                      1440                     3.808151721548252        3.0203608135002023E8     3.6920595934585965       0
1.25                      1476                     3.802843071988341        3.087891148198664E8      3.6920595934585965       0
1.25                      1512                     3.797356116019386        3.155085403138163E8      3.6920595934585965       0
1.25                      1548                     3.791615037184509        3.2219491755491686E8     3.6920595934585965       0
1.25                      1584                     3.785654348412924        3.288483807093596E8      3.6920595934585965       0
1.25                      1620                     3.7794850842441243       3.3546938548752713E8     3.6920595934585965       0
1.25                      1656                     3.773148356679076        3.420582684041631E8      3.6920595934585965       0
1.25                      1692                     3.7666623666953796       3.486152399897332E8      3.6920595934585965       0
1.25                      1728                     3.7600712067607445       3.5514087801620394E8     3.6920595934585965       0
1.25                      1764                     3.7533695308368715       3.616351542147718E8      3.6920595934585965       0
1.25                      1800                     3.7465756513921393       3.6809871822553825E8     3.6920595934585965       0
1.25                      1836                     3.7396594087860384       3.745315448548941E8      3.6920595934585965       0
1.25                      1872                     3.73255584757753         3.809341634946364E8      3.6920595934585965       0
1.25                      1908                     3.725163359148253        3.8730668969766724E8     3.6920595934585965       0
1.25                      1944.0000000000002       3.717356362374989        3.936494342097342E8      3.6920595934585965       0
1.25                      1980.0000000000002       3.7088255490986723       3.9996267484345293E8     3.6920595934585965       0
1.25                      2016.0000000000002       3.699496016431135        4.062464974558071E8      3.6920595934585965       0
1.25                      2052                     3.689075623869628        4.125013508518709E8      3.6920595934585965       0
1.25                      2088                     3.6777568478602682       4.187271730563119E8      3.6920595934585965       0
1.25                      2124                     3.666185839775337        4.249243958902194E8      3.6920595934585965       0
1.25                      2160                     3.6544726163885817       4.310930288634523E8      3.6920595934585965       0
1.25                      2196                     3.643269750423677        4.37233384304827E8       3.6920595934585965       0
1.25                      2232                     3.632607889924508        4.43318685736551E8       3.6920595934585965       0
1.25                      2268                     3.6219636023331767       4.493859520067636E8      3.6920595934585965       0
1.25                      2304                     3.610978595868661        4.5541726391816103E8     3.6920595934585965       0
1.25                      2340                     3.5990131014971327       4.6143767384168047E8     3.6920595934585965       0
1.25                      2376                     3.5834890264551276       4.674299443431443E8      3.6920595934585965       0
1.25                      2412                     3.5630274521699885       4.733980207085017E8      3.6920595934585965       0
1.25                      2448                     3.532245621600942        4.7933997649832815E8     3.6920595934585965       0
1.25                      2484                     3.481540295036309        4.852562265466553E8      3.6920595934585965       0
1.25                      2520.0000000000005       3.4054450845909288       4.9114541860415876E8     3.6920595934585965       0
1.25                      2556                     3.291173593061777        4.9700408107219195E8     3.6920595934585965       0
1.25                      2592                     3.076944138456603        5.0283823551691574E8     3.6920595934585965       0
1.25                      2619.279241050647        2.8452736210354375       5.072434868959089E8      3.6920595934585965       0
1.5                       0                        4.106165772583946        4386.729359017083        4.430471512150316        0
1.5                       36                       4.073279450930656        1.013237183717479E7      4.430471512150316        0
1.5                       72                       4.057718136430314        2.0183666733613804E7     4.430471512150316        0
1.5                       108                      4.043994621459762        3.0159317142383087E7     4.430471512150316        0
1.5                       144                      4.03151415297987         4.005997453405422E7      4.430471512150316        0
1.5                       180                      4.020873660953129        4.988603191170642E7      4.430471512150316        0
1.5                       216                      4.0108223561885605       5.96403648182506E7       4.430471512150316        0
1.5                       252.00000000000003       3.9996780841469572       6.932334576467234E7      4.430471512150316        0
1.5                       288                      3.990798568845053        7.8934391296751E7        4.430471512150316        0
1.5                       324                      3.982390909565667        8.84770908434815E7       4.430471512150316        0
1.5                       360                      3.9732887992054926       9.795231077382493E7      4.430471512150316        0
1.5                       396                      3.963974122013879        1.0736067052101097E8     4.430471512150316        0
1.5                       432                      3.9546416924443304       1.1670283682774237E8     4.430471512150316        0
1.5                       468                      3.945779616154522        1.259795276220544E8      4.430471512150316        0
1.5                       504.00000000000006       3.937812005558057        1.3519182527607E8        4.430471512150316        0
1.5                       540                      3.9297412682536446       1.4434191715894073E8     4.430471512150316        0
1.5                       576                      3.9214500654376927       1.5343016361888683E8     4.430471512150316        0
1.5                       612                      3.9132506756434413       1.6245767292290172E8     4.430471512150316        0
1.5                       648                      3.905134254134347        1.7142525131618777E8     4.430471512150316        0
1.5                       684                      3.897204231201242        1.803335547851477E8      4.430471512150316        0
1.5                       720                      3.8899257736680894       1.8918337010779074E8     4.430471512150316        0
1.5                       756                      3.883004314107153        1.9797601349558675E8     4.430471512150316        0
1.5                       792                      3.87616993900909         2.0671277281401372E8     4.430471512150316        0
1.5                       828                      3.869287607942493        2.153943695938856E8      4.430471512150316        0
1.5                       864                      3.8622893743161404       2.2402150834900028E8     4.430471512150316        0
1.5                       900                      3.855191003626547        2.3259478433439332E8     4.430471512150316        0
1.5                       936                      3.8480685309783658       2.4111471453771907E8     4.430471512150316        0
1.5                       972.0000000000001        3.8410596251639015       2.495817477262466E8      4.430471512150316        0
1.5                       1008.0000000000001       3.8342903131527812       2.5799676695387822E8     4.430471512150316        0
1.5                       1044                     3.8277203439928735       2.663603780987071E8      4.430471512150316        0
1.5                       1080                     3.8213209376899173       2.74673225540376E8       4.430471512150316        0
1.5                       1116                     3.815058451078674        2.8293591475743854E8     4.430471512150316        0
1.5                       1152                     3.8088847805241994       2.911490053525388E8      4.430471512150316        0
1.5                       1188                     3.8026868057509766       2.9931298288432586E8     4.430471512150316        0
1.5                       1224                     3.796275040105602        3.0742826455356205E8     4.430471512150316        0
1.5                       1260.0000000000002       3.7895676923358557       3.154952051032628E8      4.430471512150316        0
1.5                       1296                     3.7825252665931797       3.235143148855993E8      4.430471512150316        0
1.5                       1332                     3.7751701616780347       3.3148618701854503E8     4.430471512150316        0
1.5                       1368                     3.7675536804443097       3.394114083882276E8      4.430471512150316        0
1.5                       1404                     3.7597127046507577       3.472905222922623E8      4.430471512150316        0
1.5                       1440                     3.751708457597317        3.5512417953492296E8     4.430471512150316        0
1.5                       1476                     3.743550496994378        3.629128384641328E8      4.430471512150316        0
1.5                       1512                     3.7352114907244682       3.7065699443453133E8     4.430471512150316        0
1.5                       1548                     3.7266035947554976       3.7835711532071924E8     4.430471512150316        0
1.5                       1584                     3.7175660516844533       3.860136859132565E8      4.430471512150316        0
1.5                       1620                     3.707829386668955        3.9362716120099854E8     4.430471512150316        0
1.5                       1656                     3.696931757729979        4.0119794097892153E8     4.430471512150316        0
1.5                       1692                     3.6846708310874368       4.0872636491225016E8     4.430471512150316        0
1.5                       1728                     3.6711763179830066       4.162128130948795E8      4.430471512150316        0
1.5                       1764                     3.6570536387628625       4.2365762626939815E8     4.430471512150316        0
1.5                       1800                     3.6431809578142165       4.310611124285513E8      4.430471512150316        0
1.5                       1836                     3.6300404301429112       4.3842365639884347E8     4.430471512150316        0
1.5                       1872                     3.6173118786250678       4.4574555229592806E8     4.430471512150316        0
1.5                       1908                     3.6040572755983833       4.53027030030026E8       4.430471512150316        0
1.5                       1944.0000000000002       3.588771237893486        4.602683207877261E8      4.430471512150316        0
1.5                       1980.0000000000002       3.568224700089993        4.6746967290235186E8     4.430471512150316        0
1.5                       2016.0000000000002       3.535876793371159        4.7463127888479567E8     4.430471512150316        0
1.5                       2052                     3.4810419444981964       4.817534072809214E8      4.430471512150316        0
1.5                       2088                     3.387818666213198        4.8883411002156186E8     4.430471512150316        0
1.5                       2124                     3.2275613614464445       4.958705238555088E8      4.430471512150316        0
1.5                       2160                     2.9542188784375245       5.0287053344041705E8     4.430471512150316        0
1.5                       2168.745526064061        2.823662924291881        5.04566107142831E8       4.430471512150316        0
1.75                      0                        4.103037113607334        4480.894032723054        5.168883430842035        0
1.75                      36                       4.064535470823717        1.1812609599219793E7     5.168883430842035        0
1.75                      72                       4.046830279119676        2.3516411559323408E7     5.168883430842035        0
1.75                      108                      4.031560732278531        3.5117770330513E7        5.168883430842035        0
1.75                      144                      4.018405291786138        4.6617264518288545E7     5.168883430842035        0
1.75                      180                      4.006790390757351        5.801767607296684E7      5.168883430842035        0
1.75                      216                      3.994055897190909        6.932132412589432E7      5.168883430842035        0
1.75                      252.00000000000003       3.98392770064768         8.052696397402403E7      5.168883430842035        0
1.75                      288                      3.9738576881823837       9.164007942560068E7      5.168883430842035        0
1.75                      324                      3.963144778716295        1.0266170841743073E8     5.168883430842035        0
1.75                      360                      3.952234379336635        1.1359277921860768E8     5.168883430842035        0
1.75                      396                      3.9416902542700436       1.244342499868938E8      5.168883430842035        0
1.75                      432                      3.9320798739450846       1.351877991401335E8      5.168883430842035        0
1.75                      468                      3.922617347252953        1.4585666019935346E8     5.168883430842035        0
1.75                      504.00000000000006       3.912801936549905        1.564416459966219E8      5.168883430842035        0
1.75                      540                      3.9032052664708283       1.66944401394231E8       5.168883430842035        0
1.75                      576                      3.893717213429757        1.7736605471313956E8     5.168883430842035        0
1.75                      612                      3.884930523822532        1.87707485772758E8       5.168883430842035        0
1.75                      648                      3.876738133805904        1.979709080807261E8      5.168883430842035        0
1.75                      684                      3.8686416940235238       2.0815815422173837E8     5.168883430842035        0
1.75                      720                      3.86044339339963         2.1827062767610902E8     5.168883430842035        0
1.75                      756                      3.85210306212958         2.283093857142917E8      5.168883430842035        0
1.75                      792                      3.843678871312111        2.3827520712222517E8     5.168883430842035        0
1.75                      828                      3.8353639898104164       2.4816873792978877E8     5.168883430842035        0
1.75                      864                      3.8273366344179016       2.579911060883288E8      5.168883430842035        0
1.75                      900                      3.8195688301319364       2.6774342732700515E8     5.168883430842035        0
1.75                      936                      3.8120144156582927       2.774267178513993E8      5.168883430842035        0
1.75                      972.0000000000001        3.804635926258735        2.8704197477779937E8     5.168883430842035        0
1.75                      1008.0000000000001       3.7972788605162657       2.9659001033741146E8     5.168883430842035        0
1.75                      1044                     3.789709389698361        3.0607147393491745E8     5.168883430842035        0
1.75                      1080                     3.7817525590876535       3.1548703600766456E8     5.168883430842035        0
1.75                      1116                     3.7733496684400856       3.2483749796330494E8     5.168883430842035        0
1.75                      1152                     3.764547227948717        3.3412372509133446E8     5.168883430842035        0
1.75                      1188                     3.755416289499193        3.4334658452229404E8     5.168883430842035        0
1.75                      1224                     3.746021067779412        3.525069795264224E8      5.168883430842035        0
1.75                      1260.0000000000002       3.7363915128531286       3.616057831072078E8      5.168883430842035        0
1.75                      1296                     3.726468776540185        3.706437586426992E8      5.168883430842035        0
1.75                      1332                     3.7160902872319603       3.7962166151629674E8     5.168883430842035        0
1.75                      1368                     3.7049099396759253       3.885402326473703E8      5.168883430842035        0
1.75                      1404                     3.6923803966141135       3.9740007574059546E8     5.168883430842035        0
1.75                      1440                     3.678047278924242        4.0620177071344423E8     5.168883430842035        0
1.75                      1476                     3.662120464008469        4.149459205807222E8      5.168883430842035        0
1.75                      1512                     3.6456837081626463       4.236330357337645E8      5.168883430842035        0
1.75                      1548                     3.629834005640602        4.322636510771461E8      5.168883430842035        0
1.75                      1584                     3.6147261120115557       4.408382720955278E8      5.168883430842035        0
1.75                      1620                     3.5992891408544687       4.493573097346651E8      5.168883430842035        0
1.75                      1656                     3.581022318899572        4.5782123292840004E8     5.168883430842035        0
1.75                      1692                     3.5549431746059943       4.662303375932822E8      5.168883430842035        0
1.75                      1728                     3.5108110610350223       4.745849602399945E8      5.168883430842035        0
1.75                      1764                     3.4306238024733364       4.828855156858056E8      5.168883430842035        0
1.75                      1800                     3.2787225239875686       4.911267145032934E8      5.168883430842035        0
1.75                      1836                     2.9726137987488386       4.993165032400128E8      5.168883430842035        0
1.75                      1845.6455847091784       2.8225220641282873       5.0150262204038864E8     5.168883430842035        0
2                         0                        4.099910472295011        4575.058697183072        5.907295349533755        0
2                         36                       4.055858341631303        1.3490879869874611E7     5.907295349533755        0
2                         72                       4.036291319444762        2.684077929349286E7      5.907295349533755        0
2                         108                      4.01978418991709         4.00573850270907E7       5.907295349533755        0
2                         144                      4.006148787072785        5.314192485622898E7      5.907295349533755        0
2                         180                      3.991978097944709        6.609998776972905E7      5.907295349533755        0
2                         216                      3.979684986680903        7.892964619826522E7      5.907295349533755        0
2                         252.00000000000003       3.9683888548276394       9.163743368614835E7      5.907295349533755        0
2                         288                      3.9561109114977273       1.0422584186159047E8     5.907295349533755        0
2                         324                      3.943575911163243        1.1669620290118867E8     5.907295349533755        0
2                         360                      3.9318139022570175       1.2904986232046258E8     5.907295349533755        0
2                         396                      3.920945582892285        1.4129097155372325E8     5.907295349533755        0
2                         432                      3.9096758926061783       1.5342210610253364E8     5.907295349533755        0
2                         468                      3.898535035693818        1.6544523998608375E8     5.907295349533755        0
2                         504.00000000000006       3.887628466033202        1.7736221025126338E8     5.907295349533755        0
2                         540                      3.877505144813531        1.8917437252031508E8     5.907295349533755        0
2                         576                      3.8680703763118163       2.008850120815181E8      5.907295349533755        0
2                         612                      3.85865788516727         2.1249677668068612E8     5.907295349533755        0
2                         648                      3.849069253994991        2.2401159812760773E8     5.907295349533755        0
2                         684                      3.839340964734682        2.354307885009916E8      5.907295349533755        0
2                         720                      3.829700005650612        2.4675530355097353E8     5.907295349533755        0
2                         756                      3.8203553213807195       2.5798645023016503E8     5.907295349533755        0
2                         792                      3.8113678360455903       2.691259833905647E8      5.907295349533755        0
2                         828                      3.802655513244082        2.801754913663584E8      5.907295349533755        0
2                         864                      3.7940878986889786       2.911363234285326E8      5.907295349533755        0
2                         900                      3.7854005112028895       3.020095937593818E8      5.907295349533755        0
2                         936                      3.7762839680315294       3.1279633118056524E8     5.907295349533755        0
2                         972.0000000000001        3.7666055102972957       3.2349769149129844E8     5.907295349533755        0
2                         1008.0000000000001       3.756399673603167        3.341149070821973E8      5.907295349533755        0
2                         1044                     3.7457754183491234       3.446492386791142E8      5.907295349533755        0
2                         1080                     3.7348040050218745       3.5510196732336354E8     5.907295349533755        0
2                         1116                     3.723460316535658        3.6547436369888777E8     5.907295349533755        0
2                         1152                     3.7115414756103027       3.757675516617359E8      5.907295349533755        0
2                         1188                     3.6986111561802124       3.859825582932359E8      5.907295349533755        0
2                         1224                     3.6839559802522026       3.961203644882484E8      5.907295349533755        0
2                         1260.0000000000002       3.6669872223164632       4.061818382904215E8      5.907295349533755        0
2                         1296                     3.648380218076243        4.161677503038472E8      5.907295349533755        0
2                         1332                     3.629853603845791        4.26078925621305E8       5.907295349533755        0
2                         1368                     3.612268128810902        4.359161415886632E8      5.907295349533755        0
2                         1404                     3.594602358911744        4.456800649669744E8      5.907295349533755        0
2                         1440                     3.5734303356918637       4.553713716868988E8      5.907295349533755        0
2                         1476                     3.5411322671782375       4.6499048977448297E8     5.907295349533755        0
2                         1512                     3.4803247318874133       4.74538062367986E8       5.907295349533755        0
2                         1548                     3.351479024785473        4.8401173925600994E8     5.907295349533755        0
2                         1584                     3.0777948070281944       4.934093661123474E8      5.907295349533755        0
2                         1603.0405080072055       2.827163053956723        4.9835521635396135E8     5.907295349533755        0
2.25                      0                        4.096785912557924        4669.223352815758        6.6457072682254745       0
2.25                      36                       4.047304732025199        1.5166568069082001E7     6.6457072682254745       0
2.25                      72                       4.026074446593549        3.0156207574240357E7     6.6457072682254745       0
2.25                      108                      4.008719489406136        4.4977392977494836E7     6.6457072682254745       0
2.25                      144                      3.9935479014164064       5.963497749669578E7      6.6457072682254745       0
2.25                      180                      3.978409553651533        7.413106790107702E7      6.6457072682254745       0
2.25                      216                      3.9658466666780865       8.846918321756412E7      6.6457072682254745       0
2.25                      252.00000000000003       3.9521128275671193       1.0265598619229357E8     6.6457072682254745       0
2.25                      288                      3.937927159390479        1.1669294049360532E8     6.6457072682254745       0
2.25                      324                      3.924721362339676        1.3058189357979757E8     6.6457072682254745       0
2.25                      360                      3.912232228759663        1.443290509851218E8      6.6457072682254745       0
2.25                      396                      3.899432613870065        1.5793779227212995E8     6.6457072682254745       0
2.25                      432                      3.8868614045532106       1.714109630274666E8      6.6457072682254745       0
2.25                      468                      3.874976259439013        1.8475010030098274E8     6.6457072682254745       0
2.25                      504.00000000000006       3.8640708781987803       1.9795907034163815E8     6.6457072682254745       0
2.25                      540                      3.8533190958996304       2.110423851616316E8      6.6457072682254745       0
2.25                      576                      3.8423915393025143       2.2400352620285773E8     6.6457072682254745       0
2.25                      612                      3.831313299422035        2.3684356932218665E8     6.6457072682254745       0
2.25                      648                      3.820396748911484        2.495638478492286E8      6.6457072682254745       0
2.25                      684                      3.8099059541504547       2.6216654838318747E8     6.6457072682254745       0
2.25                      720                      3.799795229568775        2.746538782781223E8      6.6457072682254745       0
2.25                      756                      3.7899435857492327       2.870279230760338E8      6.6457072682254745       0
2.25                      792                      3.780031697128699        2.99290453148937E8       6.6457072682254745       0
2.25                      828                      3.769654961060711        3.114430223064405E8      6.6457072682254745       0
2.25                      864                      3.758591821919148        3.234872135386125E8      6.6457072682254745       0
2.25                      900                      3.7468794006409456       3.3542475670583785E8     6.6457072682254745       0
2.25                      936                      3.7346446511354556       3.472574522193424E8      6.6457072682254745       0
2.25                      972.0000000000001        3.7219197424088617       3.589870590999874E8      6.6457072682254745       0
2.25                      1008.0000000000001       3.7085300476044227       3.7061524483230126E8     6.6457072682254745       0
2.25                      1044                     3.6939943082000273       3.821435623790005E8      6.6457072682254745       0
2.25                      1080                     3.677447037321984        3.9357339105777085E8     6.6457072682254745       0
2.25                      1116                     3.6580940683229106       4.049059296789132E8      6.6457072682254745       0
2.25                      1152                     3.6369951107009117       4.161423157231648E8      6.6457072682254745       0
2.25                      1188                     3.6164194321301384       4.272836344602611E8      6.6457072682254745       0
2.25                      1224                     3.59665074871886         4.3833091052427405E8     6.6457072682254745       0
2.25                      1260.0000000000002       3.5746457897845527       4.4928523270633304E8     6.6457072682254745       0
2.25                      1296                     3.5426266047749957       4.601473385602299E8      6.6457072682254745       0
2.25                      1332                     3.4797956516461843       4.7091805763369167E8     6.6457072682254745       0
2.25                      1368                     3.3333526503103643       4.815949224900894E8      6.6457072682254745       0
2.25                      1404                     3.00272537285649         4.9217472771818596E8     6.6457072682254745       0
2.25                      1413.6103866604446       2.848774730425284        4.949864934404707E8      6.6457072682254745       0
2.5                       0                        4.093663424614877        4763.387999646091        7.384119186917193        0
2.5                       36                       4.038892512059237        1.6840088274149925E7     7.384119186917193        0
2.5                       72                       4.016172046497985        3.346310641838194E7      7.384119186917193        0
2.5                       108                      3.998026345114222        4.987899901071915E7      7.384119186917193        0
2.5                       144                      3.981026464976272        6.609527409642778E7      7.384119186917193        0
2.5                       180                      3.9658849524313586       8.211223459904571E7      7.384119186917193        0
2.5                       216                      3.951206400443307        9.794015394172654E7      7.384119186917193        0
2.5                       252.00000000000003       3.935345013284073        1.1358267263224709E8     7.384119186917193        0
2.5                       288                      3.920344286004942        1.290416962552076E8      7.384119186917193        0
2.5                       324                      3.9062784277738216       1.4432461629018924E8     7.384119186917193        0
2.5                       360                      3.8919202634417362       1.5943676489012024E8     7.384119186917193        0
2.5                       396                      3.8779576557118935       1.743818431794429E8      7.384119186917193        0
2.5                       432                      3.8650017547874365       1.891620179133665E8      7.384119186917193        0
2.5                       468                      3.8528085726677337       2.037837394702163E8      7.384119186917193        0
2.5                       504.00000000000006       3.8406414785239367       2.1825276619826445E8     7.384119186917193        0
2.5                       540                      3.8282484425428027       2.3257148720468488E8     7.384119186917193        0
2.5                       576                      3.8159074493444827       2.4674183320745146E8     7.384119186917193        0
2.5                       612                      3.803997712462563        2.6076610630153793E8     7.384119186917193        0
2.5                       648                      3.7925953320874704       2.7464744907225835E8     7.384119186917193        0
2.5                       684                      3.781461607689096        2.883887317790441E8      7.384119186917193        0
2.5                       720                      3.7701675999281905       3.0199236997521603E8     7.384119186917193        0
2.5                       756                      3.7581580404668458       3.154604833796636E8      7.384119186917193        0
2.5                       792                      3.74530619188762         3.28795336289099E8       7.384119186917193        0
2.5                       828                      3.7317455615878385       3.4199935861967075E8     7.384119186917193        0
2.5                       864                      3.717545558246073        3.550749526869961E8      7.384119186917193        0
2.5                       900                      3.702507801503477        3.680244261146077E8      7.384119186917193        0
2.5                       936                      3.6859925215068547       3.808498335446864E8      7.384119186917193        0
2.5                       972.0000000000001        3.6668190777205427       3.935529772283391E8      7.384119186917193        0
2.5                       1008.0000000000001       3.64444919116919         4.0613547354782295E8     7.384119186917193        0
2.5                       1044                     3.6211041993048663       4.185989056449578E8      7.384119186917193        0
2.5                       1080                     3.598720125207878        4.309446556858876E8      7.384119186917193        0
2.5                       1116                     3.5754097976368215       4.4317433971939194E8     7.384119186917193        0
2.5                       1152                     3.5429353743628065       4.552891383415128E8      7.384119186917193        0
2.5                       1188                     3.4788387743929574       4.672901693930849E8      7.384119186917193        0
2.5                       1224                     3.315327840635884        4.7917329673827606E8     7.384119186917193        0
2.5                       1260.0000000000002       2.921352362606472        4.9094621481380725E8     7.384119186917193        0
2.5                       1263.1281802186895       2.844400582406424        4.9196442456477606E8     7.384119186917193        0
2.75                      0                        4.090542924610022        4857.552637776935        8.122531105608912        0
2.75                      36                       4.030643039610159        1.851136356175477E7      8.122531105608912        0
2.75                      72                       4.0065636468708385       3.676135250578171E7      8.122531105608912        0
2.75                      108                      3.9873902990496015       5.4762287897016086E7     8.122531105608912        0
2.75                      144                      3.9690247214430645       7.252249659492412E7      8.122531105608912        0
2.75                      180                      3.953274887746853        9.004581863676411E7      8.122531105608912        0
2.75                      216                      3.935997988591316        1.0734390024986713E8     8.122531105608912        0
2.75                      252.00000000000003       3.9188969443558914       1.2441880122485355E8     8.122531105608912        0
2.75                      288                      3.903122409702883        1.4127715906735614E8     8.122531105608912        0
2.75                      324                      3.8872102304744343       1.5792838890834075E8     8.122531105608912        0
2.75                      360                      3.8717496045337367       1.743768955006303E8      8.122531105608912        0
2.75                      396                      3.8573249019994935       1.906268461907426E8      8.122531105608912        0
2.75                      432                      3.8438359475699          2.0668542002607143E8     8.122531105608912        0
2.75                      468                      3.8302244903305165       2.2255926093203843E8     8.122531105608912        0
2.75                      504.00000000000006       3.816420988844912        2.3825204172697002E8     8.122531105608912        0
2.75                      540                      3.8028819885090215       2.5376612093338582E8     8.122531105608912        0
2.75                      576                      3.789944204331477        2.691050954608338E8      8.122531105608912        0
2.75                      612                      3.777441012986758        2.842730912711403E8      8.122531105608912        0
2.75                      648                      3.7648572374126816       2.9927349075273794E8     8.122531105608912        0
2.75                      684                      3.751481537340343        3.141091547217982E8      8.122531105608912        0
2.75                      720                      3.7371040138485108       3.287830859849704E8      8.122531105608912        0
2.75                      756                      3.721844199120041        3.432984750322263E8      8.122531105608912        0
2.75                      792                      3.705697716823201        3.5765847244123214E8     8.122531105608912        0
2.75                      828                      3.6882495537208846       3.7186600464022815E8     8.122531105608912        0
2.75                      864                      3.6683731865902955       3.859236722460654E8      8.122531105608912        0
2.75                      900                      3.644777178727547        3.998336755796776E8      8.122531105608912        0
2.75                      936                      3.6189916974902174       4.1359803707388306E8     8.122531105608912        0
2.75                      972.0000000000001        3.5940808805249245       4.272187552533942E8      8.122531105608912        0
2.75                      1008.0000000000001       3.56785209291144         4.406979629207594E8      8.122531105608912        0
2.75                      1044                     3.5296527752482802       4.540372773729266E8      8.122531105608912        0
2.75                      1080                     3.4432971438164928       4.6723831887789714E8     8.122531105608912        0
2.75                      1116                     3.214534729275196        4.8029975847009647E8     8.122531105608912        0
2.75                      1140.0743005495917       2.838497727761208        4.8895795551301575E8     8.122531105608912        0
3                         0                        4.087448165970077        4951.717182921011        8.860943024300632        0
3                         36                       4.0225163651812785       2.018038154857467E7      8.860943024300632        0
3                         72                       3.9972532664366236       4.005085582144407E7      8.860943024300632        0
3                         108                      3.9767310072499433       5.962765399677095E7      8.860943024300632        0
3                         144                      3.9576414799099195       7.89175050999565E7       8.860943024300632        0
3                         180                      3.9399121926911413       9.793254422562638E7      8.860943024300632        0
3                         216                      3.9206700733343323       1.1668101237162364E8     8.860943024300632        0
3                         252.00000000000003       3.9027778978648273       1.3516672347988504E8     8.860943024300632        0
3                         288                      3.885418677622442        1.5340287858920342E8     8.860943024300632        0
3                         324                      3.8682185264165074       1.7139667522807413E8     8.860943024300632        0
3                         360                      3.8521929064123683       1.891525967277273E8      8.860943024300632        0
3                         396                      3.837258859439436        2.066801346758971E8      8.860943024300632        0
3                         432                      3.8221929110578925       2.2398773508432716E8     8.860943024300632        0
3                         468                      3.806995671330852        2.410800293656441E8      8.860943024300632        0
3                         504.00000000000006       3.792215748880514        2.5796025649462953E8     8.860943024300632        0
3                         540                      3.778100594957354        2.7463309864582974E8     8.860943024300632        0
3                         576                      3.764284021343274        2.9110361442285156E8     8.860943024300632        0
3                         612                      3.749866617595003        3.0737602019587064E8     8.860943024300632        0
3                         648                      3.7342959077050883       3.2345401555311084E8     8.860943024300632        0
3                         684                      3.7175903231127467       3.393416239620422E8      8.860943024300632        0
3                         720                      3.699764827271279        3.55042916019688E8       8.860943024300632        0
3                         756                      3.6803477934269564       3.70561670109596E8       8.860943024300632        0
3                         792                      3.657919574287571        3.8590124461448586E8     8.860943024300632        0
3                         828                      3.631238241369853        4.0106446949674827E8     8.860943024300632        0
3                         864                      3.6031062359894315       4.1605391390287566E8     8.860943024300632        0
3                         900                      3.5757301111637325       4.308722407293637E8      8.860943024300632        0
3                         936                      3.542025438267442        4.455220835362611E8      8.860943024300632        0
3                         972.0000000000001        3.4753777625133906       4.6000553246225345E8     8.860943024300632        0
3                         1008.0000000000001       3.2794420138326097       4.743221612168863E8      8.860943024300632        0
3                         1037.0538941458167       2.847144379481644        4.857553577160295E8      8.860943024300632        0
