% Model:              2_2603_JH_lib_coupled_model.mph
% Version:            COMSOL 6.3.0.420
% Date:               Mar 26 2026, 17:17
% Dimension:          0
% Nodes:              2711
% Expressions:        4
% Description:        Point Probe 1, Point Probe 3, Point Probe 2, Point Probe 4
% u_par                   t                        point1 (V)               point3 (N)               point2 (A)               point4 (m)
0                         0                        4.1186969284847015       2005.0355240622926       1.4768238373834388       0
0                         36                       4.108215780917457        1695675.8378118325       1.4768238373834388       0
0                         72                       4.103006918481052        3387310.3371871435       1.4768238373834388       0
0                         108                      4.098215049327745        5076783.807431787        1.4768238373834388       0
0                         144                      4.09350904844165         6764084.97815811         1.4768238373834388       0
0                         180                      4.088840841243511        8449215.692071732        1.4768238373834388       0
0                         216                      4.084195687342095        1.0132181055743985E7     1.4768238373834388       0
0                         252.00000000000003       4.07959923312025         1.1810909980850928E7     1.4768238373834388       0
0                         288                      4.075018768851027        1.3488242350369904E7     1.4768238373834388       0
0                         324                      4.070478960129767        1.516219155268322E7      1.4768238373834388       0
0                         360                      4.065962075543596        1.6834878527576517E7     1.4768238373834388       0
0                         396                      4.061587985937165        1.85008489756554E7       1.4768238373834388       0
0                         432                      4.057213896330734        2.016681942373427E7      1.4768238373834388       0
0                         468                      4.052839806724303        2.1832789871813178E7     1.4768238373834388       0
0                         504.00000000000006       4.048946139694125        2.349461474749296E7      1.4768238373834388       0
0                         540                      4.045436897209661        2.515312241897572E7      1.4768238373834388       0
0                         576                      4.041927654725198        2.6811630090458483E7     1.4768238373834388       0
0                         612                      4.038418412240734        2.84701377619413E7       1.4768238373834388       0
0                         648                      4.0343165345383545       3.012200153220067E7      1.4768238373834388       0
0                         684                      4.030214623909966        3.1773864933333963E7     1.4768238373834388       0
0                         720                      4.026112713281578        3.342572833446724E7      1.4768238373834388       0
0                         756                      4.02259501236661         3.507228215720765E7      1.4768238373834388       0
0                         792                      4.019223414596168        3.6717508124416925E7     1.4768238373834388       0
0                         828                      4.015851816825726        3.836273409162628E7      1.4768238373834388       0
0                         864                      4.012786646535209        4.0004445087261975E7     1.4768238373834388       0
0                         900                      4.00992580852388         4.16438122260312E7       1.4768238373834388       0
0                         936                      4.00706497051255         4.328317936480042E7      1.4768238373834388       0
0                         972.0000000000001        4.0039863213057405       4.491833610237171E7      1.4768238373834388       0
0                         1008.0000000000001       4.000822944401081        4.655185501044701E7      1.4768238373834388       0
0                         1044                     3.997659567496423        4.818537391852233E7      1.4768238373834388       0
0                         1080                     3.9943947000273874       4.9814027987239465E7     1.4768238373834388       0
0                         1116                     3.9911104930308716       5.144175503682898E7      1.4768238373834388       0
0                         1152                     3.9878262860343563       5.3069482086418465E7     1.4768238373834388       0
0                         1188                     3.9845504392300835       5.468622850305565E7      1.4768238373834388       0
0                         1224                     3.9812749412711494       5.630251673135108E7      1.4768238373834388       0
0                         1260.0000000000002       3.9779994433122154       5.7918804959646404E7     1.4768238373834388       0
0                         1296                     3.974723945353281        5.953509318794174E7      1.4768238373834388       0
0                         1332                     3.971448447394347        6.115138141623712E7      1.4768238373834388       0
0                         1368                     3.968286974061121        6.276541869916408E7      1.4768238373834388       0
0                         1404                     3.9655817576422656       6.4370449073435634E7     1.4768238373834388       0
0                         1440                     3.96287654122341         6.597547944770721E7      1.4768238373834388       0
0                         1476                     3.9601713248045542       6.758050982197875E7      1.4768238373834388       0
0                         1512                     3.957466108385699        6.91855401962503E7       1.4768238373834388       0
0                         1548                     3.9547608919668433       7.079057057052189E7      1.4768238373834388       0
0                         1584                     3.9520326372619845       7.239071817638028E7      1.4768238373834388       0
0                         1620                     3.949275054490298        7.398464994837417E7      1.4768238373834388       0
0                         1656                     3.946517471718612        7.557858172036809E7      1.4768238373834388       0
0                         1692                     3.9437598889469254       7.717251349236196E7      1.4768238373834388       0
0                         1728                     3.941002306175239        7.876644526435581E7      1.4768238373834388       0
0                         1764                     3.9382447234035527       8.036037703634976E7      1.4768238373834388       0
0                         1800                     3.9355202058716703       8.194844799922916E7      1.4768238373834388       0
0                         1836                     3.9328112524256214       8.353376023007914E7      1.4768238373834388       0
0                         1872                     3.930102298979572        8.51190724609291E7       1.4768238373834388       0
0                         1908                     3.927393345533523        8.670438469177909E7      1.4768238373834388       0
0                         1944.0000000000002       3.9247188658745147       8.828857933952168E7      1.4768238373834388       0
0                         1980.0000000000002       3.9222464998105697       8.986622179909399E7      1.4768238373834388       0
0                         2016.0000000000002       3.9197741337466248       9.144386425866646E7      1.4768238373834388       0
0                         2052                     3.91730176768268         9.302150671823886E7      1.4768238373834388       0
0                         2088                     3.914842073162317        9.459878265688683E7      1.4768238373834388       0
0                         2124                     3.912564941859452        9.617077800451553E7      1.4768238373834388       0
0                         2160                     3.9102878105565875       9.774277335214433E7      1.4768238373834388       0
0                         2196                     3.908011856545441        9.931467631969866E7      1.4768238373834388       0
0                         2232                     3.905798828468849        1.0088164159642944E8     1.4768238373834388       0
0                         2268                     3.903585800392257        1.0244860687316018E8     1.4768238373834388       0
0                         2304                     3.901366800619821        1.0401432892844993E8     1.4768238373834388       0
0                         2340                     3.8991321735934648       1.05576797613567E8       1.4768238373834388       0
0                         2376                     3.896897546567108        1.0713926629868391E8     1.4768238373834388       0
0                         2412                     3.894645343708692        1.0869812627155769E8     1.4768238373834388       0
0                         2448                     3.8923889855166802       1.1025613306131223E8     1.4768238373834388       0
0                         2484                     3.8901081634069894       1.1181262568105131E8     1.4768238373834388       0
0                         2520.0000000000005       3.8877800821039368       1.133661932397071E8      1.4768238373834388       0
0                         2556                     3.885452000800884        1.1491976079836294E8     1.4768238373834388       0
0                         2592                     3.883104644183822        1.1647159241531824E8     1.4768238373834388       0
0                         2628                     3.8807421187456836       1.1802205792280068E8     1.4768238373834388       0
0                         2664                     3.878367886701036        1.195711061737474E8      1.4768238373834388       0
0                         2700                     3.8759844614531738       1.2111835711563243E8     1.4768238373834388       0
0                         2736                     3.8735904062209428       1.2266402800459932E8     1.4768238373834388       0
0                         2772                     3.8712590288088666       1.2420792021533051E8     1.4768238373834388       0
0                         2808                     3.8689663398425833       1.2575009874632284E8     1.4768238373834388       0
0                         2844                     3.866698208771409        1.2729055160935238E8     1.4768238373834388       0
0                         2880                     3.864441889321876        1.2882925349456792E8     1.4768238373834388       0
0                         2916                     3.862205401057966        1.303662201850748E8      1.4768238373834388       0
0                         2952                     3.860023325550831        1.3190144455669501E8     1.4768238373834388       0
0                         2988.0000000000005       3.85788100603612         1.3343492962888062E8     1.4768238373834388       0
0                         3024                     3.855759787456869        1.3496667925553116E8     1.4768238373834388       0
0                         3060                     3.8536442769676027       1.3649669661661458E8     1.4768238373834388       0
0                         3096                     3.851546944902687        1.380249803926922E8      1.4768238373834388       0
0                         3132                     3.8494994183766837       1.3955154810635316E8     1.4768238373834388       0
0                         3168                     3.847487813031317        1.4107639206515026E8     1.4768238373834388       0
0                         3204                     3.8454952064803565       1.4259951674438232E8     1.4768238373834388       0
0                         3240                     3.843512496985261        1.4412092455109733E8     1.4768238373834388       0
0                         3276                     3.8415485432941994       1.4564061557089138E8     1.4768238373834388       0
0                         3312                     3.8396143677145953       1.471586084744324E8      1.4768238373834388       0
0                         3348                     3.8377049451818372       1.4867489474977207E8     1.4768238373834388       0
0                         3384                     3.8358129949082396       1.501894767274957E8      1.4768238373834388       0
0                         3420.0000000000005       3.8339362902227925       1.5170235512036228E8     1.4768238373834388       0
0                         3456                     3.8320732714241132       1.5321353130146658E8     1.4768238373834388       0
0                         3492                     3.830202074267789        1.5472301696829244E8     1.4768238373834388       0
0                         3528                     3.828333089133867        1.562308065619328E8      1.4768238373834388       0
0                         3564                     3.8264600095635974       1.577369023716832E8      1.4768238373834388       0
0                         3600                     3.8245821141092087       1.5924130465943545E8     1.4768238373834388       0
0                         3636                     3.82269123650762         1.6074401543932062E8     1.4768238373834388       0
0                         3672                     3.8207521588318603       1.622450440735118E8      1.4768238373834388       0
0                         3708                     3.8187824198239158       1.6374438589958996E8     1.4768238373834388       0
0                         3744                     3.816792337282467        1.6524205488767594E8     1.4768238373834388       0
0                         3780                     3.814781433226653        1.667380503905917E8      1.4768238373834388       0
0                         3816                     3.8127407555793025       1.6823237449119532E8     1.4768238373834388       0
0                         3852                     3.810652383284914        1.697250388342955E8      1.4768238373834388       0
0                         3888.0000000000005       3.8085257404828767       1.7121603729624057E8     1.4768238373834388       0
0                         3924.0000000000005       3.80637648345182         1.72705394187191E8       1.4768238373834388       0
0                         3960.0000000000005       3.804201743094376        1.741931050521792E8      1.4768238373834388       0
0                         3996.0000000000005       3.801997511200187        1.756791707695064E8      1.4768238373834388       0
0                         4032.0000000000005       3.7997598163136734       1.7716359801972425E8     1.4768238373834388       0
0                         4068.0000000000005       3.7974908884472685       1.786463830516352E8      1.4768238373834388       0
0                         4104                     3.795201155432521        1.8012756232179943E8     1.4768238373834388       0
0                         4140.000000000001        3.7928874746597483       1.816071248433941E8      1.4768238373834388       0
0                         4176                     3.7905492289640206       1.8308506845875937E8     1.4768238373834388       0
0                         4212                     3.7881864183453366       1.8456139316789553E8     1.4768238373834388       0
0                         4248                     3.7857990428036983       1.860360989708024E8      1.4768238373834388       0
0                         4284                     3.7834078351301725       1.87509224280312E8       1.4768238373834388       0
0                         4320                     3.780999378951549        1.889807442391397E8      1.4768238373834388       0
0                         4356                     3.7785734501898323       1.9045065843212324E8     1.4768238373834388       0
0                         4392                     3.776130048845022        1.919189668592627E8      1.4768238373834388       0
0                         4428                     3.7736700213945364       1.9338567187214428E8     1.4768238373834388       0
0                         4464                     3.7712114735553977       1.9485082376998937E8     1.4768238373834388       0
0                         4500                     3.7687420101416222       1.9631438811791712E8     1.4768238373834388       0
0                         4536                     3.766261631153211        1.9777636491592777E8     1.4768238373834388       0
0                         4572                     3.763770336590164        1.9923675416402128E8     1.4768238373834388       0
0                         4608                     3.761269031615094        2.0069556098894715E8     1.4768238373834388       0
0                         4644                     3.7587654024403285       2.021528289246343E8      1.4768238373834388       0
0                         4680                     3.756253936908684        2.036085267507822E8      1.4768238373834388       0
0                         4716                     3.7537346350201606       2.0506265446739066E8     1.4768238373834388       0
0                         4752                     3.751207496774758        2.0651521207446E8        1.4768238373834388       0
0                         4788                     3.7486693436904854       2.0796620750540495E8     1.4768238373834388       0
0                         4824                     3.7461049169444323       2.0941567884588253E8     1.4768238373834388       0
0                         4860                     3.7435257888149507       2.1086359721176276E8     1.4768238373834388       0
0                         4896                     3.7409319593020407       2.1230996260304573E8     1.4768238373834388       0
0                         4932                     3.7383234284057028       2.137547750197314E8      1.4768238373834388       0
0                         4968                     3.735679174914839        2.151980451062802E8      1.4768238373834388       0
0                         5004                     3.732935069642907        2.1663980533563536E8     1.4768238373834388       0
0                         5040.000000000001        3.7301432215818786       2.18080029321491E8       1.4768238373834388       0
0                         5076                     3.727303630731755        2.1951871706384677E8     1.4768238373834388       0
0                         5112                     3.7244162970925343       2.2095586856270328E8     1.4768238373834388       0
0                         5148                     3.7214278942222125       2.2239149692381978E8     1.4768238373834388       0
0                         5184                     3.718230227578316        2.238256287376016E8      1.4768238373834388       0
0                         5220                     3.7149192738611676       2.2525824041635865E8     1.4768238373834388       0
0                         5256                     3.7114950330707663       2.2668933196009085E8     1.4768238373834388       0
0                         5292                     3.7079575052071134       2.2811890336879814E8     1.4768238373834388       0
0                         5328                     3.7042828674460004       2.2954696846905598E8     1.4768238373834388       0
0                         5364                     3.700438749791035        2.309735460481495E8      1.4768238373834388       0
0                         5400                     3.696457406235069        2.323986173861208E8      1.4768238373834388       0
0                         5436                     3.6923388367781005       2.3382218248297024E8     1.4768238373834388       0
0                         5472                     3.6880830414201307       2.3524424133869758E8     1.4768238373834388       0
0                         5508                     3.683869381804508        2.366648289737601E8      1.4768238373834388       0
0                         5544                     3.679600525428929        2.3808392638393438E8     1.4768238373834388       0
0                         5580                     3.6752659809838266       2.395015315207867E8      1.4768238373834388       0
0                         5616                     3.670865748469201        2.4091764438431695E8     1.4768238373834388       0
0                         5652                     3.6665326652315713       2.423322798684616E8      1.4768238373834388       0
0                         5688                     3.662353306352462        2.437454476801572E8      1.4768238373834388       0
0                         5724                     3.6582179252309723       2.4515713551443914E8     1.4768238373834388       0
0                         5760                     3.6541265218671017       2.465673433713072E8      1.4768238373834388       0
0                         5796                     3.650089365654379        2.479757540984671E8      1.4768238373834388       0
0                         5832                     3.646271366908558        2.4937733862849393E8     1.4768238373834388       0
0                         5868                     3.642453368162737        2.507789231585208E8      1.4768238373834388       0
0                         5904                     3.638635369416916        2.5218050768854785E8     1.4768238373834388       0
0                         5940.000000000001        3.6348173706710947       2.535820922185748E8      1.4768238373834388       0
0                         5976.000000000001        3.630860534295493        2.5497976852737394E8     1.4768238373834388       0
0                         6012                     3.6268139569239346       2.5637491866465953E8     1.4768238373834388       0
0                         6048                     3.622767379552376        2.5777006880194503E8     1.4768238373834388       0
0                         6084                     3.618720802180817        2.5916521893923056E8     1.4768238373834388       0
0                         6120                     3.614594684606112        2.6055995748204145E8     1.4768238373834388       0
0                         6156                     3.6100676244730985       2.619526212785587E8      1.4768238373834388       0
0                         6192                     3.6049628365406137       2.6334459848371848E8     1.4768238373834388       0
0                         6228                     3.5988440866774587       2.6473514306133717E8     1.4768238373834388       0
0                         6264                     3.5922344880515222       2.6612425153366035E8     1.4768238373834388       0
0                         6300                     3.585544402404532        2.6751201762446108E8     1.4768238373834388       0
0                         6336                     3.5772774027898397       2.68898590055408E8       1.4768238373834388       0
0                         6372                     3.565916665121223        2.702837633766706E8      1.4768238373834388       0
0                         6408                     3.5544518552496345       2.716671429609799E8      1.4768238373834388       0
0                         6444                     3.5429199682118275       2.7304933246264684E8     1.4768238373834388       0
0                         6480                     3.525466023708679        2.744303401250584E8      1.4768238373834388       0
0                         6516                     3.503847625825547        2.758096478308619E8      1.4768238373834388       0
0                         6552                     3.4822124767261484       2.771869975068106E8      1.4768238373834388       0
0                         6588                     3.459987880128741        2.7856357692097795E8     1.4768238373834388       0
0                         6624                     3.4210748158744706       2.7993887310274595E8     1.4768238373834388       0
0                         6660                     3.3787089747334593       2.8131210008287585E8     1.4768238373834388       0
0                         6696                     3.3363235000701486       2.8268421295532227E8     1.4768238373834388       0
0                         6732                     3.2882075499079626       2.840552795421059E8      1.4768238373834388       0
0                         6768                     3.203906036421837        2.854248617694082E8      1.4768238373834388       0
0                         6804                     3.1195390553888602       2.8679275965663767E8     1.4768238373834388       0
0                         6840.000000000001        3.0347952063946675       2.8815953627077407E8     1.4768238373834388       0
0                         6876.000000000001        2.9155752042958474       2.895250221663703E8      1.4768238373834388       0
0.1                       0                        4.118683381086683        -5904456.123752694       1.4768238373834388       1.487325038880249E-7
0.1                       36                       4.108196856483756        -4210888.618649218       1.4768238373834388       1.487325038880249E-7
0.1                       72                       4.103056860484337        -2519663.4084448         1.4768238373834388       1.487325038880249E-7
0.1                       108                      4.098286267888339        -831218.9019084498       1.4768238373834388       1.487325038880249E-7
0.1                       144                      4.093589662064061        855082.1463424376        1.4768238373834388       1.487325038880249E-7
0.1                       180                      4.0889329174183455       2537535.8029179676       1.4768238373834388       1.487325038880249E-7
0.1                       216                      4.084284213862532        4219136.816666551        1.4768238373834388       1.487325038880249E-7
0.1                       252.00000000000003       4.0796714110443          5897335.372573938        1.4768238373834388       1.487325038880249E-7
0.1                       288                      4.075086808550225        7573004.243343641        1.4768238373834388       1.487325038880249E-7
0.1                       324                      4.070558620806977        9243612.478784788        1.4768238373834388       1.487325038880249E-7
0.1                       360                      4.066030433063728        1.0914220714225907E7     1.4768238373834388       1.487325038880249E-7
0.1                       396                      4.0615022453204785       1.2584828949667023E7     1.4768238373834388       1.487325038880249E-7
0.1                       432                      4.0573489774713805       1.4249583941660969E7     1.4768238373834388       1.487325038880249E-7
0.1                       468                      4.053302864025917        1.591266604080308E7      1.4768238373834388       1.487325038880249E-7
0.1                       504.00000000000006       4.049256750580454        1.7575748139945254E7     1.4768238373834388       1.487325038880249E-7
0.1                       540                      4.045316055415232        1.9237348101282462E7     1.4768238373834388       1.487325038880249E-7
0.1                       576                      4.041744442856077        2.0893758912480325E7     1.4768238373834388       1.487325038880249E-7
0.1                       612                      4.038172830296922        2.2550169723678187E7     1.4768238373834388       1.487325038880249E-7
0.1                       648                      4.034587444937938        2.420644780397502E7      1.4768238373834388       1.487325038880249E-7
0.1                       684                      4.030394503063208        2.585687075497347E7      1.4768238373834388       1.487325038880249E-7
0.1                       720                      4.026201561188479        2.7507293705971953E7     1.4768238373834388       1.487325038880249E-7
0.1                       756                      4.022158825472615        2.915686933878188E7      1.4768238373834388       1.487325038880249E-7
0.1                       792                      4.019022433367164        3.0801332255628876E7     1.4768238373834388       1.487325038880249E-7
0.1                       828                      4.015886041261713        3.2445795172475934E7     1.4768238373834388       1.487325038880249E-7
0.1                       864                      4.012809865900094        3.408872520848835E7      1.4768238373834388       1.487325038880249E-7
0.1                       900                      4.009903162582303        3.5727341154574074E7     1.4768238373834388       1.487325038880249E-7
0.1                       936                      4.006996459264513        3.736595710065977E7      1.4768238373834388       1.487325038880249E-7
0.1                       972.0000000000001        4.003992767403466        3.900234193715723E7      1.4768238373834388       1.487325038880249E-7
0.1                       1008.0000000000001       4.00083227810245         4.063511982937047E7      1.4768238373834388       1.487325038880249E-7
0.1                       1044                     3.997671788801434        4.2267897721583664E7     1.4768238373834388       1.487325038880249E-7
0.1                       1080                     3.9944406671618307       4.389777102223698E7      1.4768238373834388       1.487325038880249E-7
0.1                       1116                     3.991139522689383        4.552476479584428E7      1.4768238373834388       1.487325038880249E-7
0.1                       1152                     3.987838378216935        4.715175856945163E7      1.4768238373834388       1.487325038880249E-7
0.1                       1188                     3.9845613094121135       4.877164491062295E7      1.4768238373834388       1.487325038880249E-7
0.1                       1224                     3.9812988614319655       5.038721500498672E7      1.4768238373834388       1.487325038880249E-7
0.1                       1260.0000000000002       3.978036413451818        5.200278509935043E7      1.4768238373834388       1.487325038880249E-7
0.1                       1296                     3.97477396547167         5.36183551937142E7       1.4768238373834388       1.487325038880249E-7
0.1                       1332                     3.9715115174915225       5.523392528807799E7      1.4768238373834388       1.487325038880249E-7
0.1                       1368                     3.9682490695113746       5.6849495382441744E7     1.4768238373834388       1.487325038880249E-7
0.1                       1404                     3.965478552035715        5.8455377825589046E7     1.4768238373834388       1.487325038880249E-7
0.1                       1440                     3.9627866787756383       6.005971151800061E7      1.4768238373834388       1.487325038880249E-7
0.1                       1476                     3.9600948055155616       6.16640452104121E7       1.4768238373834388       1.487325038880249E-7
0.1                       1512                     3.957402932255485        6.326837890282374E7      1.4768238373834388       1.487325038880249E-7
0.1                       1548                     3.954711058995408        6.487271259523523E7      1.4768238373834388       1.487325038880249E-7
0.1                       1584                     3.9520136924465503       6.6475913746728875E7     1.4768238373834388       1.487325038880249E-7
0.1                       1620                     3.949268051270185        6.806916220992771E7      1.4768238373834388       1.487325038880249E-7
0.1                       1656                     3.9465224100938197       6.966241067312652E7      1.4768238373834388       1.487325038880249E-7
0.1                       1692                     3.9437767689174543       7.125565913632536E7      1.4768238373834388       1.487325038880249E-7
0.1                       1728                     3.9410311277410885       7.284890759952417E7      1.4768238373834388       1.487325038880249E-7
0.1                       1764                     3.938285486564723        7.444215606272295E7      1.4768238373834388       1.487325038880249E-7
0.1                       1800                     3.9355504179457403       7.60324562681594E7       1.4768238373834388       1.487325038880249E-7
0.1                       1836                     3.93283567562193         7.761708829366992E7      1.4768238373834388       1.487325038880249E-7
0.1                       1872                     3.9301209332981193       7.920172031918037E7      1.4768238373834388       1.487325038880249E-7
0.1                       1908                     3.9274061909743088       8.078635234469081E7      1.4768238373834388       1.487325038880249E-7
0.1                       1944.0000000000002       3.9246914486504982       8.237098437020138E7      1.4768238373834388       1.487325038880249E-7
0.1                       1980.0000000000002       3.9221984620046357       8.394946433319446E7      1.4768238373834388       1.487325038880249E-7
0.1                       2016.0000000000002       3.919760049527605        8.552643027092533E7      1.4768238373834388       1.487325038880249E-7
0.1                       2052                     3.9173216370505743       8.71033962086562E7       1.4768238373834388       1.487325038880249E-7
0.1                       2088                     3.9148832245735434       8.868036214638706E7      1.4768238373834388       1.487325038880249E-7
0.1                       2124                     3.912570699685215        9.025332129169059E7      1.4768238373834388       1.487325038880249E-7
0.1                       2160                     3.9103079099903293       9.182469744856367E7      1.4768238373834388       1.487325038880249E-7
0.1                       2196                     3.908045120295444        9.339607360543662E7      1.4768238373834388       1.487325038880249E-7
0.1                       2232                     3.905816016370945        9.496398249443176E7      1.4768238373834388       1.487325038880249E-7
0.1                       2268                     3.9036016006461183       9.653037953072701E7      1.4768238373834388       1.487325038880249E-7
0.1                       2304                     3.901387184921291        9.809677656702223E7      1.4768238373834388       1.487325038880249E-7
0.1                       2340                     3.8991524284583767       9.96583373864273E7       1.4768238373834388       1.487325038880249E-7
0.1                       2376                     3.8969172135994414       1.0121978921752656E8     1.4768238373834388       1.487325038880249E-7
0.1                       2412                     3.8946716438048514       1.0278009537725477E8     1.4768238373834388       1.487325038880249E-7
0.1                       2448                     3.892396534776103        1.0433713331243497E8     1.4768238373834388       1.487325038880249E-7
0.1                       2484                     3.8901214257473544       1.0589417124761514E8     1.4768238373834388       1.487325038880249E-7
0.1                       2520.0000000000005       3.8878028308181607       1.0744763777973157E8     1.4768238373834388       1.487325038880249E-7
0.1                       2556                     3.8854742335643584       1.090002828425352E8      1.4768238373834388       1.487325038880249E-7
0.1                       2592                     3.8831337401329273       1.1055133080732292E8     1.4768238373834388       1.487325038880249E-7
0.1                       2628                     3.8807726785907204       1.120996174407037E8      1.4768238373834388       1.487325038880249E-7
0.1                       2664                     3.8784116170485134       1.1364790407408436E8     1.4768238373834388       1.487325038880249E-7
0.1                       2700                     3.876038879454058        1.1519436088765809E8     1.4768238373834388       1.487325038880249E-7
0.1                       2736                     3.8736578860369533       1.1673952388483864E8     1.4768238373834388       1.487325038880249E-7
0.1                       2772                     3.871301649101975        1.1828323808254117E8     1.4768238373834388       1.487325038880249E-7
0.1                       2808                     3.8690082408214894       1.198251887202498E8      1.4768238373834388       1.487325038880249E-7
0.1                       2844                     3.866753285743894        1.2136556716840959E8     1.4768238373834388       1.487325038880249E-7
0.1                       2880                     3.8644988741080706       1.2290417018344079E8     1.4768238373834388       1.487325038880249E-7
0.1                       2916                     3.862261147011915        1.2444108430175033E8     1.4768238373834388       1.487325038880249E-7
0.1                       2952                     3.860060917370029        1.2597628196552671E8     1.4768238373834388       1.487325038880249E-7
0.1                       2988.0000000000005       3.857911159540347        1.2750974599577725E8     1.4768238373834388       1.487325038880249E-7
0.1                       3024                     3.855797911375932        1.2904148850757173E8     1.4768238373834388       1.487325038880249E-7
0.1                       3060                     3.853687157588593        1.305714986537947E8      1.4768238373834388       1.487325038880249E-7
0.1                       3096                     3.8515942964680234       1.3209978134479788E8     1.4768238373834388       1.487325038880249E-7
0.1                       3132                     3.8495351966206455       1.3362634590665296E8     1.4768238373834388       1.487325038880249E-7
0.1                       3168                     3.847513650989333        1.351511945684942E8      1.4768238373834388       1.487325038880249E-7
0.1                       3204                     3.845521391417487        1.366743253206337E8      1.4768238373834388       1.487325038880249E-7
0.1                       3240                     3.8435447704869117       1.381957417606684E8      1.4768238373834388       1.487325038880249E-7
0.1                       3276                     3.841590424391939        1.3971544213923058E8     1.4768238373834388       1.487325038880249E-7
0.1                       3312                     3.839654628381957        1.412334408612463E8      1.4768238373834388       1.487325038880249E-7
0.1                       3348                     3.83773754340128         1.4274973730428737E8     1.4768238373834388       1.487325038880249E-7
0.1                       3384                     3.83584056345005         1.4426433028440422E8     1.4768238373834388       1.487325038880249E-7
0.1                       3420.0000000000005       3.833965333436206        1.457772229768511E8      1.4768238373834388       1.487325038880249E-7
0.1                       3456                     3.8321109780676377       1.4728841369200456E8     1.4768238373834388       1.487325038880249E-7
0.1                       3492                     3.830244140412974        1.4879791286260462E8     1.4768238373834388       1.487325038880249E-7
0.1                       3528                     3.828373478250861        1.5030571778083777E8     1.4768238373834388       1.487325038880249E-7
0.1                       3564                     3.8265002155127443       1.51811829848361E8       1.4768238373834388       1.487325038880249E-7
0.1                       3600                     3.8246225890773533       1.533162519451659E8      1.4768238373834388       1.487325038880249E-7
0.1                       3636                     3.822741394774763        1.548189823907479E8      1.4768238373834388       1.487325038880249E-7
0.1                       3672                     3.820808185314308        1.5632003147264087E8     1.4768238373834388       1.487325038880249E-7
0.1                       3708                     3.8188433782023496       1.5781939485529214E8     1.4768238373834388       1.487325038880249E-7
0.1                       3744                     3.816854508562412        1.5931708294567293E8     1.4768238373834388       1.487325038880249E-7
0.1                       3780                     3.8148469039162634       1.6081310310177386E8     1.4768238373834388       1.487325038880249E-7
0.1                       3816                     3.8128143703051363       1.6230745117705783E8     1.4768238373834388       1.487325038880249E-7
0.1                       3852                     3.810733118556634        1.6380014070905694E8     1.4768238373834388       1.487325038880249E-7
0.1                       3888.0000000000005       3.808613794565924        1.652911656395886E8      1.4768238373834388       1.487325038880249E-7
0.1                       3924.0000000000005       3.806467354556691        1.6678054452930692E8     1.4768238373834388       1.487325038880249E-7
0.1                       3960.0000000000005       3.80429707039606         1.682682829209968E8      1.4768238373834388       1.487325038880249E-7
0.1                       3996.0000000000005       3.8020984064072305       1.6975437631936982E8     1.4768238373834388       1.487325038880249E-7
0.1                       4032.0000000000005       3.799867517039616        1.7123883282096776E8     1.4768238373834388       1.487325038880249E-7
0.1                       4068.0000000000005       3.7976062466006892       1.7272164854272825E8     1.4768238373834388       1.487325038880249E-7
0.1                       4104                     3.79532163322554         1.7420285263478422E8     1.4768238373834388       1.487325038880249E-7
0.1                       4140.000000000001        3.793013687320234        1.7568244514023513E8     1.4768238373834388       1.487325038880249E-7
0.1                       4176                     3.7906809990995947       1.771604202201156E8      1.4768238373834388       1.487325038880249E-7
0.1                       4212                     3.788323568563622        1.786367778744258E8      1.4768238373834388       1.487325038880249E-7
0.1                       4248                     3.7859413957123156       1.8011151810316578E8     1.4768238373834388       1.487325038880249E-7
0.1                       4284                     3.783552932905191        1.8158467358311197E8     1.4768238373834388       1.487325038880249E-7
0.1                       4320                     3.781149020404646        1.8305622809353667E8     1.4768238373834388       1.487325038880249E-7
0.1                       4356                     3.77872761283572         1.845261780123415E8      1.4768238373834388       1.487325038880249E-7
0.1                       4392                     3.7762887101984135       1.8599452333952665E8     1.4768238373834388       1.487325038880249E-7
0.1                       4428                     3.773832312492727        1.8746126407509202E8     1.4768238373834388       1.487325038880249E-7
0.1                       4464                     3.771377792401594        1.8892645268514842E8     1.4768238373834388       1.487325038880249E-7
0.1                       4500                     3.768912624436457        1.9039005524751422E8     1.4768238373834388       1.487325038880249E-7
0.1                       4536                     3.76643662426653         1.918520712629751E8      1.4768238373834388       1.487325038880249E-7
0.1                       4572                     3.7639497918918123       1.9331250073153102E8     1.4768238373834388       1.487325038880249E-7
0.1                       4608                     3.761452820318417        1.9477134778033963E8     1.4768238373834388       1.487325038880249E-7
0.1                       4644                     3.758953169608449        1.9622865683736587E8     1.4768238373834388       1.487325038880249E-7
0.1                       4680                     3.7564455945728064       1.9768439666519168E8     1.4768238373834388       1.487325038880249E-7
0.1                       4716                     3.7539300952114893       1.9913856726381737E8     1.4768238373834388       1.487325038880249E-7
0.1                       4752                     3.7514066715244967       2.0059116863324258E8     1.4768238373834388       1.487325038880249E-7
0.1                       4788                     3.7488721006930144       2.020422095409273E8      1.4768238373834388       1.487325038880249E-7
0.1                       4824                     3.746313150170055        2.0349172598511654E8     1.4768238373834388       1.487325038880249E-7
0.1                       4860                     3.7437400262631417       2.049396902002443E8      1.4768238373834388       1.487325038880249E-7
0.1                       4896                     3.741152728972275        2.0638610218631014E8     1.4768238373834388       1.487325038880249E-7
0.1                       4932                     3.7385512582974543       2.0783096194331443E8     1.4768238373834388       1.487325038880249E-7
0.1                       4968                     3.735911042342167        2.0927428281254128E8     1.4768238373834388       1.487325038880249E-7
0.1                       5004                     3.7331817883313443       2.1071609210039797E8     1.4768238373834388       1.487325038880249E-7
0.1                       5040.000000000001        3.7304078201628914       2.12156365741273E8       1.4768238373834388       1.487325038880249E-7
0.1                       5076                     3.727589137836809        2.1359510373516566E8     1.4768238373834388       1.487325038880249E-7
0.1                       5112                     3.724725741353097        2.1503230608207643E8     1.4768238373834388       1.487325038880249E-7
0.1                       5148                     3.7217433969717826       2.1646799039619E8        1.4768238373834388       1.487325038880249E-7
0.1                       5184                     3.718564625878713        2.1790217506168187E8     1.4768238373834388       1.487325038880249E-7
0.1                       5220                     3.715273949530578        2.1933484002329803E8     1.4768238373834388       1.487325038880249E-7
0.1                       5256                     3.711871367927377        2.2076598528103822E8     1.4768238373834388       1.487325038880249E-7
0.1                       5292                     3.708356881069111        2.221956108349026E8      1.4768238373834388       1.487325038880249E-7
0.1                       5328                     3.7046938032189125       2.2362373611207274E8     1.4768238373834388       1.487325038880249E-7
0.1                       5364                     3.7008656461867457       2.2505036984398237E8     1.4768238373834388       1.487325038880249E-7
0.1                       5400                     3.6968996849088107       2.264754975870028E8      1.4768238373834388       1.487325038880249E-7
0.1                       5436                     3.692795919385107        2.2789911934113434E8     1.4768238373834388       1.487325038880249E-7
0.1                       5472                     3.6885719864440563       2.293212388328802E8      1.4768238373834388       1.487325038880249E-7
0.1                       5508                     3.684377107473386        2.3074188759137714E8     1.4768238373834388       1.487325038880249E-7
0.1                       5544                     3.680109821243947        2.3216104417878008E8     1.4768238373834388       1.487325038880249E-7
0.1                       5580                     3.675770127755739        2.3357870859508935E8     1.4768238373834388       1.487325038880249E-7
0.1                       5616                     3.671358027008761        2.3499488084030467E8     1.4768238373834388       1.487325038880249E-7
0.1                       5652                     3.6670725900556937       2.3640958399495563E8     1.4768238373834388       1.487325038880249E-7
0.1                       5688                     3.66288716432289         2.378228149689119E8      1.4768238373834388       1.487325038880249E-7
0.1                       5724                     3.6587380383605237       2.3923456637539357E8     1.4768238373834388       1.487325038880249E-7
0.1                       5760                     3.654625212168595        2.4064483821440095E8     1.4768238373834388       1.487325038880249E-7
0.1                       5796                     3.650621518244142        2.420517017245974E8      1.4768238373834388       1.487325038880249E-7
0.1                       5832                     3.646791198521879        2.4345379553199217E8     1.4768238373834388       1.487325038880249E-7
0.1                       5868                     3.6429608787996157       2.4485588933938694E8     1.4768238373834388       1.487325038880249E-7
0.1                       5904                     3.6391305590773526       2.4625798314678186E8     1.4768238373834388       1.487325038880249E-7
0.1                       5940.000000000001        3.6353002393550895       2.476600769541768E8      1.4768238373834388       1.487325038880249E-7
0.1                       5976.000000000001        3.631397948751188        2.4905695746577758E8     1.4768238373834388       1.487325038880249E-7
0.1                       6012                     3.627488350508049        2.5045330863990146E8     1.4768238373834388       1.487325038880249E-7
0.1                       6048                     3.6235787522649097       2.5184965981402522E8     1.4768238373834388       1.487325038880249E-7
0.1                       6084                     3.61966915402177         2.5324601098814908E8     1.4768238373834388       1.487325038880249E-7
0.1                       6120                     3.6152218376926037       2.5463973884894824E8     1.4768238373834388       1.487325038880249E-7
0.1                       6156                     3.610716084263966        2.5603323133872002E8     1.4768238373834388       1.487325038880249E-7
0.1                       6192                     3.6053264579241397       2.5742405297810578E8     1.4768238373834388       1.487325038880249E-7
0.1                       6228                     3.599797670873898        2.5881461334793854E8     1.4768238373834388       1.487325038880249E-7
0.1                       6264                     3.593191744654465        2.602031514252132E8      1.4768238373834388       1.487325038880249E-7
0.1                       6300                     3.586423273208284        2.615906547607507E8      1.4768238373834388       1.487325038880249E-7
0.1                       6336                     3.5788211351121224       2.629770890406025E8      1.4768238373834388       1.487325038880249E-7
0.1                       6372                     3.5676473237673547       2.6436234174331608E8     1.4768238373834388       1.487325038880249E-7
0.1                       6408                     3.5561933748835592       2.6574575691884512E8     1.4768238373834388       1.487325038880249E-7
0.1                       6444                     3.5447335295552596       2.6712803572760615E8     1.4768238373834388       1.487325038880249E-7
0.1                       6480                     3.528826334198874        2.6850913809407395E8     1.4768238373834388       1.487325038880249E-7
0.1                       6516                     3.5072289498624842       2.698883800055972E8      1.4768238373834388       1.487325038880249E-7
0.1                       6552                     3.4856183180002938       2.712662464042188E8      1.4768238373834388       1.487325038880249E-7
0.1                       6588                     3.463996993204618        2.726429926864964E8      1.4768238373834388       1.487325038880249E-7
0.1                       6624                     3.4278586676170772       2.740184515897076E8      1.4768238373834388       1.487325038880249E-7
0.1                       6660                     3.38553757974976         2.753918969827426E8      1.4768238373834388       1.487325038880249E-7
0.1                       6696                     3.343192153267634        2.767639036721503E8      1.4768238373834388       1.487325038880249E-7
0.1                       6732                     3.299633746559956        2.7813490573333395E8     1.4768238373834388       1.487325038880249E-7
0.1                       6768                     3.217761201372726        2.795046809676902E8      1.4768238373834388       1.487325038880249E-7
0.1                       6804                     3.133477745038178        2.80872633378551E8       1.4768238373834388       1.487325038880249E-7
0.1                       6840.000000000001        3.0491345856496697       2.8223932956703395E8     1.4768238373834388       1.487325038880249E-7
0.1                       6876.000000000001        2.9438363591198          2.836050927695414E8      1.4768238373834388       1.487325038880249E-7
0.1                       6904.98500917064         2.8078155137694067       2.847036199850216E8      1.4768238373834388       1.487325038880249E-7
0.2                       0                        4.118669784707798        -1.1810917283046395E7    1.4768238373834388       2.974650077760498E-7
0.2                       36                       4.108177826346156        -1.0117453382843152E7    1.4768238373834388       2.974650077760498E-7
0.2                       72                       4.103038710358829        -8426330.322973218       1.4768238373834388       2.974650077760498E-7
0.2                       108                      4.098269567331554        -6737986.264627816       1.4768238373834388       2.974650077760498E-7
0.2                       144                      4.093574596980692        -5051784.359887624       1.4768238373834388       2.974650077760498E-7
0.2                       180                      4.088919525355813        -3369427.519020806       1.4768238373834388       2.974650077760498E-7
0.2                       216                      4.084272482396562        -1687922.806487434       1.4768238373834388       2.974650077760498E-7
0.2                       252.00000000000003       4.079661246640884        -9818.503011134497       1.4768238373834388       2.974650077760498E-7
0.2                       288                      4.075078134772678        1665757.6325421687       1.4768238373834388       2.974650077760498E-7
0.2                       324                      4.070551284743702        3336276.1679548915       1.4768238373834388       2.974650077760498E-7
0.2                       360                      4.066024434714727        5006794.703367595        1.4768238373834388       2.974650077760498E-7
0.2                       396                      4.061497584685751        6677313.238780334        1.4768238373834388       2.974650077760498E-7
0.2                       432                      4.057344795258822        8341982.01454971         1.4768238373834388       2.974650077760498E-7
0.2                       468                      4.0532989146445795       1.0004978893159684E7     1.4768238373834388       2.974650077760498E-7
0.2                       504.00000000000006       4.049253034030337        1.1667975771769699E7     1.4768238373834388       2.974650077760498E-7
0.2                       540                      4.045318468785214        1.3329548512136742E7     1.4768238373834388       2.974650077760498E-7
0.2                       576                      4.041773632593116        1.498613516609736E7      1.4768238373834388       2.974650077760498E-7
0.2                       612                      4.038228796401018        1.6642721820058007E7     1.4768238373834388       2.974650077760498E-7
0.2                       648                      4.034590577113149        1.8298505894568264E7     1.4768238373834388       2.974650077760498E-7
0.2                       684                      4.030388767094346        1.994944619799421E7      1.4768238373834388       2.974650077760498E-7
0.2                       720                      4.026186957075543        2.1600386501420185E7     1.4768238373834388       2.974650077760498E-7
0.2                       756                      4.022373425295536        2.32489091719684E7       1.4768238373834388       2.974650077760498E-7
0.2                       792                      4.019073886620023        2.4894231440062292E7     1.4768238373834388       2.974650077760498E-7
0.2                       828                      4.015774347944511        2.6539553708156243E7     1.4768238373834388       2.974650077760498E-7
0.2                       864                      4.012824278566236        2.8181310703483753E7     1.4768238373834388       2.974650077760498E-7
0.2                       900                      4.010011108825276        2.9821671053805508E7     1.4768238373834388       2.974650077760498E-7
0.2                       936                      4.007104767658081        3.146065515733734E7      1.4768238373834388       2.974650077760498E-7
0.2                       972.0000000000001        4.0039563293064395       3.309606321307843E7      1.4768238373834388       2.974650077760498E-7
0.2                       1008.0000000000001       4.000807890954797        3.473147126881957E7      1.4768238373834388       2.974650077760498E-7
0.2                       1044                     3.997616076354232        3.6362757386847064E7     1.4768238373834388       2.974650077760498E-7
0.2                       1080                     3.9944158315168465       3.7993242400308214E7     1.4768238373834388       2.974650077760498E-7
0.2                       1116                     3.991175562763469        3.96198643778951E7       1.4768238373834388       2.974650077760498E-7
0.2                       1152                     3.9878744125863372       4.1240610190738775E7     1.4768238373834388       2.974650077760498E-7
0.2                       1188                     3.9845732624092056       4.286135600358242E7      1.4768238373834388       2.974650077760498E-7
0.2                       1224                     3.981272112232074        4.448210181642614E7      1.4768238373834388       2.974650077760498E-7
0.2                       1260.0000000000002       3.9779709620549424       4.61028476292698E7       1.4768238373834388       2.974650077760498E-7
0.2                       1296                     3.9748336802449873       4.771863841975157E7      1.4768238373834388       2.974650077760498E-7
0.2                       1332                     3.9718504769259027       4.9329770212399244E7     1.4768238373834388       2.974650077760498E-7
0.2                       1368                     3.9688672736068176       5.094090200504689E7      1.4768238373834388       2.974650077760498E-7
0.2                       1404                     3.965884070287733        5.255203379769459E7      1.4768238373834388       2.974650077760498E-7
0.2                       1440                     3.962900866968648        5.416316559034224E7      1.4768238373834388       2.974650077760498E-7
0.2                       1476                     3.9600732074228886       5.57682954415042E7       1.4768238373834388       2.974650077760498E-7
0.2                       1512                     3.957335286049482        5.736996258086499E7      1.4768238373834388       2.974650077760498E-7
0.2                       1548                     3.9545973646760753       5.897162972022577E7      1.4768238373834388       2.974650077760498E-7
0.2                       1584                     3.9518594433026686       6.057329685958654E7      1.4768238373834388       2.974650077760498E-7
0.2                       1620                     3.949121521929262        6.217496399894731E7      1.4768238373834388       2.974650077760498E-7
0.2                       1656                     3.9464043330214174       6.376957256846426E7      1.4768238373834388       2.974650077760498E-7
0.2                       1692                     3.9436939488223213       6.536186440860674E7      1.4768238373834388       2.974650077760498E-7
0.2                       1728                     3.9409835646232256       6.695415624874923E7      1.4768238373834388       2.974650077760498E-7
0.2                       1764                     3.93827318042413         6.854644808889171E7      1.4768238373834388       2.974650077760498E-7
0.2                       1800                     3.935562796225034        7.013873992903414E7      1.4768238373834388       2.974650077760498E-7
0.2                       1836                     3.9328422048684635       7.172377585711236E7      1.4768238373834388       2.974650077760498E-7
0.2                       1872                     3.9301201103441          7.330774323566014E7      1.4768238373834388       2.974650077760498E-7
0.2                       1908                     3.9273980158197364       7.489171061420795E7      1.4768238373834388       2.974650077760498E-7
0.2                       1944.0000000000002       3.924675921295373        7.647567799275579E7      1.4768238373834388       2.974650077760498E-7
0.2                       1980.0000000000002       3.922104087830734        7.805609991789073E7      1.4768238373834388       2.974650077760498E-7
0.2                       2016.0000000000002       3.9196960119584503       7.96326579349994E7       1.4768238373834388       2.974650077760498E-7
0.2                       2052                     3.9172879360861663       8.12092159521081E7       1.4768238373834388       2.974650077760498E-7
0.2                       2088                     3.914879860213883        8.278577396921676E7      1.4768238373834388       2.974650077760498E-7
0.2                       2124                     3.9125523377980156       8.435943017912407E7      1.4768238373834388       2.974650077760498E-7
0.2                       2160                     3.910297786181481        8.59304577347138E7       1.4768238373834388       2.974650077760498E-7
0.2                       2196                     3.9080432345649463       8.750148529030353E7      1.4768238373834388       2.974650077760498E-7
0.2                       2232                     3.905809775504367        8.906988727946103E7      1.4768238373834388       2.974650077760498E-7
0.2                       2268                     3.9035948013428374       9.063598829899934E7      1.4768238373834388       2.974650077760498E-7
0.2                       2304                     3.9013798271813074       9.220208931853764E7      1.4768238373834388       2.974650077760498E-7
0.2                       2340                     3.899147616526561        9.376407765337488E7      1.4768238373834388       2.974650077760498E-7
0.2                       2376                     3.896912131698425        9.532528475953409E7      1.4768238373834388       2.974650077760498E-7
0.2                       2412                     3.894670274601887        9.688584631356394E7      1.4768238373834388       2.974650077760498E-7
0.2                       2448                     3.892391672975814        9.844268540837127E7      1.4768238373834388       2.974650077760498E-7
0.2                       2484                     3.890113071349741        9.999952450317857E7      1.4768238373834388       2.974650077760498E-7
0.2                       2520.0000000000005       3.887798331588264        1.0155321382666147E8     1.4768238373834388       2.974650077760498E-7
0.2                       2556                     3.885469847934875        1.0310570524338621E8     1.4768238373834388       2.974650077760498E-7
0.2                       2592                     3.883131343533642        1.0465689748936439E8     1.4768238373834388       2.974650077760498E-7
0.2                       2628                     3.880769585303612        1.0620507492102067E8     1.4768238373834388       2.974650077760498E-7
0.2                       2664                     3.878407827073582        1.0775325235267696E8     1.4768238373834388       2.974650077760498E-7
0.2                       2700                     3.8760358480411727       1.0929971852790177E8     1.4768238373834388       2.974650077760498E-7
0.2                       2736                     3.8736558234707594       1.1084483764854664E8     1.4768238373834388       2.974650077760498E-7
0.2                       2772                     3.8712992390317456       1.1238852314332862E8     1.4768238373834388       2.974650077760498E-7
0.2                       2808                     3.869006107357384        1.139304435915973E8      1.4768238373834388       2.974650077760498E-7
0.2                       2844                     3.8667516628918572       1.1547079217275357E8     1.4768238373834388       2.974650077760498E-7
0.2                       2880                     3.864497382093835        1.1700936784114918E8     1.4768238373834388       2.974650077760498E-7
0.2                       2916                     3.8622595542240084       1.185462556067512E8      1.4768238373834388       2.974650077760498E-7
0.2                       2952                     3.8600604338054567       1.2008142632820567E8     1.4768238373834388       2.974650077760498E-7
0.2                       2988.0000000000005       3.857911541585635        1.2161486491958264E8     1.4768238373834388       2.974650077760498E-7
0.2                       3024                     3.8557976730107644       1.2314658227873331E8     1.4768238373834388       2.974650077760498E-7
0.2                       3060                     3.853685992187631        1.2467656841817647E8     1.4768238373834388       2.974650077760498E-7
0.2                       3096                     3.8515917128344888       1.2620482796537037E8     1.4768238373834388       2.974650077760498E-7
0.2                       3132                     3.8495348784339645       1.2773137117320593E8     1.4768238373834388       2.974650077760498E-7
0.2                       3168                     3.847516294031345        1.2925619845348999E8     1.4768238373834388       2.974650077760498E-7
0.2                       3204                     3.8455254145404285       1.3077930888314979E8     1.4768238373834388       2.974650077760498E-7
0.2                       3240                     3.8435473244650304       1.3230070553233282E8     1.4768238373834388       2.974650077760498E-7
0.2                       3276                     3.8415898127350423       1.3382038679779616E8     1.4768238373834388       2.974650077760498E-7
0.2                       3312                     3.839654576660319        1.3533837026898187E8     1.4768238373834388       2.974650077760498E-7
0.2                       3348                     3.8377411418741363       1.368546510299664E8      1.4768238373834388       2.974650077760498E-7
0.2                       3384                     3.8358481005367926       1.3836922961111033E8     1.4768238373834388       2.974650077760498E-7
0.2                       3420.0000000000005       3.8339740560105344       1.3988210782242462E8     1.4768238373834388       2.974650077760498E-7
0.2                       3456                     3.832118325500706        1.4139328518915522E8     1.4768238373834388       2.974650077760498E-7
0.2                       3492                     3.830251143216775        1.4290277442576903E8     1.4768238373834388       2.974650077760498E-7
0.2                       3528                     3.8283853552821934       1.444105700450402E8      1.4768238373834388       2.974650077760498E-7
0.2                       3564                     3.8265177676816142       1.4591667406283268E8     1.4768238373834388       2.974650077760498E-7
0.2                       3600                     3.8246471577120866       1.4742108725084066E8     1.4768238373834388       2.974650077760498E-7
0.2                       3636                     3.822766622726484        1.489238109145592E8      1.4768238373834388       2.974650077760498E-7
0.2                       3672                     3.8208389130872202       1.504248545144786E8      1.4768238373834388       2.974650077760498E-7
0.2                       3708                     3.818881727484015        1.519242135555677E8      1.4768238373834388       2.974650077760498E-7
0.2                       3744                     3.8169037652953253       1.5342190087913036E8     1.4768238373834388       2.974650077760498E-7
0.2                       3780                     3.8149046137922356       1.5491791587593007E8     1.4768238373834388       2.974650077760498E-7
0.2                       3816                     3.8128748860896957       1.5641226170746487E8     1.4768238373834388       2.974650077760498E-7
0.2                       3852                     3.810799001711943        1.5790494907200652E8     1.4768238373834388       2.974650077760498E-7
0.2                       3888.0000000000005       3.8086853989780356       1.5939597217541677E8     1.4768238373834388       2.974650077760498E-7
0.2                       3924.0000000000005       3.806550517912949        1.6088535687890938E8     1.4768238373834388       2.974650077760498E-7
0.2                       3960.0000000000005       3.804388750946717        1.6237309436141717E8     1.4768238373834388       2.974650077760498E-7
0.2                       3996.0000000000005       3.8021974676981696       1.6385919805771866E8     1.4768238373834388       2.974650077760498E-7
0.2                       4032.0000000000005       3.7999748855578823       1.6534368052604192E8     1.4768238373834388       2.974650077760498E-7
0.2                       4068.0000000000005       3.7977222094628424       1.668265332777784E8      1.4768238373834388       2.974650077760498E-7
0.2                       4104                     3.79543943941305         1.6830775631292826E8     1.4768238373834388       2.974650077760498E-7
0.2                       4140.000000000001        3.7931265754085057       1.6978734963149142E8     1.4768238373834388       2.974650077760498E-7
0.2                       4176                     3.7907996310450724       1.7126533930461732E8     1.4768238373834388       2.974650077760498E-7
0.2                       4212                     3.7884572275549235       1.727417230875846E8      1.4768238373834388       2.974650077760498E-7
0.2                       4248                     3.7860932323808956       1.7421649099620125E8     1.4768238373834388       2.974650077760498E-7
0.2                       4284                     3.7837076455229877       1.7568964303046742E8     1.4768238373834388       2.974650077760498E-7
0.2                       4320                     3.7813004669812003       1.7716117919038287E8     1.4768238373834388       2.974650077760498E-7
0.2                       4356                     3.778885135697314        1.786311438073958E8      1.4768238373834388       2.974650077760498E-7
0.2                       4392                     3.7764560716350055       1.8009951847446966E8     1.4768238373834388       2.974650077760498E-7
0.2                       4428                     3.774011083079197        1.8156629596172708E8     1.4768238373834388       2.974650077760498E-7
0.2                       4464                     3.7715501700298883       1.830314762691679E8      1.4768238373834388       2.974650077760498E-7
0.2                       4500                     3.7690733324870793       1.8449505939679226E8     1.4768238373834388       2.974650077760498E-7
0.2                       4536                     3.766601573826812        1.8595709768897247E8     1.4768238373834388       2.974650077760498E-7
0.2                       4572                     3.764121385344106        1.874175574794693E8      1.4768238373834388       2.974650077760498E-7
0.2                       4608                     3.7616325581528356       1.8887643824769908E8     1.4768238373834388       2.974650077760498E-7
0.2                       4644                     3.759135092253           1.9033373999366188E8     1.4768238373834388       2.974650077760498E-7
0.2                       4680                     3.7566292477208436       1.9178946889478046E8     1.4768238373834388       2.974650077760498E-7
0.2                       4716                     3.7541167629734864       1.932436662425526E8      1.4768238373834388       2.974650077760498E-7
0.2                       4752                     3.751596376451138        1.9469630207196438E8     1.4768238373834388       2.974650077760498E-7
0.2                       4788                     3.7490680881537983       1.9614737638301575E8     1.4768238373834388       2.974650077760498E-7
0.2                       4824                     3.7465318980814675       1.9759688917570674E8     1.4768238373834388       2.974650077760498E-7
0.2                       4860                     3.7439762043664855       1.990448532504173E8      1.4768238373834388       2.974650077760498E-7
0.2                       4896                     3.7413749551277817       2.0049129735027686E8     1.4768238373834388       2.974650077760498E-7
0.2                       4932                     3.7387504987049436       2.0193619681828612E8     1.4768238373834388       2.974650077760498E-7
0.2                       4968                     3.7361028350979697       2.0337955165444505E8     1.4768238373834388       2.974650077760498E-7
0.2                       5004                     3.7334319643068614       2.048213618587536E8      1.4768238373834388       2.974650077760498E-7
0.2                       5040.000000000001        3.730688821442687        2.0626164674533793E8     1.4768238373834388       2.974650077760498E-7
0.2                       5076                     3.7278321317785337       2.0770042256176925E8     1.4768238373834388       2.974650077760498E-7
0.2                       5112                     3.7249108875766557       2.0913767002251053E8     1.4768238373834388       2.974650077760498E-7
0.2                       5148                     3.721925088837052        2.105733891275618E8      1.4768238373834388       2.974650077760498E-7
0.2                       5184                     3.7188747355597225       2.1200757987692297E8     1.4768238373834388       2.974650077760498E-7
0.2                       5220                     3.715663496844529        2.1344026776435748E8     1.4768238373834388       2.974650077760498E-7
0.2                       5256                     3.7122768353781654       2.148714566371339E8      1.4768238373834388       2.974650077760498E-7
0.2                       5292                     3.7087668379566847       2.1630113271059433E8     1.4768238373834388       2.974650077760498E-7
0.2                       5328                     3.7051335045800866       2.1772929598473912E8     1.4768238373834388       2.974650077760498E-7
0.2                       5364                     3.7013768352483707       2.1915594645956832E8     1.4768238373834388       2.974650077760498E-7
0.2                       5400                     3.6974800471517644       2.2058111452371967E8     1.4768238373834388       2.974650077760498E-7
0.2                       5436                     3.6934475109618052       2.220047922632175E8      1.4768238373834388       2.974650077760498E-7
0.2                       5472                     3.6892837016774642       2.2342697157517976E8     1.4768238373834388       2.974650077760498E-7
0.2                       5508                     3.6849886192987404       2.248476524596064E8      1.4768238373834388       2.974650077760498E-7
0.2                       5544                     3.6805622638256343       2.2626683491649762E8     1.4768238373834388       2.974650077760498E-7
0.2                       5580                     3.6763064836773744       2.276845547535863E8      1.4768238373834388       2.974650077760498E-7
0.2                       5616                     3.6720600938455905       2.2910079284978604E8     1.4768238373834388       2.974650077760498E-7
0.2                       5652                     3.6677979200067585       2.305155462187122E8      1.4768238373834388       2.974650077760498E-7
0.2                       5688                     3.6635199621608776       2.3192881486036456E8     1.4768238373834388       2.974650077760498E-7
0.2                       5724                     3.6592486069066106       2.3334016477960426E8     1.4768238373834388       2.974650077760498E-7
0.2                       5760                     3.6553104254222215       2.347442155271568E8      1.4768238373834388       2.974650077760498E-7
0.2                       5796                     3.651372243937832        2.361482662747091E8      1.4768238373834388       2.974650077760498E-7
0.2                       5832                     3.647434062453443        2.375523170222615E8      1.4768238373834388       2.974650077760498E-7
0.2                       5868                     3.643495880969054        2.3895636776981387E8     1.4768238373834388       2.974650077760498E-7
0.2                       5904                     3.639588710384097        2.4035905737142155E8     1.4768238373834388       2.974650077760498E-7
0.2                       5940.000000000001        3.635794739256342        2.4175677836570293E8     1.4768238373834388       2.974650077760498E-7
0.2                       5976.000000000001        3.6320007681285866       2.4315449935998452E8     1.4768238373834388       2.974650077760498E-7
0.2                       6012                     3.6282067970008316       2.4455222035426587E8     1.4768238373834388       2.974650077760498E-7
0.2                       6048                     3.6244128258730766       2.4594994134854734E8     1.4768238373834388       2.974650077760498E-7
0.2                       6084                     3.620137015102889        2.473447933053834E8      1.4768238373834388       2.974650077760498E-7
0.2                       6120                     3.6157782108737515       2.487391510908801E8      1.4768238373834388       2.974650077760498E-7
0.2                       6156                     3.611083744618024        2.501317327668478E8      1.4768238373834388       2.974650077760498E-7
0.2                       6192                     3.60609386762875         2.5152275131747723E8     1.4768238373834388       2.974650077760498E-7
0.2                       6228                     3.6007649797992842       2.5291340661213547E8     1.4768238373834388       2.974650077760498E-7
0.2                       6264                     3.594166230369572        2.5430267988094053E8     1.4768238373834388       2.974650077760498E-7
0.2                       6300                     3.587565563376478        2.5569042060601932E8     1.4768238373834388       2.974650077760498E-7
0.2                       6336                     3.5802680060313925       2.5707698188465738E8     1.4768238373834388       2.974650077760498E-7
0.2                       6372                     3.569401126275219        2.584623001824395E8      1.4768238373834388       2.974650077760498E-7
0.2                       6408                     3.557961541664756        2.5984582567981112E8     1.4768238373834388       2.974650077760498E-7
0.2                       6444                     3.5465144306038545       2.6122816673375124E8     1.4768238373834388       2.974650077760498E-7
0.2                       6480                     3.5322416928627427       2.6260927572355047E8     1.4768238373834388       2.974650077760498E-7
0.2                       6516                     3.5106723264360107       2.639888441029588E8      1.4768238373834388       2.974650077760498E-7
0.2                       6552                     3.4890812316476936       2.6536632992587805E8     1.4768238373834388       2.974650077760498E-7
0.2                       6588                     3.467483166007639        2.6674295405509967E8     1.4768238373834388       2.974650077760498E-7
0.2                       6624                     3.434756731014825        2.6811845888313544E8     1.4768238373834388       2.974650077760498E-7
0.2                       6660                     3.3924807213963817       2.694921471299751E8      1.4768238373834388       2.974650077760498E-7
0.2                       6696                     3.350175655492243        2.708641341089721E8      1.4768238373834388       2.974650077760498E-7
0.2                       6732                     3.3078509960775277       2.7223522523135483E8     1.4768238373834388       2.974650077760498E-7
0.2                       6768                     3.2318455833160016       2.7360508129064894E8     1.4768238373834388       2.974650077760498E-7
0.2                       6804                     3.1476463383309676       2.749731257091368E8      1.4768238373834388       2.974650077760498E-7
0.2                       6840.000000000001        3.063394091437883        2.763400526444901E8      1.4768238373834388       2.974650077760498E-7
0.2                       6876.000000000001        2.97256932549009         2.777058509515624E8      1.4768238373834388       2.974650077760498E-7
0.2                       6896.778319303787        2.875173383532077        2.784935539449835E8      1.4768238373834388       2.974650077760498E-7
0.30000000000000004       0                        4.118656142289329        -1.7717378442357138E7    1.4768238373834388       4.461975116640747E-7
0.30000000000000004       36                       4.1081586893137185       -1.6024018453709707E7    1.4768238373834388       4.461975116640747E-7
0.30000000000000004       72                       4.103020445754603        -1.433299785256184E7     1.4768238373834388       4.461975116640747E-7
0.30000000000000004       108                      4.098252749229094        -1.2644754552567123E7    1.4768238373834388       4.461975116640747E-7
0.30000000000000004       144                      4.093559405204111        -1.0958652102896392E7    1.4768238373834388       4.461975116640747E-7
0.30000000000000004       180                      4.088906006255764        -9276392.39167389        1.4768238373834388       4.461975116640747E-7
0.30000000000000004       216                      4.08426062444372         -7594984.294821739       1.4768238373834388       4.461975116640747E-7
0.30000000000000004       252.00000000000003       4.079650953613321        -5916974.56039523        1.4768238373834388       4.461975116640747E-7
0.30000000000000004       288                      4.075069331513241        -4241491.478306052       1.4768238373834388       4.461975116640747E-7
0.30000000000000004       324                      4.070543820900506        -2571062.9644283485      1.4768238373834388       4.461975116640747E-7
0.30000000000000004       360                      4.06601831028777         -900634.4505505856       1.4768238373834388       4.461975116640747E-7
0.30000000000000004       396                      4.061492799675034        769794.0633271239        1.4768238373834388       4.461975116640747E-7
0.30000000000000004       432                      4.057340485510241        2434376.296852909        1.4768238373834388       4.461975116640747E-7
0.30000000000000004       468                      4.053294833177594        4097287.6276222514       1.4768238373834388       4.461975116640747E-7
0.30000000000000004       504.00000000000006       4.049249180844946        5760198.9583916          1.4768238373834388       4.461975116640747E-7
0.30000000000000004       540                      4.0453166993062295       7421700.3386630025       1.4768238373834388       4.461975116640747E-7
0.30000000000000004       576                      4.041780442895255        9078265.305600364        1.4768238373834388       4.461975116640747E-7
0.30000000000000004       612                      4.03824418648428         1.0734830272537835E7     1.4768238373834388       4.461975116640747E-7
0.30000000000000004       648                      4.03459276594151         1.239046173158065E7      1.4768238373834388       4.461975116640747E-7
0.30000000000000004       684                      4.030386755043697        1.4041597741679216E7     1.4768238373834388       4.461975116640747E-7
0.30000000000000004       720                      4.026180744145883        1.5692733751777727E7     1.4768238373834388       4.461975116640747E-7
0.30000000000000004       756                      4.022435407296911        1.7340825371145137E7     1.4768238373834388       4.461975116640747E-7
0.30000000000000004       792                      4.019047514000294        1.8986554804406233E7     1.4768238373834388       4.461975116640747E-7
0.30000000000000004       828                      4.015659620703679        2.063228423766735E7      1.4768238373834388       4.461975116640747E-7
0.30000000000000004       864                      4.012831647751119        2.2273453563936215E7     1.4768238373834388       4.461975116640747E-7
0.30000000000000004       900                      4.010030531134348        2.3914404166656435E7     1.4768238373834388       4.461975116640747E-7
0.30000000000000004       936                      4.0070408329323834       2.5552471080451444E7     1.4768238373834388       4.461975116640747E-7
0.30000000000000004       972.0000000000001        4.003928657586847        2.718866513915225E7      1.4768238373834388       4.461975116640747E-7
0.30000000000000004       1008.0000000000001       4.000802920877572        2.8823634014971405E7     1.4768238373834388       4.461975116640747E-7
0.30000000000000004       1044                     3.9976382398235066       3.0455084517160445E7     1.4768238373834388       4.461975116640747E-7
0.30000000000000004       1080                     3.994473558769442        3.208653501934944E7      1.4768238373834388       4.461975116640747E-7
0.30000000000000004       1116                     3.991179957061443        3.37094459660749E7       1.4768238373834388       4.461975116640747E-7
0.30000000000000004       1152                     3.987873653210506        3.5331515537498504E7     1.4768238373834388       4.461975116640747E-7
0.30000000000000004       1188                     3.984567349359569        3.6953585108922064E7     1.4768238373834388       4.461975116640747E-7
0.30000000000000004       1224                     3.9812610455086324       3.857565468034564E7      1.4768238373834388       4.461975116640747E-7
0.30000000000000004       1260.0000000000002       3.9779994072594183       4.019573796928081E7      1.4768238373834388       4.461975116640747E-7
0.30000000000000004       1296                     3.974901467821778        4.180854156041132E7      1.4768238373834388       4.461975116640747E-7
0.30000000000000004       1332                     3.971803528384137        4.342134515154188E7      1.4768238373834388       4.461975116640747E-7
0.30000000000000004       1368                     3.9687055889464964       4.503414874267245E7      1.4768238373834388       4.461975116640747E-7
0.30000000000000004       1404                     3.965607649508856        4.6646952333802976E7     1.4768238373834388       4.461975116640747E-7
0.30000000000000004       1440                     3.9627209711244338       4.825502687308692E7      1.4768238373834388       4.461975116640747E-7
0.30000000000000004       1476                     3.960030544464168        4.985870834244917E7      1.4768238373834388       4.461975116640747E-7
0.30000000000000004       1512                     3.9573401178039025       5.1462389811811425E7     1.4768238373834388       4.461975116640747E-7
0.30000000000000004       1548                     3.954649691143637        5.306607128117366E7      1.4768238373834388       4.461975116640747E-7
0.30000000000000004       1584                     3.951959264483371        5.4669752750535846E7     1.4768238373834388       4.461975116640747E-7
0.30000000000000004       1620                     3.9492157847031786       5.626599871136604E7      1.4768238373834388       4.461975116640747E-7
0.30000000000000004       1656                     3.9464608533104775       5.786063970414484E7      1.4768238373834388       4.461975116640747E-7
0.30000000000000004       1692                     3.943705921917777        5.945528069692352E7      1.4768238373834388       4.461975116640747E-7
0.30000000000000004       1728                     3.9409509905250757       6.104992168970226E7      1.4768238373834388       4.461975116640747E-7
0.30000000000000004       1764                     3.9382035759210656       6.26435459033533E7       1.4768238373834388       4.461975116640747E-7
0.30000000000000004       1800                     3.935508055678647        6.423015048323728E7      1.4768238373834388       4.461975116640747E-7
0.30000000000000004       1836                     3.9328125354362284       6.5816755063121215E7     1.4768238373834388       4.461975116640747E-7
0.30000000000000004       1872                     3.9301170151938103       6.740335964300522E7      1.4768238373834388       4.461975116640747E-7
0.30000000000000004       1908                     3.9274214949513917       6.898996422288918E7      1.4768238373834388       4.461975116640747E-7
0.30000000000000004       1944.0000000000002       3.924865756117106        7.056941434503077E7      1.4768238373834388       4.461975116640747E-7
0.30000000000000004       1980.0000000000002       3.92232551937508         7.214807102070847E7      1.4768238373834388       4.461975116640747E-7
0.30000000000000004       2016.0000000000002       3.9197852826330544       7.37267276963862E7       1.4768238373834388       4.461975116640747E-7
0.30000000000000004       2052                     3.9172450458910286       7.530538437206393E7      1.4768238373834388       4.461975116640747E-7
0.30000000000000004       2088                     3.91486612598825         7.688018047527108E7      1.4768238373834388       4.461975116640747E-7
0.30000000000000004       2124                     3.912565296854659        7.845310774026434E7      1.4768238373834388       4.461975116640747E-7
0.30000000000000004       2160                     3.910264467721068        8.002603500525755E7      1.4768238373834388       4.461975116640747E-7
0.30000000000000004       2196                     3.9080171565126833       8.159598238069864E7      1.4768238373834388       4.461975116640747E-7
0.30000000000000004       2232                     3.905807969463849        8.316380699476042E7      1.4768238373834388       4.461975116640747E-7
0.30000000000000004       2268                     3.9035987824150147       8.473163160882221E7      1.4768238373834388       4.461975116640747E-7
0.30000000000000004       2304                     3.901373503359831        8.629579492238691E7      1.4768238373834388       4.461975116640747E-7
0.30000000000000004       2340                     3.8991442800249616       8.785906082186541E7      1.4768238373834388       4.461975116640747E-7
0.30000000000000004       2376                     3.896910537898611        8.942096705981325E7      1.4768238373834388       4.461975116640747E-7
0.30000000000000004       2412                     3.894666271099061        9.097970652334048E7      1.4768238373834388       4.461975116640747E-7
0.30000000000000004       2448                     3.8924220042995104       9.253844598686783E7      1.4768238373834388       4.461975116640747E-7
0.30000000000000004       2484                     3.8901179653662616       9.409359846782699E7      1.4768238373834388       4.461975116640747E-7
0.30000000000000004       2520.0000000000005       3.887798760604741        9.564784083301356E7      1.4768238373834388       4.461975116640747E-7
0.30000000000000004       2556                     3.8854743895321993       9.720159260217236E7      1.4768238373834388       4.461975116640747E-7
0.30000000000000004       2592                     3.8831295540136153       9.875340105512431E7      1.4768238373834388       4.461975116640747E-7
0.30000000000000004       2628                     3.8807721927196255       1.0030402005284764E8     1.4768238373834388       4.461975116640747E-7
0.30000000000000004       2664                     3.8783998726268796       1.0185294118376145E8     1.4768238373834388       4.461975116640747E-7
0.30000000000000004       2700                     3.8760127174974555       1.0340019030954687E8     1.4768238373834388       4.461975116640747E-7
0.30000000000000004       2736                     3.8736281596132875       1.0494581019356328E8     1.4768238373834388       4.461975116640747E-7
0.30000000000000004       2772                     3.87129804718809         1.0648964768541773E8     1.4768238373834388       4.461975116640747E-7
0.30000000000000004       2808                     3.868995599877419        1.0803178188948008E8     1.4768238373834388       4.461975116640747E-7
0.30000000000000004       2844                     3.8667173727787554       1.0957217427056378E8     1.4768238373834388       4.461975116640747E-7
0.30000000000000004       2880                     3.864463497344227        1.1111082629911156E8     1.4768238373834388       4.461975116640747E-7
0.30000000000000004       2916                     3.862239407697236        1.126477430801355E8      1.4768238373834388       4.461975116640747E-7
0.30000000000000004       2952                     3.8600601561851873       1.1418291777894337E8     1.4768238373834388       4.461975116640747E-7
0.30000000000000004       2988.0000000000005       3.8579180037422156       1.1571635390954745E8     1.4768238373834388       4.461975116640747E-7
0.30000000000000004       3024                     3.8557882252281286       1.1724805992623825E8     1.4768238373834388       4.461975116640747E-7
0.30000000000000004       3060                     3.8536714455186063       1.1877803561535159E8     1.4768238373834388       4.461975116640747E-7
0.30000000000000004       3096                     3.851579634244561        1.2030628305767801E8     1.4768238373834388       4.461975116640747E-7
0.30000000000000004       3132                     3.8495359906603976       1.2183281435353571E8     1.4768238373834388       4.461975116640747E-7
0.30000000000000004       3168                     3.8475286410061296       1.2335762330978265E8     1.4768238373834388       4.461975116640747E-7
0.30000000000000004       3204                     3.8455319011817743       1.2488071752073047E8     1.4768238373834388       4.461975116640747E-7
0.30000000000000004       3240                     3.8435460847177945       1.2640209689367415E8     1.4768238373834388       4.461975116640747E-7
0.30000000000000004       3276                     3.84158071069418         1.2792176465871003E8     1.4768238373834388       4.461975116640747E-7
0.30000000000000004       3312                     3.8396503488321003       1.2943973674048883E8     1.4768238373834388       4.461975116640747E-7
0.30000000000000004       3348                     3.837747575395616        1.3095600502489495E8     1.4768238373834388       4.461975116640747E-7
0.30000000000000004       3384                     3.8358590727782036       1.324705725196933E8      1.4768238373834388       4.461975116640747E-7
0.30000000000000004       3420.0000000000005       3.833984827095851        1.3398343922801948E8     1.4768238373834388       4.461975116640747E-7
0.30000000000000004       3456                     3.8321232016917293       1.354946078089329E8      1.4768238373834388       4.461975116640747E-7
0.30000000000000004       3492                     3.8302590043243496       1.3700408960033792E8     1.4768238373834388       4.461975116640747E-7
0.30000000000000004       3528                     3.8283999418353676       1.385118788506518E8      1.4768238373834388       4.461975116640747E-7
0.30000000000000004       3564                     3.826537192741971        1.4001797756969362E8     1.4768238373834388       4.461975116640747E-7
0.30000000000000004       3600                     3.824670629307168        1.4152238578656605E8     1.4768238373834388       4.461975116640747E-7
0.30000000000000004       3636                     3.822792829494207        1.4302510573634678E8     1.4768238373834388       4.461975116640747E-7
0.30000000000000004       3672                     3.8208706154409926       1.4452614691747016E8     1.4768238373834388       4.461975116640747E-7
0.30000000000000004       3708                     3.818920744744627        1.460255045324318E8      1.4768238373834388       4.461975116640747E-7
0.30000000000000004       3744                     3.8169484697228206       1.4752319135559207E8     1.4768238373834388       4.461975116640747E-7
0.30000000000000004       3780                     3.8149539380180433       1.4901920774603757E8     1.4768238373834388       4.461975116640747E-7
0.30000000000000004       3816                     3.8129311022962424       1.5051355441876373E8     1.4768238373834388       4.461975116640747E-7
0.30000000000000004       3852                     3.810861963789664        1.5200624435766006E8     1.4768238373834388       4.461975116640747E-7
0.30000000000000004       3888.0000000000005       3.8087555743945543       1.5349727103290063E8     1.4768238373834388       4.461975116640747E-7
0.30000000000000004       3924.0000000000005       3.806623582115098        1.5498665581621045E8     1.4768238373834388       4.461975116640747E-7
0.30000000000000004       3960.0000000000005       3.8044664754217554       1.564743996038337E8      1.4768238373834388       4.461975116640747E-7
0.30000000000000004       3996.0000000000005       3.802280309412983        1.5796049982468617E8     1.4768238373834388       4.461975116640747E-7
0.30000000000000004       4032.0000000000005       3.8000601281247923       1.5944496512462375E8     1.4768238373834388       4.461975116640747E-7
0.30000000000000004       4068.0000000000005       3.79780841344595         1.6092779117390287E8     1.4768238373834388       4.461975116640747E-7
0.30000000000000004       4104                     3.795534100779433        1.6240900708503765E8     1.4768238373834388       4.461975116640747E-7
0.30000000000000004       4140.000000000001        3.7932376901735023       1.6388861448723954E8     1.4768238373834388       4.461975116640747E-7
0.30000000000000004       4176                     3.7909170965549936       1.6536660658711347E8     1.4768238373834388       4.461975116640747E-7
0.30000000000000004       4212                     3.788572319923907        1.6684298338465965E8     1.4768238373834388       4.461975116640747E-7
0.30000000000000004       4248                     3.786203360280243        1.6831774487987804E8     1.4768238373834388       4.461975116640747E-7
0.30000000000000004       4284                     3.783823997461606        1.6979091894573188E8     1.4768238373834388       4.461975116640747E-7
0.30000000000000004       4320                     3.781430859396488        1.7126249876141328E8     1.4768238373834388       4.461975116640747E-7
0.30000000000000004       4356                     3.7790199966713973       1.7273247633830458E8     1.4768238373834388       4.461975116640747E-7
0.30000000000000004       4392                     3.776591409286332        1.742008516764054E8      1.4768238373834388       4.461975116640747E-7
0.30000000000000004       4428                     3.774145097241294        1.7566762477571595E8     1.4768238373834388       4.461975116640747E-7
0.30000000000000004       4464                     3.771695676108595        1.7713283426623735E8     1.4768238373834388       4.461975116640747E-7
0.30000000000000004       4500                     3.769239748248073        1.7859647116776428E8     1.4768238373834388       4.461975116640747E-7
0.30000000000000004       4536                     3.7667730037382436       1.8005852408886623E8     1.4768238373834388       4.461975116640747E-7
0.30000000000000004       4572                     3.764295442579108        1.8151899302954346E8     1.4768238373834388       4.461975116640747E-7
0.30000000000000004       4608                     3.761807064770666        1.829778779897958E8      1.4768238373834388       4.461975116640747E-7
0.30000000000000004       4644                     3.759314257118574        1.844352159395682E8      1.4768238373834388       4.461975116640747E-7
0.30000000000000004       4680                     3.756815614266188        1.8589099874397117E8     1.4768238373834388       4.461975116640747E-7
0.30000000000000004       4716                     3.7543091991888144       1.8734521519056138E8     1.4768238373834388       4.461975116640747E-7
0.30000000000000004       4752                     3.751795011886453        1.8879786527933902E8     1.4768238373834388       4.461975116640747E-7
0.30000000000000004       4788                     3.749273052359104        1.902489490103041E8      1.4768238373834388       4.461975116640747E-7
0.30000000000000004       4824                     3.7467282459738627       1.9169850256237578E8     1.4768238373834388       4.461975116640747E-7
0.30000000000000004       4860                     3.744163719613883        1.9314651843107617E8     1.4768238373834388       4.461975116640747E-7
0.30000000000000004       4896                     3.7415841737046844       1.9459298533544618E8     1.4768238373834388       4.461975116640747E-7
0.30000000000000004       4932                     3.7389896082462677       1.960379032754858E8      1.4768238373834388       4.461975116640747E-7
0.30000000000000004       4968                     3.7363800232386324       1.9748127225119483E8     1.4768238373834388       4.461975116640747E-7
0.30000000000000004       5004                     3.7336830140160737       1.9892312721411467E8     1.4768238373834388       4.461975116640747E-7
0.30000000000000004       5040.000000000001        3.7309126720790107       2.0036346136192584E8     1.4768238373834388       4.461975116640747E-7
0.30000000000000004       5076                     3.728092200457659        2.0180226349394572E8     1.4768238373834388       4.461975116640747E-7
0.30000000000000004       5112                     3.725221599152018        2.032395336101748E8      1.4768238373834388       4.461975116640747E-7
0.30000000000000004       5148                     3.7223008681620895       2.046752717106128E8      1.4768238373834388       4.461975116640747E-7
0.30000000000000004       5184                     3.7192013031551725       2.0610951113129437E8     1.4768238373834388       4.461975116640747E-7
0.30000000000000004       5220                     3.715946279418358        2.0754224581772733E8     1.4768238373834388       4.461975116640747E-7
0.30000000000000004       5256                     3.7125781724741365       2.0897346479412058E8     1.4768238373834388       4.461975116640747E-7
0.30000000000000004       5292                     3.7090969823225097       2.1040316806047374E8     1.4768238373834388       4.461975116640747E-7
0.30000000000000004       5328                     3.705502708963477        2.1183135561678728E8     1.4768238373834388       4.461975116640747E-7
0.30000000000000004       5364                     3.7017490417316856       2.1325805603107977E8     1.4768238373834388       4.461975116640747E-7
0.30000000000000004       5400                     3.6978437801798236       2.1468326449198082E8     1.4768238373834388       4.461975116640747E-7
0.30000000000000004       5436                     3.6938025849504723       2.1610697133878833E8     1.4768238373834388       4.461975116640747E-7
0.30000000000000004       5472                     3.6896254560436312       2.1752917657150275E8     1.4768238373834388       4.461975116640747E-7
0.30000000000000004       5508                     3.685349874557804        2.1894988697204024E8     1.4768238373834388       4.461975116640747E-7
0.30000000000000004       5544                     3.681131249018536        2.2036913066037893E8     1.4768238373834388       4.461975116640747E-7
0.30000000000000004       5580                     3.676854602217249        2.2178688683227688E8     1.4768238373834388       4.461975116640747E-7
0.30000000000000004       5616                     3.672519934153944        2.232031554877342E8      1.4768238373834388       4.461975116640747E-7
0.30000000000000004       5652                     3.6681272448286193       2.2461793662675056E8     1.4768238373834388       4.461975116640747E-7
0.30000000000000004       5688                     3.663876836346564        2.2603125243423808E8     1.4768238373834388       4.461975116640747E-7
0.30000000000000004       5724                     3.65974804417828         2.2744310062145022E8     1.4768238373834388       4.461975116640747E-7
0.30000000000000004       5760                     3.6556713000795673       2.2885347348319864E8     1.4768238373834388       4.461975116640747E-7
0.30000000000000004       5796                     3.651646604050426        2.302623710194837E8      1.4768238373834388       4.461975116640747E-7
0.30000000000000004       5832                     3.6477040387314377       2.316685471060972E8      1.4768238373834388       4.461975116640747E-7
0.30000000000000004       5868                     3.643907128732718        2.3306896384851617E8     1.4768238373834388       4.461975116640747E-7
0.30000000000000004       5904                     3.640110218733998        2.3446938059093508E8     1.4768238373834388       4.461975116640747E-7
0.30000000000000004       5940.000000000001        3.636313308735278        2.35869797333354E8       1.4768238373834388       4.461975116640747E-7
0.30000000000000004       5976.000000000001        3.6325163987365583       2.372702140757729E8      1.4768238373834388       4.461975116640747E-7
0.30000000000000004       6012                     3.628502815269088        2.3866614277922767E8     1.4768238373834388       4.461975116640747E-7
0.30000000000000004       6048                     3.624391611457933        2.400600494358268E8      1.4768238373834388       4.461975116640747E-7
0.30000000000000004       6084                     3.620280407646778        2.4145395609242612E8     1.4768238373834388       4.461975116640747E-7
0.30000000000000004       6120                     3.616169203835623        2.428478627490253E8      1.4768238373834388       4.461975116640747E-7
0.30000000000000004       6156                     3.611953311058101        2.442413377114651E8      1.4768238373834388       4.461975116640747E-7
0.30000000000000004       6192                     3.6072744669692227       2.456329036534598E8      1.4768238373834388       4.461975116640747E-7
0.30000000000000004       6228                     3.601649042693224        2.4702368580302632E8     1.4768238373834388       4.461975116640747E-7
0.30000000000000004       6264                     3.595147067448132        2.4841302878949896E8     1.4768238373834388       4.461975116640747E-7
0.30000000000000004       6300                     3.5881994870080707       2.49800094691238E8       1.4768238373834388       4.461975116640747E-7
0.30000000000000004       6336                     3.581008574328471        2.511860166511682E8      1.4768238373834388       4.461975116640747E-7
0.30000000000000004       6372                     3.571181861843613        2.5257130196925074E8     1.4768238373834388       4.461975116640747E-7
0.30000000000000004       6408                     3.559755628590166        2.5395484730162E8        1.4768238373834388       4.461975116640747E-7
0.30000000000000004       6444                     3.5483171207472837       2.5533702156654E8        1.4768238373834388       4.461975116640747E-7
0.30000000000000004       6480                     3.5356376868572634       2.5671809351931426E8     1.4768238373834388       4.461975116640747E-7
0.30000000000000004       6516                     3.514153026878           2.5809774488462386E8     1.4768238373834388       4.461975116640747E-7
0.30000000000000004       6552                     3.4925847587123573       2.594754357494924E8      1.4768238373834388       4.461975116640747E-7
0.30000000000000004       6588                     3.4710089353138094       2.6085220866870517E8     1.4768238373834388       4.461975116640747E-7
0.30000000000000004       6624                     3.441734516097484        2.622277863733793E8      1.4768238373834388       4.461975116640747E-7
0.30000000000000004       6660                     3.399501822969574        2.6360154950803128E8     1.4768238373834388       4.461975116640747E-7
0.30000000000000004       6696                     3.3572421174757063       2.6497381700842595E8     1.4768238373834388       4.461975116640747E-7
0.30000000000000004       6732                     3.3149598758428263       2.663450245541564E8      1.4768238373834388       4.461975116640747E-7
0.30000000000000004       6768                     3.246096584647503        2.677149891935787E8      1.4768238373834388       4.461975116640747E-7
0.30000000000000004       6804                     3.1619841481713107       2.690831944161109E8      1.4768238373834388       4.461975116640747E-7
0.30000000000000004       6840.000000000001        3.0777804270389697       2.7044907746199E8        1.4768238373834388       4.461975116640747E-7
0.30000000000000004       6876.000000000001        2.993493164493475        2.71814594618283E8       1.4768238373834388       4.461975116640747E-7
0.30000000000000004       6910.350200156383        2.840699416432616        2.731166187234428E8      1.4768238373834388       4.461975116640747E-7
0.4                       0                        4.118642453287027        -2.3623839601684723E7    1.4768238373834388       5.949300155520996E-7
0.4                       36                       4.108139444166528        -2.1930583830192316E7    1.4768238373834388       5.949300155520996E-7
0.4                       72                       4.103002064847574        -2.0239665995095156E7    1.4768238373834388       5.949300155520996E-7
0.4                       108                      4.098235811771794        -1.8551523762546737E7    1.4768238373834388       5.949300155520996E-7
0.4                       144                      4.093544083089671        -1.6865521078430474E7    1.4768238373834388       5.949300155520996E-7
0.4                       180                      4.088892357322232        -1.5183358809711643E7    1.4768238373834388       5.949300155520996E-7
0.4                       216                      4.084248638446282        -1.350204764193046E7     1.4768238373834388       5.949300155520996E-7
0.4                       252.00000000000003       4.079640530809553        -1.1824132792094301E7    1.4768238373834388       5.949300155520996E-7
0.4                       288                      4.075060397377764        -1.0148743080618024E7    1.4768238373834388       5.949300155520996E-7
0.4                       324                      4.07053622634529         -8478404.908641245       1.4768238373834388       5.949300155520996E-7
0.4                       360                      4.0660120553128145       -6808066.736664429       1.4768238373834388       5.949300155520996E-7
0.4                       396                      4.06148788428034         -5137728.564687658       1.4768238373834388       5.949300155520996E-7
0.4                       432                      4.057336060266722        -3473233.196655401       1.4768238373834388       5.949300155520996E-7
0.4                       468                      4.05329065531321         -1810407.737801153       1.4768238373834388       5.949300155520996E-7
0.4                       504.00000000000006       4.049245250359699        -147582.27894685275      1.4768238373834388       5.949300155520996E-7
0.4                       540                      4.045305832756865        1513763.6952918966       1.4768238373834388       5.949300155520996E-7
0.4                       576                      4.041737490146987        3169929.8085397854       1.4768238373834388       5.949300155520996E-7
0.4                       612                      4.0381691475371095       4826095.92178766         1.4768238373834388       5.949300155520996E-7
0.4                       648                      4.034586917252353        6482134.651484735        1.4768238373834388       5.949300155520996E-7
0.4                       684                      4.030392062993838        8132554.138376766        1.4768238373834388       5.949300155520996E-7
0.4                       720                      4.026197208735322        9782973.625268817        1.4768238373834388       5.949300155520996E-7
0.4                       756                      4.022252982044104        1.143193920654859E7      1.4768238373834388       5.949300155520996E-7
0.4                       792                      4.019044738156594        1.3076635307258397E7     1.4768238373834388       5.949300155520996E-7
0.4                       828                      4.015836494269084        1.4721331407968186E7     1.4768238373834388       5.949300155520996E-7
0.4                       864                      4.012815590573386        1.6363697515975118E7     1.4768238373834388       5.949300155520996E-7
0.4                       900                      4.009992906666935        1.8003598319243923E7     1.4768238373834388       5.949300155520996E-7
0.4                       936                      4.0071293494767595       1.9642916522661015E7     1.4768238373834388       5.949300155520996E-7
0.4                       972.0000000000001        4.003970276204816        2.1278022497215077E7     1.4768238373834388       5.949300155520996E-7
0.4                       1008.0000000000001       4.000811202932874        2.291312847176914E7      1.4768238373834388       5.949300155520996E-7
0.4                       1044                     3.9976204514266804       2.4544629133141838E7     1.4768238373834388       5.949300155520996E-7
0.4                       1080                     3.994419537745999        2.6174973233156193E7     1.4768238373834388       5.949300155520996E-7
0.4                       1116                     3.9911791398381413       2.780161517822295E7      1.4768238373834388       5.949300155520996E-7
0.4                       1152                     3.9878776896640633       2.942253268683449E7      1.4768238373834388       5.949300155520996E-7
0.4                       1188                     3.984576239489985        3.104345019544606E7      1.4768238373834388       5.949300155520996E-7
0.4                       1224                     3.981274789315907        3.2664367704057656E7     1.4768238373834388       5.949300155520996E-7
0.4                       1260.0000000000002       3.9779733391418284       3.42852852126692E7       1.4768238373834388       5.949300155520996E-7
0.4                       1296                     3.9748604704920614       3.5900021195448235E7     1.4768238373834388       5.949300155520996E-7
0.4                       1332                     3.971843043749009        3.751162868186995E7      1.4768238373834388       5.949300155520996E-7
0.4                       1368                     3.9688256170059564       3.912323616829171E7      1.4768238373834388       5.949300155520996E-7
0.4                       1404                     3.965808190262904        4.073484365471345E7      1.4768238373834388       5.949300155520996E-7
0.4                       1440                     3.9627907635198514       4.2346451141135156E7     1.4768238373834388       5.949300155520996E-7
0.4                       1476                     3.9600523715814195       4.394948599126278E7      1.4768238373834388       5.949300155520996E-7
0.4                       1512                     3.9573333158536164       4.555192678538629E7      1.4768238373834388       5.949300155520996E-7
0.4                       1548                     3.9546142601258136       4.715436757950987E7      1.4768238373834388       5.949300155520996E-7
0.4                       1584                     3.9518952043980105       4.8756808373633385E7     1.4768238373834388       5.949300155520996E-7
0.4                       1620                     3.9491739230750453       5.0357373917365536E7     1.4768238373834388       5.949300155520996E-7
0.4                       1656                     3.9464440856509984       5.195073022907998E7      1.4768238373834388       5.949300155520996E-7
0.4                       1692                     3.943714248226952        5.354408654079443E7      1.4768238373834388       5.949300155520996E-7
0.4                       1728                     3.9409844108029053       5.513744285250887E7      1.4768238373834388       5.949300155520996E-7
0.4                       1764                     3.9382545733788583       5.673079916422337E7      1.4768238373834388       5.949300155520996E-7
0.4                       1800                     3.935535139884312        5.832029981736933E7      1.4768238373834388       5.949300155520996E-7
0.4                       1836                     3.9328270838210506       5.990558403571312E7      1.4768238373834388       5.949300155520996E-7
0.4                       1872                     3.9301190277577893       6.149086825405692E7      1.4768238373834388       5.949300155520996E-7
0.4                       1908                     3.927410971694528        6.3076152472400784E7     1.4768238373834388       5.949300155520996E-7
0.4                       1944.0000000000002       3.9247511113266405       6.465984208434548E7      1.4768238373834388       5.949300155520996E-7
0.4                       1980.0000000000002       3.922260388601347        6.623793559553612E7      1.4768238373834388       5.949300155520996E-7
0.4                       2016.0000000000002       3.9197696658760544       6.78160291067268E7       1.4768238373834388       5.949300155520996E-7
0.4                       2052                     3.917278943150761        6.93941226179174E7       1.4768238373834388       5.949300155520996E-7
0.4                       2088                     3.9148667448021905       7.097000180882108E7      1.4768238373834388       5.949300155520996E-7
0.4                       2124                     3.9125766181811223       7.254243868137789E7      1.4768238373834388       5.949300155520996E-7
0.4                       2160                     3.910286491560054        7.411487555393463E7      1.4768238373834388       5.949300155520996E-7
0.4                       2196                     3.9080234577893274       7.568561795730501E7      1.4768238373834388       5.949300155520996E-7
0.4                       2232                     3.9058138941103575       7.725301617865914E7      1.4768238373834388       5.949300155520996E-7
0.4                       2268                     3.903604330431387        7.882041440001342E7      1.4768238373834388       5.949300155520996E-7
0.4                       2304                     3.901382522216241        8.03851711095549E7       1.4768238373834388       5.949300155520996E-7
0.4                       2340                     3.899152086552896        8.194806662108943E7      1.4768238373834388       5.949300155520996E-7
0.4                       2376                     3.89691983876054         8.351046160525563E7      1.4768238373834388       5.949300155520996E-7
0.4                       2412                     3.8946732188933124       8.506888688485527E7      1.4768238373834388       5.949300155520996E-7
0.4                       2448                     3.892426599026085        8.662731216445488E7      1.4768238373834388       5.949300155520996E-7
0.4                       2484                     3.8901322252318646       8.818290564277194E7      1.4768238373834388       5.949300155520996E-7
0.4                       2520.0000000000005       3.887810672399116        8.973688740785398E7      1.4768238373834388       5.949300155520996E-7
0.4                       2556                     3.8854864706128645       9.12906143682645E7       1.4768238373834388       5.949300155520996E-7
0.4                       2592                     3.8831414460090397       9.284233836743626E7      1.4768238373834388       5.949300155520996E-7
0.4                       2628                     3.880784067506307        9.439287403651905E7      1.4768238373834388       5.949300155520996E-7
0.4                       2664                     3.8784128491728405       9.594179773313919E7      1.4768238373834388       5.949300155520996E-7
0.4                       2700                     3.8760274500334972       9.748901224454723E7      1.4768238373834388       5.949300155520996E-7
0.4                       2736                     3.873640588845929        9.90346133553513E7       1.4768238373834388       5.949300155520996E-7
0.4                       2772                     3.8713111770489688       1.0057842982641008E8     1.4768238373834388       5.949300155520996E-7
0.4                       2808                     3.8690108156102654       1.0212054420579946E8     1.4768238373834388       5.949300155520996E-7
0.4                       2844                     3.866733768693793        1.0366092107495256E8     1.4768238373834388       5.949300155520996E-7
0.4                       2880                     3.8644795398243423       1.0519955736815405E8     1.4768238373834388       5.949300155520996E-7
0.4                       2916                     3.8622542905060326       1.0673645969424666E8     1.4768238373834388       5.949300155520996E-7
0.4                       2952                     3.8600748743213864       1.0827162088212436E8     1.4768238373834388       5.949300155520996E-7
0.4                       2988.0000000000005       3.8579328563921416       1.098050445207812E8      1.4768238373834388       5.949300155520996E-7
0.4                       3024                     3.855802966795789        1.113367391183751E8      1.4768238373834388       5.949300155520996E-7
0.4                       3060                     3.853686173484205        1.128667043490053E8      1.4768238373834388       5.949300155520996E-7
0.4                       3096                     3.851595392887759        1.1439494270227644E8     1.4768238373834388       5.949300155520996E-7
0.4                       3132                     3.8495526763584462       1.1592146506570488E8     1.4768238373834388       5.949300155520996E-7
0.4                       3168                     3.8475465113595786       1.174462657551524E8      1.4768238373834388       5.949300155520996E-7
0.4                       3204                     3.845547532629557        1.1896935343007517E8     1.4768238373834388       5.949300155520996E-7
0.4                       3240                     3.843560097020421        1.204907268056909E8      1.4768238373834388       5.949300155520996E-7
0.4                       3276                     3.8415951406393614       1.2201039109224437E8     1.4768238373834388       5.949300155520996E-7
0.4                       3312                     3.839667100928875        1.2352835936594921E8     1.4768238373834388       5.949300155520996E-7
0.4                       3348                     3.8377680646915073       1.2504462445970076E8     1.4768238373834388       5.949300155520996E-7
0.4                       3384                     3.8358784982356235       1.2655919006914218E8     1.4768238373834388       5.949300155520996E-7
0.4                       3420.0000000000005       3.834003209700807        1.2807205528460577E8     1.4768238373834388       5.949300155520996E-7
0.4                       3456                     3.832139273599346        1.295832254978599E8      1.4768238373834388       5.949300155520996E-7
0.4                       3492                     3.830279386217115        1.310927097495801E8      1.4768238373834388       5.949300155520996E-7
0.4                       3528                     3.8284277873245474       1.3260050279169837E8     1.4768238373834388       5.949300155520996E-7
0.4                       3564                     3.8265677925951294       1.3410660539497085E8     1.4768238373834388       5.949300155520996E-7
0.4                       3600                     3.8247049681363583       1.3561101730226308E8     1.4768238373834388       5.949300155520996E-7
0.4                       3636                     3.8228247719754043       1.371137441986574E8      1.4768238373834388       5.949300155520996E-7
0.4                       3672                     3.820908672047169        1.3861479302048725E8     1.4768238373834388       5.949300155520996E-7
0.4                       3708                     3.818968204172735        1.4011415945003057E8     1.4768238373834388       5.949300155520996E-7
0.4                       3744                     3.8170059249321375       1.4161185737995827E8     1.4768238373834388       5.949300155520996E-7
0.4                       3780                     3.8150207801471425       1.4310788108177698E8     1.4768238373834388       5.949300155520996E-7
0.4                       3816                     3.813001593088982        1.4460223928296864E8     1.4768238373834388       5.949300155520996E-7
0.4                       3852                     3.81093815542666         1.460949400407E8         1.4768238373834388       5.949300155520996E-7
0.4                       3888.0000000000005       3.8088378516418606       1.4758597870071042E8     1.4768238373834388       5.949300155520996E-7
0.4                       3924.0000000000005       3.8067146210914697       1.490753810694866E8      1.4768238373834388       5.949300155520996E-7
0.4                       3960.0000000000005       3.8045624116760974       1.5056313594253582E8     1.4768238373834388       5.949300155520996E-7
0.4                       3996.0000000000005       3.8023780911274665       1.5204925031147975E8     1.4768238373834388       5.949300155520996E-7
0.4                       4032.0000000000005       3.800159563739538        1.5353372885420108E8     1.4768238373834388       5.949300155520996E-7
0.4                       4068.0000000000005       3.797909485741355        1.55016570729164E8       1.4768238373834388       5.949300155520996E-7
0.4                       4104                     3.795641915035749        1.5649781233824176E8     1.4768238373834388       5.949300155520996E-7
0.4                       4140.000000000001        3.793350571808994        1.5797743742033285E8     1.4768238373834388       5.949300155520996E-7
0.4                       4176                     3.7910354560610906       1.5945544597543728E8     1.4768238373834388       5.949300155520996E-7
0.4                       4212                     3.7886965677920377       1.6093183800355515E8     1.4768238373834388       5.949300155520996E-7
0.4                       4248                     3.7863356606159795       1.6240661840014175E8     1.4768238373834388       5.949300155520996E-7
0.4                       4284                     3.78396417288401         1.638798190969296E8      1.4768238373834388       5.949300155520996E-7
0.4                       4320                     3.7815737053972835       1.6535141664639822E8     1.4768238373834388       5.949300155520996E-7
0.4                       4356                     3.7791642581558          1.6682141104854757E8     1.4768238373834388       5.949300155520996E-7
0.4                       4392                     3.776735831159559        1.6828980230337784E8     1.4768238373834388       5.949300155520996E-7
0.4                       4428                     3.774292405814503        1.697565996688857E8      1.4768238373834388       5.949300155520996E-7
0.4                       4464                     3.77185126549589         1.7122184333424884E8     1.4768238373834388       5.949300155520996E-7
0.4                       4500                     3.769399112029965        1.7268550237711224E8     1.4768238373834388       5.949300155520996E-7
0.4                       4536                     3.766935945416727        1.741475767974757E8      1.4768238373834388       5.949300155520996E-7
0.4                       4572                     3.764461765656176        1.756080665953394E8      1.4768238373834388       5.949300155520996E-7
0.4                       4608                     3.761978556112355        1.7706698292355523E8     1.4768238373834388       5.949300155520996E-7
0.4                       4644                     3.7594923873355444       1.785243599180401E8      1.4768238373834388       5.949300155520996E-7
0.4                       4680                     3.7569983229268686       1.79980169820437E8       1.4768238373834388       5.949300155520996E-7
0.4                       4716                     3.7544963628863273       1.814344126307462E8      1.4768238373834388       5.949300155520996E-7
0.4                       4752                     3.7519865072139207       1.828870883489673E8      1.4768238373834388       5.949300155520996E-7
0.4                       4788                     3.749464858779517        1.843382101998124E8      1.4768238373834388       5.949300155520996E-7
0.4                       4824                     3.746922771369237        1.8578780752376592E8     1.4768238373834388       5.949300155520996E-7
0.4                       4860                     3.744367761088971        1.8723585481530684E8     1.4768238373834388       5.949300155520996E-7
0.4                       4896                     3.741799827938718        1.886823520744354E8      1.4768238373834388       5.949300155520996E-7
0.4                       4932                     3.7392189719184783       1.9012729930115145E8     1.4768238373834388       5.949300155520996E-7
0.4                       4968                     3.736600024812735        1.9157071181599608E8     1.4768238373834388       5.949300155520996E-7
0.4                       5004                     3.733902153414064        1.9301261447519404E8     1.4768238373834388       5.949300155520996E-7
0.4                       5040.000000000001        3.7311639060089137       1.9445298381341073E8     1.4768238373834388       5.949300155520996E-7
0.4                       5076                     3.7283852825972845       1.958918198306461E8      1.4768238373834388       5.949300155520996E-7
0.4                       5112                     3.725566283179176        1.9732912252690035E8     1.4768238373834388       5.949300155520996E-7
0.4                       5148                     3.722637353759164        1.987649089978192E8      1.4768238373834388       5.949300155520996E-7
0.4                       5184                     3.7195165588856973       2.001991993822815E8      1.4768238373834388       5.949300155520996E-7
0.4                       5220                     3.716289826792152        2.016319725600245E8      1.4768238373834388       5.949300155520996E-7
0.4                       5256                     3.712957157478527        2.0306322853104818E8     1.4768238373834388       5.949300155520996E-7
0.4                       5292                     3.7095185509448223       2.0449296729535237E8     1.4768238373834388       5.949300155520996E-7
0.4                       5328                     3.7059341110523376       2.0592120558489046E8     1.4768238373834388       5.949300155520996E-7
0.4                       5364                     3.7021705688340028       2.0734795735226068E8     1.4768238373834388       5.949300155520996E-7
0.4                       5400                     3.6982680517793325       2.08773205768484E8       1.4768238373834388       5.949300155520996E-7
0.4                       5436                     3.6942265598883264       2.1019695083356076E8     1.4768238373834388       5.949300155520996E-7
0.4                       5472                     3.6900460931609844       2.116191925474908E8      1.4768238373834388       5.949300155520996E-7
0.4                       5508                     3.685892515064792        2.1303996878600258E8     1.4768238373834388       5.949300155520996E-7
0.4                       5544                     3.681662222675686        2.144592558908653E8      1.4768238373834388       5.949300155520996E-7
0.4                       5580                     3.6773542740863654       2.158770536469898E8      1.4768238373834388       5.949300155520996E-7
0.4                       5616                     3.67296866929683         2.1729336205437583E8     1.4768238373834388       5.949300155520996E-7
0.4                       5652                     3.668650822128286        2.1870819791437596E8     1.4768238373834388       5.949300155520996E-7
0.4                       5688                     3.6644630436674808       2.2012156842651588E8     1.4768238373834388       5.949300155520996E-7
0.4                       5724                     3.660305738736476        2.2153346208340463E8     1.4768238373834388       5.949300155520996E-7
0.4                       5760                     3.656178907335271        2.22943878885042E8       1.4768238373834388       5.949300155520996E-7
0.4                       5796                     3.6521040709814923       2.243522781158477E8      1.4768238373834388       5.949300155520996E-7
0.4                       5832                     3.648277135540681        2.2575412332589865E8     1.4768238373834388       5.949300155520996E-7
0.4                       5868                     3.6444502000998695       2.2715596853594953E8     1.4768238373834388       5.949300155520996E-7
0.4                       5904                     3.6406232646590584       2.2855781374600035E8     1.4768238373834388       5.949300155520996E-7
0.4                       5940.000000000001        3.6367963292182472       2.2995965895605135E8     1.4768238373834388       5.949300155520996E-7
0.4                       5976.000000000001        3.6329409173100773       2.3135785338435578E8     1.4768238373834388       5.949300155520996E-7
0.4                       6012                     3.629068768096524        2.3275390203213856E8     1.4768238373834388       5.949300155520996E-7
0.4                       6048                     3.6251966188829705       2.3414995067992145E8     1.4768238373834388       5.949300155520996E-7
0.4                       6084                     3.621324469669417        2.355459993277045E8      1.4768238373834388       5.949300155520996E-7
0.4                       6120                     3.617084859745324        2.3694029212024766E8     1.4768238373834388       5.949300155520996E-7
0.4                       6156                     3.6126208302820983       2.3833351255808085E8     1.4768238373834388       5.949300155520996E-7
0.4                       6192                     3.6076078588049536       2.3972486548325896E8     1.4768238373834388       5.949300155520996E-7
0.4                       6228                     3.6023202811139243       2.4111528419213247E8     1.4768238373834388       5.949300155520996E-7
0.4                       6264                     3.5961078880022876       2.42503990502508E8       1.4768238373834388       5.949300155520996E-7
0.4                       6300                     3.5895087106726904       2.438919227226789E8      1.4768238373834388       5.949300155520996E-7
0.4                       6336                     3.5826147544514866       2.4527801662573633E8     1.4768238373834388       5.949300155520996E-7
0.4                       6372                     3.572921112606209        2.4666342461996475E8     1.4768238373834388       5.949300155520996E-7
0.4                       6408                     3.5615078624716174       2.480474144758932E8      1.4768238373834388       5.949300155520996E-7
0.4                       6444                     3.550082165438448        2.4942957320737094E8     1.4768238373834388       5.949300155520996E-7
0.4                       6480                     3.538202783112525        2.508107127028464E8      1.4768238373834388       5.949300155520996E-7
0.4                       6516                     3.5175652899078185       2.5219052567614236E8     1.4768238373834388       5.949300155520996E-7
0.4                       6552                     3.4960199406260064       2.5356845714223817E8     1.4768238373834388       5.949300155520996E-7
0.4                       6588                     3.47446538533572         2.5494519029247743E8     1.4768238373834388       5.949300155520996E-7
0.4                       6624                     3.4485555872073497       2.5632081653126127E8     1.4768238373834388       5.949300155520996E-7
0.4                       6660                     3.4063889116663404       2.576948602273939E8      1.4768238373834388       5.949300155520996E-7
0.4                       6696                     3.364165041071978        2.590668103666738E8      1.4768238373834388       5.949300155520996E-7
0.4                       6732                     3.3219252121102816       2.6043793492576325E8     1.4768238373834388       5.949300155520996E-7
0.4                       6768                     3.260061992156013        2.618079728305098E8      1.4768238373834388       5.949300155520996E-7
0.4                       6804                     3.1760306220492276       2.6317622670565224E8     1.4768238373834388       5.949300155520996E-7
0.4                       6840.000000000001        3.091945704026443        2.645431455099247E8      1.4768238373834388       5.949300155520996E-7
0.4                       6876.000000000001        3.007798146878536        2.6590892883628297E8     1.4768238373834388       5.949300155520996E-7
0.4                       6907.12897597211         2.884467366930471        2.670890002422135E8      1.4768238373834388       5.949300155520996E-7
0.5                       0                        4.118628717147566        -2.953030076102929E7     1.4768238373834388       7.436625194401244E-7
0.5                       36                       4.108120089611058        -2.78371495112397E7      1.4768238373834388       7.436625194401244E-7
0.5                       72                       4.102983566262856        -2.61463347484684E7      1.4768238373834388       7.436625194401244E-7
0.5                       108                      4.098218753617946        -2.445829389140433E7     1.4768238373834388       7.436625194401244E-7
0.5                       144                      4.093528637227375        -2.2772391282223575E7    1.4768238373834388       7.436625194401244E-7
0.5                       180                      4.088878581935906        -2.109032676780848E7     1.4768238373834388       7.436625194401244E-7
0.5                       216                      4.084236523445294        -1.9409112841434717E7    1.4768238373834388       7.436625194401244E-7
0.5                       252.00000000000003       4.079629977298492        -1.7731293190665122E7    1.4768238373834388       7.436625194401244E-7
0.5                       288                      4.075051330985131        -1.6055997165864078E7    1.4768238373834388       7.436625194401244E-7
0.5                       324                      4.070528498290895        -1.4385749655023387E7    1.4768238373834388       7.436625194401244E-7
0.5                       360                      4.066005665596659        -1.2715502144182693E7    1.4768238373834388       7.436625194401244E-7
0.5                       396                      4.061482832902423        -1.1045254633341998E7    1.4768238373834388       7.436625194401244E-7
0.5                       432                      4.05733149975216         -9380846.453758538       1.4768238373834388       7.436625194401244E-7
0.5                       468                      4.053286343448488        -7718107.190837708       1.4768238373834388       7.436625194401244E-7
0.5                       504.00000000000006       4.049241187144816        -6055367.927916923       1.4768238373834388       7.436625194401244E-7
0.5                       540                      4.0453022068615905       -4394107.267188336       1.4768238373834388       7.436625194401244E-7
0.5                       576                      4.04173496212782         -2738023.3779758783      1.4768238373834388       7.436625194401244E-7
0.5                       612                      4.03816771739405         -1081939.4887634197      1.4768238373834388       7.436625194401244E-7
0.5                       648                      4.034586634442366        574011.9834455918        1.4768238373834388       7.436625194401244E-7
0.5                       684                      4.030395109201242        2224122.1732539027       1.4768238373834388       7.436625194401244E-7
0.5                       720                      4.026203583960118        3874232.363062154        1.4768238373834388       7.436625194401244E-7
0.5                       756                      4.022161209988683        5523497.213375833        1.4768238373834388       7.436625194401244E-7
0.5                       792                      4.01901881442884         7167661.287161117        1.4768238373834388       7.436625194401244E-7
0.5                       828                      4.015876418868997        8811825.360946406        1.4768238373834388       7.436625194401244E-7
0.5                       864                      4.012810320560372        1.04547015002832E7       1.4768238373834388       7.436625194401244E-7
0.5                       900                      4.009958950752155        1.209395291882959E7      1.4768238373834388       7.436625194401244E-7
0.5                       936                      4.00710758094394         1.3733204337376026E7     1.4768238373834388       7.436625194401244E-7
0.5                       972.0000000000001        4.0039912185083155       1.5368345775978364E7     1.4768238373834388       7.436625194401244E-7
0.5                       1008.0000000000001       4.000822496990427        1.7002675136221692E7     1.4768238373834388       7.436625194401244E-7
0.5                       1044                     3.9976283133851176       1.863501481629981E7      1.4768238373834388       7.436625194401244E-7
0.5                       1080                     3.994397163097105        2.0264465814309776E7     1.4768238373834388       7.436625194401244E-7
0.5                       1116                     3.9911660128090922       2.189391681231977E7      1.4768238373834388       7.436625194401244E-7
0.5                       1152                     3.9878724334391893       2.3513897201933794E7     1.4768238373834388       7.436625194401244E-7
0.5                       1188                     3.9845776257361467       2.5133691251114834E7     1.4768238373834388       7.436625194401244E-7
0.5                       1224                     3.9812828180331037       2.6753485300295897E7     1.4768238373834388       7.436625194401244E-7
0.5                       1260.0000000000002       3.977988010330061        2.837327934947694E7      1.4768238373834388       7.436625194401244E-7
0.5                       1296                     3.9747389067647876       2.9991868246213634E7     1.4768238373834388       7.436625194401244E-7
0.5                       1332                     3.9718056951190057       3.160212752691267E7      1.4768238373834388       7.436625194401244E-7
0.5                       1368                     3.9688724834732243       3.3212386807611715E7     1.4768238373834388       7.436625194401244E-7
0.5                       1404                     3.965939271827443        3.482264608831076E7      1.4768238373834388       7.436625194401244E-7
0.5                       1440                     3.963006060181661        3.643290536900979E7      1.4768238373834388       7.436625194401244E-7
0.5                       1476                     3.9601220988499737       3.804061032179551E7      1.4768238373834388       7.436625194401244E-7
0.5                       1512                     3.9573698965567954       3.9641481698063195E7     1.4768238373834388       7.436625194401244E-7
0.5                       1548                     3.954617694263617        4.124235307433087E7      1.4768238373834388       7.436625194401244E-7
0.5                       1584                     3.951865491970439        4.284322445059854E7      1.4768238373834388       7.436625194401244E-7
0.5                       1620                     3.949113289677261        4.444409582686622E7      1.4768238373834388       7.436625194401244E-7
0.5                       1656                     3.946383625401893        4.604108181520657E7      1.4768238373834388       7.436625194401244E-7
0.5                       1692                     3.9436853703749173       4.763265308094189E7      1.4768238373834388       7.436625194401244E-7
0.5                       1728                     3.940987115347941        4.9224224346677296E7     1.4768238373834388       7.436625194401244E-7
0.5                       1764                     3.938288860320965        5.081579561241265E7      1.4768238373834388       7.436625194401244E-7
0.5                       1800                     3.935590605293989        5.2407366878148034E7     1.4768238373834388       7.436625194401244E-7
0.5                       1836                     3.9328785018267594       5.3994284566562794E7     1.4768238373834388       7.436625194401244E-7
0.5                       1872                     3.930155669742779        5.557759705131031E7      1.4768238373834388       7.436625194401244E-7
0.5                       1908                     3.9274328376587992       5.716090953605777E7      1.4768238373834388       7.436625194401244E-7
0.5                       1944.0000000000002       3.924710005574819        5.874422202080523E7      1.4768238373834388       7.436625194401244E-7
0.5                       1980.0000000000002       3.9220528926633107       6.03261196843456E7       1.4768238373834388       7.436625194401244E-7
0.5                       2016.0000000000002       3.9196677874880437       6.190216148727116E7      1.4768238373834388       7.436625194401244E-7
0.5                       2052                     3.9172826823127767       6.3478203290196605E7     1.4768238373834388       7.436625194401244E-7
0.5                       2088                     3.914897577137509        6.505424509312217E7      1.4768238373834388       7.436625194401244E-7
0.5                       2124                     3.912554898271314        6.6628634309410684E7     1.4768238373834388       7.436625194401244E-7
0.5                       2160                     3.910309402847726        6.81992380430094E7       1.4768238373834388       7.436625194401244E-7
0.5                       2196                     3.9080639074241383       6.97698417766081E7       1.4768238373834388       7.436625194401244E-7
0.5                       2232                     3.905829385176648        7.133872178009605E7      1.4768238373834388       7.436625194401244E-7
0.5                       2268                     3.903614728619049        7.29044811658585E7       1.4768238373834388       7.436625194401244E-7
0.5                       2304                     3.901400072061449        7.447024055162092E7      1.4768238373834388       7.436625194401244E-7
0.5                       2340                     3.8991714239242823       7.603261837538277E7      1.4768238373834388       7.436625194401244E-7
0.5                       2376                     3.8969368522467986       7.759356456530046E7      1.4768238373834388       7.436625194401244E-7
0.5                       2412                     3.8946998997438564       7.915427547633375E7      1.4768238373834388       7.436625194401244E-7
0.5                       2448                     3.8924170338495903       8.07104491158742E7       1.4768238373834388       7.436625194401244E-7
0.5                       2484                     3.8901341679553245       8.226662275541463E7      1.4768238373834388       7.436625194401244E-7
0.5                       2520.0000000000005       3.887833307969891        8.382091706589615E7      1.4768238373834388       7.436625194401244E-7
0.5                       2556                     3.885505006588938        8.53723453571085E7       1.4768238373834388       7.436625194401244E-7
0.5                       2592                     3.883176705207985        8.692377364832085E7      1.4768238373834388       7.436625194401244E-7
0.5                       2628                     3.8808189895945415       8.847170465582976E7      1.4768238373834388       7.436625194401244E-7
0.5                       2664                     3.878451087686716        9.00184245366723E7       1.4768238373834388       7.436625194401244E-7
0.5                       2700                     3.8760853926434566       9.156472513024624E7      1.4768238373834388       7.436625194401244E-7
0.5                       2736                     3.873742145280158        9.310676083753459E7      1.4768238373834388       7.436625194401244E-7
0.5                       2772                     3.8713988979168596       9.464879654482296E7      1.4768238373834388       7.436625194401244E-7
0.5                       2808                     3.8690970774467903       9.61888087466082E7       1.4768238373834388       7.436625194401244E-7
0.5                       2844                     3.866848791622437        9.772620603711794E7      1.4768238373834388       7.436625194401244E-7
0.5                       2880                     3.8646005057980837       9.92636033276276E7       1.4768238373834388       7.436625194401244E-7
0.5                       2916                     3.8624114663640414       1.0079738438977042E8     1.4768238373834388       7.436625194401244E-7
0.5                       2952                     3.8602388476953244       1.0233016317587472E8     1.4768238373834388       7.436625194401244E-7
0.5                       2988.0000000000005       3.858073667959097        1.0386234802487047E8     1.4768238373834388       7.436625194401244E-7
0.5                       3024                     3.8559583933343826       1.0539054836430374E8     1.4768238373834388       7.436625194401244E-7
0.5                       3060                     3.853843118709668        1.0691874870373704E8     1.4768238373834388       7.436625194401244E-7
0.5                       3096                     3.8517713204173014       1.084447799473956E8      1.4768238373834388       7.436625194401244E-7
0.5                       3132                     3.849747294004531        1.099684277843456E8      1.4768238373834388       7.436625194401244E-7
0.5                       3168                     3.847723267591761        1.1149207562129548E8     1.4768238373834388       7.436625194401244E-7
0.5                       3204                     3.84571766308988         1.130140930209268E8      1.4768238373834388       7.436625194401244E-7
0.5                       3240                     3.843727751253965        1.1453472153596453E8     1.4768238373834388       7.436625194401244E-7
0.5                       3276                     3.8417537284642687       1.1605412194904767E8     1.4768238373834388       7.436625194401244E-7
0.5                       3312                     3.8398146574786995       1.1757173364151132E8     1.4768238373834388       7.436625194401244E-7
0.5                       3348                     3.8379010284791932       1.1908783628860153E8     1.4768238373834388       7.436625194401244E-7
0.5                       3384                     3.836007206397114        1.2060232815992749E8     1.4768238373834388       7.436625194401244E-7
0.5                       3420.0000000000005       3.8341283367384205       1.221151216168802E8      1.4768238373834388       7.436625194401244E-7
0.5                       3456                     3.8322680279211676       1.2362628180254908E8     1.4768238373834388       7.436625194401244E-7
0.5                       3492                     3.8304015025420783       1.2513575507965364E8     1.4768238373834388       7.436625194401244E-7
0.5                       3528                     3.8285344123988656       1.2664355368301351E8     1.4768238373834388       7.436625194401244E-7
0.5                       3564                     3.826667951166933        1.2814968083575305E8     1.4768238373834388       7.436625194401244E-7
0.5                       3600                     3.8247944333094908       1.2965412294868274E8     1.4768238373834388       7.436625194401244E-7
0.5                       3636                     3.8229178000906137       1.3115688699055237E8     1.4768238373834388       7.436625194401244E-7
0.5                       3672                     3.8210148326126854       1.3265797273239538E8     1.4768238373834388       7.436625194401244E-7
0.5                       3708                     3.8190700535642166       1.341573800215863E8      1.4768238373834388       7.436625194401244E-7
0.5                       3744                     3.817096182818809        1.3565510898355877E8     1.4768238373834388       7.436625194401244E-7
0.5                       3780                     3.8150999498945533       1.3715118232729352E8     1.4768238373834388       7.436625194401244E-7
0.5                       3816                     3.8130793287095246       1.386455932157103E8      1.4768238373834388       7.436625194401244E-7
0.5                       3852                     3.811030834337617        1.4013834285633975E8     1.4768238373834388       7.436625194401244E-7
0.5                       3888.0000000000005       3.8089434394503394       1.4162944220067495E8     1.4768238373834388       7.436625194401244E-7
0.5                       3924.0000000000005       3.8068229721675295       1.431188854606763E8      1.4768238373834388       7.436625194401244E-7
0.5                       3960.0000000000005       3.804670265651964        1.4460668816387936E8     1.4768238373834388       7.436625194401244E-7
0.5                       3996.0000000000005       3.802485734540981        1.4609285803782097E8     1.4768238373834388       7.436625194401244E-7
0.5                       4032.0000000000005       3.8002689896121526       1.4757738782861832E8     1.4768238373834388       7.436625194401244E-7
0.5                       4068.0000000000005       3.7980320754249575       1.4906029836412787E8     1.4768238373834388       7.436625194401244E-7
0.5                       4104                     3.795770560150992        1.505415819806833E8      1.4768238373834388       7.436625194401244E-7
0.5                       4140.000000000001        3.793484407397154        1.5202124179874778E8     1.4768238373834388       7.436625194401244E-7
0.5                       4176                     3.7911750363270436       1.5349928966387224E8     1.4768238373834388       7.436625194401244E-7
0.5                       4212                     3.788841671445825        1.5497571910311502E8     1.4768238373834388       7.436625194401244E-7
0.5                       4248                     3.7864892855605716       1.5645055239354074E8     1.4768238373834388       7.436625194401244E-7
0.5                       4284                     3.784119618272856        1.5792379732817602E8     1.4768238373834388       7.436625194401244E-7
0.5                       4320                     3.781730699654656        1.593954450821833E8      1.4768238373834388       7.436625194401244E-7
0.5                       4356                     3.7793225297059716       1.6086549565556252E8     1.4768238373834388       7.436625194401244E-7
0.5                       4392                     3.7768951084268028       1.623339490483138E8      1.4768238373834388       7.436625194401244E-7
0.5                       4428                     3.7744562624860993       1.6380081824592558E8     1.4768238373834388       7.436625194401244E-7
0.5                       4464                     3.7720195845655624       1.652661258004712E8      1.4768238373834388       7.436625194401244E-7
0.5                       4500                     3.7695720495680427       1.667298501015758E8      1.4768238373834388       7.436625194401244E-7
0.5                       4536                     3.76711365749354         1.681919911492397E8      1.4768238373834388       7.436625194401244E-7
0.5                       4572                     3.764644408342054        1.6965254894346237E8     1.4768238373834388       7.436625194401244E-7
0.5                       4608                     3.7621644841449497       1.711115246485541E8      1.4768238373834388       7.436625194401244E-7
0.5                       4644                     3.7596824638410316       1.7256897313716352E8     1.4768238373834388       7.436625194401244E-7
0.5                       4680                     3.7571924009127113       1.7402485637414682E8     1.4768238373834388       7.436625194401244E-7
0.5                       4716                     3.7546942953599904       1.7547917435950404E8     1.4768238373834388       7.436625194401244E-7
0.5                       4752                     3.7521881471828684       1.7693192709323516E8     1.4768238373834388       7.436625194401244E-7
0.5                       4788                     3.749673956381345        1.783831145753402E8      1.4768238373834388       7.436625194401244E-7
0.5                       4824                     3.7471378176192953       1.798327754706719E8      1.4768238373834388       7.436625194401244E-7
0.5                       4860                     3.7445826436432568       1.812809016801151E8      1.4768238373834388       7.436625194401244E-7
0.5                       4896                     3.742012995137734        1.8272748052233705E8     1.4768238373834388       7.436625194401244E-7
0.5                       4932                     3.739428872102728        1.8417251199733806E8     1.4768238373834388       7.436625194401244E-7
0.5                       4968                     3.736830274538238        1.8561599610511786E8     1.4768238373834388       7.436625194401244E-7
0.5                       5004                     3.7341731053129106       1.870579537777522E8      1.4768238373834388       7.436625194401244E-7
0.5                       5040.000000000001        3.7314118555978917       1.88498406617423E8       1.4768238373834388       7.436625194401244E-7
0.5                       5076                     3.72859862149489         1.8993732989509442E8     1.4768238373834388       7.436625194401244E-7
0.5                       5112                     3.725733403003906        1.913747236107664E8      1.4768238373834388       7.436625194401244E-7
0.5                       5148                     3.722816200124939        1.9281058776443896E8     1.4768238373834388       7.436625194401244E-7
0.5                       5184                     3.7198298180922786       1.942449272631348E8      1.4768238373834388       7.436625194401244E-7
0.5                       5220                     3.7166108749888056       1.95677788732601E8       1.4768238373834388       7.436625194401244E-7
0.5                       5256                     3.7132792433124644       1.9710913796375954E8     1.4768238373834388       7.436625194401244E-7
0.5                       5292                     3.7098349230632546       1.9853897495661014E8     1.4768238373834388       7.436625194401244E-7
0.5                       5328                     3.706277914241177        1.9996729971115315E8     1.4768238373834388       7.436625194401244E-7
0.5                       5364                     3.702608216846231        2.0139411222738823E8     1.4768238373834388       7.436625194401244E-7
0.5                       5400                     3.6987755907211044       2.0281944836939442E8     1.4768238373834388       7.436625194401244E-7
0.5                       5436                     3.694799031195081        2.0424329457730168E8     1.4768238373834388       7.436625194401244E-7
0.5                       5472                     3.6906891614490247       2.056656432677225E8      1.4768238373834388       7.436625194401244E-7
0.5                       5508                     3.686445981482936        2.0708649444065687E8     1.4768238373834388       7.436625194401244E-7
0.5                       5544                     3.6820749318047707       2.0850584888062876E8     1.4768238373834388       7.436625194401244E-7
0.5                       5580                     3.677861145386298        2.099237477039644E8      1.4768238373834388       7.436625194401244E-7
0.5                       5616                     3.6736157636877573       2.113401636771618E8      1.4768238373834388       7.436625194401244E-7
0.5                       5652                     3.669338786709147        2.1275509680022126E8     1.4768238373834388       7.436625194401244E-7
0.5                       5688                     3.6650302144504674       2.1416854707314253E8     1.4768238373834388       7.436625194401244E-7
0.5                       5724                     3.6607491546778372       2.1558052187337506E8     1.4768238373834388       7.436625194401244E-7
0.5                       5760                     3.6566767836436833       2.1699104381416726E8     1.4768238373834388       7.436625194401244E-7
0.5                       5796                     3.652668336630807        2.184000948269233E8      1.4768238373834388       7.436625194401244E-7
0.5                       5832                     3.648723813639208        2.198076749116427E8      1.4768238373834388       7.436625194401244E-7
0.5                       5868                     3.6448432146688865       2.2121378406832588E8     1.4768238373834388       7.436625194401244E-7
0.5                       5904                     3.640986281823637        2.22618450810924E8       1.4768238373834388       7.436625194401244E-7
0.5                       5940.000000000001        3.637176165482805        2.240216587424354E8      1.4768238373834388       7.436625194401244E-7
0.5                       5976.000000000001        3.6334140626127          2.2542340701507032E8     1.4768238373834388       7.436625194401244E-7
0.5                       6012                     3.629699973213323        2.2682369562882856E8     1.4768238373834388       7.436625194401244E-7
0.5                       6048                     3.6257860101748745       2.2822254001014325E8     1.4768238373834388       7.436625194401244E-7
0.5                       6084                     3.621681787893343        2.296199395606944E8      1.4768238373834388       7.436625194401244E-7
0.5                       6120                     3.6174793057534624       2.3101588855520505E8     1.4768238373834388       7.436625194401244E-7
0.5                       6156                     3.6131785637552305       2.3241038699367517E8     1.4768238373834388       7.436625194401244E-7
0.5                       6192                     3.608462863311273        2.338034419996564E8      1.4768238373834388       7.436625194401244E-7
0.5                       6228                     3.602939197216082        2.3519506241312298E8     1.4768238373834388       7.436625194401244E-7
0.5                       6264                     3.596979836259669        2.3658523986052853E8     1.4768238373834388       7.436625194401244E-7
0.5                       6300                     3.5903893520367225       2.379739817137546E8      1.4768238373834388       7.436625194401244E-7
0.5                       6336                     3.5831897133088084       2.3936128714410356E8     1.4768238373834388       7.436625194401244E-7
0.5                       6372                     3.5749566749141146       2.407471568241005E8      1.4768238373834388       7.436625194401244E-7
0.5                       6408                     3.5636704204522474       2.421315990646295E8      1.4768238373834388       7.436625194401244E-7
0.5                       6444                     3.5518448180464466       2.435146115116629E8      1.4768238373834388       7.436625194401244E-7
0.5                       6480                     3.5395327941298986       2.4489598373929602E8     1.4768238373834388       7.436625194401244E-7
0.5                       6516                     3.5209649472743907       2.462758479652428E8      1.4768238373834388       7.436625194401244E-7
0.5                       6552                     3.4994409377033437       2.4765388190007225E8     1.4768238373834388       7.436625194401244E-7
0.5                       6588                     3.4779061241137645       2.490304346902758E8      1.4768238373834388       7.436625194401244E-7
0.5                       6624                     3.455327020888627        2.5040597430427647E8     1.4768238373834388       7.436625194401244E-7
0.5                       6660                     3.413241037945641        2.517801452868321E8      1.4768238373834388       7.436625194401244E-7
0.5                       6696                     3.371060635429887        2.5315230282683742E8     1.4768238373834388       7.436625194401244E-7
0.5                       6732                     3.328863780558626        2.5452360586606354E8     1.4768238373834388       7.436625194401244E-7
0.5                       6768                     3.273969390528918        2.5589372837735176E8     1.4768238373834388       7.436625194401244E-7
0.5                       6804                     3.1900258056967634       2.5726216491026884E8     1.4768238373834388       7.436625194401244E-7
0.5                       6840.000000000001        3.106001314032851        2.5862848194658536E8     1.4768238373834388       7.436625194401244E-7
0.5                       6876.000000000001        3.0206549205626634       2.5999407335604447E8     1.4768238373834388       7.436625194401244E-7
0.5                       6912                     2.8901699607483606       2.6135866953202367E8     1.4768238373834388       7.436625194401244E-7
0.6000000000000001        0                        4.11861493330836         -3.5436761920390695E7    1.4768238373834388       8.923950233281494E-7
0.6000000000000001        36                       4.1081006244724465       -3.374371549580263E7     1.4768238373834388       8.923950233281494E-7
0.6000000000000001        72                       4.102964948749247        -3.2053004110582232E7    1.4768238373834388       8.923950233281494E-7
0.6000000000000001        108                      4.098201573492597        -3.036506493598693E7     1.4768238373834388       8.923950233281494E-7
0.6000000000000001        144                      4.093513066429835        -2.867926271006672E7     1.4768238373834388       8.923950233281494E-7
0.6000000000000001        180                      4.0888646790719765       -2.699729626069499E7     1.4768238373834388       8.923950233281494E-7
0.6000000000000001        216                      4.084224278541006        -2.531617988700266E7     1.4768238373834388       8.923950233281494E-7
0.6000000000000001        252.00000000000003       4.079619291959964        -2.3638455748704534E7    1.4768238373834388       8.923950233281494E-7
0.6000000000000001        288                      4.0750421310692495       -2.19632537255674E7      1.4768238373834388       8.923950233281494E-7
0.6000000000000001        324                      4.070520635474354        -2.0293097194020137E7    1.4768238373834388       8.923950233281494E-7
0.6000000000000001        360                      4.065999139879459        -1.8622940662472818E7    1.4768238373834388       8.923950233281494E-7
0.6000000000000001        396                      4.0614776442845635       -1.695278413092555E7     1.4768238373834388       8.923950233281494E-7
0.6000000000000001        432                      4.057326801860167        -1.528846346161484E7     1.4768238373834388       8.923950233281494E-7
0.6000000000000001        468                      4.053281894383636        -1.362581071749933E7     1.4768238373834388       8.923950233281494E-7
0.6000000000000001        504.00000000000006       4.049236986907105        -1.1963157973383915E7    1.4768238373834388       8.923950233281494E-7
0.6000000000000001        540                      4.045283260804675        -1.030214691236687E7     1.4768238373834388       8.923950233281494E-7
0.6000000000000001        576                      4.041648772116297        -8646883.589549854       1.4768238373834388       8.923950233281494E-7
0.6000000000000001        612                      4.038014283427917        -6991620.266732795       1.4768238373834388       8.923950233281494E-7
0.6000000000000001        648                      4.034379794739539        -5336356.943915737       1.4768238373834388       8.923950233281494E-7
0.6000000000000001        684                      4.030411437260661        -3685359.055013416       1.4768238373834388       8.923950233281494E-7
0.6000000000000001        720                      4.026276103649458        -2036494.416292112       1.4768238373834388       8.923950233281494E-7
0.6000000000000001        756                      4.022140770038255        -387629.77757082396      1.4768238373834388       8.923950233281494E-7
0.6000000000000001        792                      4.018703729552215        1257929.5429542053       1.4768238373834388       8.923950233281494E-7
0.6000000000000001        828                      4.015775555553785        2901080.182081115        1.4768238373834388       8.923950233281494E-7
0.6000000000000001        864                      4.012847381555354        4544230.82120803         1.4768238373834388       8.923950233281494E-7
0.6000000000000001        900                      4.0098963463682695       6182888.2230640035       1.4768238373834388       8.923950233281494E-7
0.6000000000000001        936                      4.0069395645345525       7820416.154041545        1.4768238373834388       8.923950233281494E-7
0.6000000000000001        972.0000000000001        4.003978814828118        9457833.008609384        1.4768238373834388       8.923950233281494E-7
0.6000000000000001        1008.0000000000001       4.000821503878972        1.1089747338604676E7     1.4768238373834388       8.923950233281494E-7
0.6000000000000001        1044                     3.9976641929298253       1.2721661668599937E7     1.4768238373834388       8.923950233281494E-7
0.6000000000000001        1080                     3.994470484968109        1.4352237903054593E7     1.4768238373834388       8.923950233281494E-7
0.6000000000000001        1116                     3.9911618040595034       1.5978587285450324E7     1.4768238373834388       8.923950233281494E-7
0.6000000000000001        1152                     3.9878531231508973       1.760493666784606E7      1.4768238373834388       8.923950233281494E-7
0.6000000000000001        1188                     3.984565848761854        1.9226218037889108E7     1.4768238373834388       8.923950233281494E-7
0.6000000000000001        1224                     3.981303591301245        2.08415766281005E7       1.4768238373834388       8.923950233281494E-7
0.6000000000000001        1260.0000000000002       3.9780413338406357       2.2456935218311884E7     1.4768238373834388       8.923950233281494E-7
0.6000000000000001        1296                     3.9747790763800266       2.4072293808523238E7     1.4768238373834388       8.923950233281494E-7
0.6000000000000001        1332                     3.9715168189194174       2.568765239873464E7      1.4768238373834388       8.923950233281494E-7
0.6000000000000001        1368                     3.9682545614588083       2.7303010988945983E7     1.4768238373834388       8.923950233281494E-7
0.6000000000000001        1404                     3.9655275413764883       2.890957391766531E7      1.4768238373834388       8.923950233281494E-7
0.6000000000000001        1440                     3.9628583830033723       3.051518599349558E7      1.4768238373834388       8.923950233281494E-7
0.6000000000000001        1476                     3.960189224630257        3.212079806932577E7      1.4768238373834388       8.923950233281494E-7
0.6000000000000001        1512                     3.957520066257141        3.372641014515599E7      1.4768238373834388       8.923950233281494E-7
0.6000000000000001        1548                     3.954850907884025        3.533202222098624E7      1.4768238373834388       8.923950233281494E-7
0.6000000000000001        1584                     3.9520721880952547       3.692897115607021E7      1.4768238373834388       8.923950233281494E-7
0.6000000000000001        1620                     3.949281245612389        3.85249536293883E7       1.4768238373834388       8.923950233281494E-7
0.6000000000000001        1656                     3.9464903031295235       4.012093610270643E7      1.4768238373834388       8.923950233281494E-7
0.6000000000000001        1692                     3.943699360646658        4.171691857602449E7      1.4768238373834388       8.923950233281494E-7
0.6000000000000001        1728                     3.9409084181637923       4.331290104934264E7      1.4768238373834388       8.923950233281494E-7
0.6000000000000001        1764                     3.938214626233935        4.490123044552816E7      1.4768238373834388       8.923950233281494E-7
0.6000000000000001        1800                     3.935532010238295        4.6488679452627465E7     1.4768238373834388       8.923950233281494E-7
0.6000000000000001        1836                     3.9328493942426554       4.807612845972674E7      1.4768238373834388       8.923950233281494E-7
0.6000000000000001        1872                     3.9301667782470155       4.966357746682604E7      1.4768238373834388       8.923950233281494E-7
0.6000000000000001        1908                     3.927527824054154        5.124757914796033E7      1.4768238373834388       8.923950233281494E-7
0.6000000000000001        1944.0000000000002       3.9249520324980374       5.282659381106488E7      1.4768238373834388       8.923950233281494E-7
0.6000000000000001        1980.0000000000002       3.922376240941921        5.440560847416939E7      1.4768238373834388       8.923950233281494E-7
0.6000000000000001        2016.0000000000002       3.9198004493858045       5.598462313727388E7      1.4768238373834388       8.923950233281494E-7
0.6000000000000001        2052                     3.917224657829688        5.75636378003784E7       1.4768238373834388       8.923950233281494E-7
0.6000000000000001        2088                     3.914894856798527        5.9137232215604566E7     1.4768238373834388       8.923950233281494E-7
0.6000000000000001        2124                     3.9125862665592925       6.071035926425256E7      1.4768238373834388       8.923950233281494E-7
0.6000000000000001        2160                     3.9102776763200584       6.228348631290052E7      1.4768238373834388       8.923950233281494E-7
0.6000000000000001        2196                     3.908044500858866        6.3852721753980465E7     1.4768238373834388       8.923950233281494E-7
0.6000000000000001        2232                     3.9058375069539704       6.542060615557897E7      1.4768238373834388       8.923950233281494E-7
0.6000000000000001        2268                     3.9036305130490754       6.698849055717744E7      1.4768238373834388       8.923950233281494E-7
0.6000000000000001        2304                     3.9014059274018793       6.855224610685842E7      1.4768238373834388       8.923950233281494E-7
0.6000000000000001        2340                     3.8991789839088695       7.011544826074477E7      1.4768238373834388       8.923950233281494E-7
0.6000000000000001        2376                     3.8969471477947257       7.167722169957799E7      1.4768238373834388       8.923950233281494E-7
0.6000000000000001        2412                     3.8947042866207657       7.323577566392326E7      1.4768238373834388       8.923950233281494E-7
0.6000000000000001        2448                     3.8924614254468053       7.479432962826847E7      1.4768238373834388       8.923950233281494E-7
0.6000000000000001        2484                     3.890163218987017        7.634949941816887E7      1.4768238373834388       8.923950233281494E-7
0.6000000000000001        2520.0000000000005       3.887844845503399        7.790343606371652E7      1.4768238373834388       8.923950233281494E-7
0.6000000000000001        2556                     3.8855236432607305       7.945711564558716E7      1.4768238373834388       8.923950233281494E-7
0.6000000000000001        2592                     3.8831798559042663       8.100874280366021E7      1.4768238373834388       8.923950233281494E-7
0.6000000000000001        2628                     3.880823007062966        8.25591829983841E7       1.4768238373834388       8.923950233281494E-7
0.6000000000000001        2664                     3.878453274894566        8.410807780589142E7      1.4768238373834388       8.923950233281494E-7
0.6000000000000001        2700                     3.876070761104322        8.565522261204684E7      1.4768238373834388       8.923950233281494E-7
0.6000000000000001        2736                     3.873675936192116        8.720079032651938E7      1.4768238373834388       8.923950233281494E-7
0.6000000000000001        2772                     3.8713483060312055       8.874456202616233E7      1.4768238373834388       8.923950233281494E-7
0.6000000000000001        2808                     3.8690526755651695       9.028663462221217E7      1.4768238373834388       8.923950233281494E-7
0.6000000000000001        2844                     3.866782161176677        9.182698825106728E7      1.4768238373834388       8.923950233281494E-7
0.6000000000000001        2880                     3.8645271688745444       9.336559522797827E7      1.4768238373834388       8.923950233281494E-7
0.6000000000000001        2916                     3.862293664519342        9.490247276823668E7      1.4768238373834388       8.923950233281494E-7
0.6000000000000001        2952                     3.860106857947098        9.643761585142863E7      1.4768238373834388       8.923950233281494E-7
0.6000000000000001        2988.0000000000005       3.8579614831867737       9.797102552624628E7      1.4768238373834388       8.923950233281494E-7
0.6000000000000001        3024                     3.855846347045418        9.950270427366532E7      1.4768238373834388       8.923950233281494E-7
0.6000000000000001        3060                     3.853736017690852        1.010326579300196E8      1.4768238373834388       8.923950233281494E-7
0.6000000000000001        3096                     3.8516439561816602       1.0256088340613991E8     1.4768238373834388       8.923950233281494E-7
0.6000000000000001        3132                     3.8495870697197048       1.0408739492431934E8     1.4768238373834388       8.923950233281494E-7
0.6000000000000001        3168                     3.847567666896227        1.0561219442653862E8     1.4768238373834388       8.923950233281494E-7
0.6000000000000001        3204                     3.845579176208351        1.0713527880539685E8     1.4768238373834388       8.923950233281494E-7
0.6000000000000001        3240                     3.843606518987097        1.08656655538647E8       1.4768238373834388       8.923950233281494E-7
0.6000000000000001        3276                     3.8416568684486534       1.1017632106897633E8     1.4768238373834388       8.923950233281494E-7
0.6000000000000001        3312                     3.839725756744613        1.1169428536016467E8     1.4768238373834388       8.923950233281494E-7
0.6000000000000001        3348                     3.8378102298507915       1.1321055500000197E8     1.4768238373834388       8.923950233281494E-7
0.6000000000000001        3384                     3.835912650602187        1.1472512471911332E8     1.4768238373834388       8.923950233281494E-7
0.6000000000000001        3420.0000000000005       3.834041013086105        1.1623800337066865E8     1.4768238373834388       8.923950233281494E-7
0.6000000000000001        3456                     3.8321919292646762       1.1774918720253554E8     1.4768238373834388       8.923950233281494E-7
0.6000000000000001        3492                     3.830350023055682        1.1925867918583365E8     1.4768238373834388       8.923950233281494E-7
0.6000000000000001        3528                     3.828491448999436        1.2076648406333753E8     1.4768238373834388       8.923950233281494E-7
0.6000000000000001        3564                     3.8266306202625793       1.2227259896832117E8     1.4768238373834388       8.923950233281494E-7
0.6000000000000001        3600                     3.824763094882056        1.2377703400253561E8     1.4768238373834388       8.923950233281494E-7
0.6000000000000001        3636                     3.822889615975445        1.2527978747600995E8     1.4768238373834388       8.923950233281494E-7
0.6000000000000001        3672                     3.8210020452722953       1.2678085916684754E8     1.4768238373834388       8.923950233281494E-7
0.6000000000000001        3708                     3.8190702323237615       1.2828025301598647E8     1.4768238373834388       8.923950233281494E-7
0.6000000000000001        3744                     3.81710986073973         1.2977796697343627E8     1.4768238373834388       8.923950233281494E-7
0.6000000000000001        3780                     3.815122848084707        1.3127401947711173E8     1.4768238373834388       8.923950233281494E-7
0.6000000000000001        3816                     3.8131095726143664       1.3276841416404638E8     1.4768238373834388       8.923950233281494E-7
0.6000000000000001        3852                     3.8110684914984763       1.34261146641051E8       1.4768238373834388       8.923950233281494E-7
0.6000000000000001        3888.0000000000005       3.808989978099819        1.3575223045103896E8     1.4768238373834388       8.923950233281494E-7
0.6000000000000001        3924.0000000000005       3.8068785538752254       1.3724165923314965E8     1.4768238373834388       8.923950233281494E-7
0.6000000000000001        3960.0000000000005       3.8047343071232125       1.387294462922802E8      1.4768238373834388       8.923950233281494E-7
0.6000000000000001        3996.0000000000005       3.8025573048108368       1.4021560171908486E8     1.4768238373834388       8.923950233281494E-7
0.6000000000000001        4032.0000000000005       3.800347496246091        1.4170011787524796E8     1.4768238373834388       8.923950233281494E-7
0.6000000000000001        4068.0000000000005       3.7981188841472777       1.4318301507825696E8     1.4768238373834388       8.923950233281494E-7
0.6000000000000001        4104                     3.79586597668614         1.446642853596481E8      1.4768238373834388       8.923950233281494E-7
0.6000000000000001        4140.000000000001        3.793587889219677        1.4614393394416556E8     1.4768238373834388       8.923950233281494E-7
0.6000000000000001        4176                     3.7912836712678604       1.4762197076962793E8     1.4768238373834388       8.923950233281494E-7
0.6000000000000001        4212                     3.788953882546654        1.490983899838809E8      1.4768238373834388       8.923950233281494E-7
0.6000000000000001        4248                     3.7866070999335175       1.5057321958220723E8     1.4768238373834388       8.923950233281494E-7
0.6000000000000001        4284                     3.7842422632809063       1.5204645610424137E8     1.4768238373834388       8.923950233281494E-7
0.6000000000000001        4320                     3.7818580319341453       1.5351809517403105E8     1.4768238373834388       8.923950233281494E-7
0.6000000000000001        4356                     3.779454405893235        1.5498813679157633E8     1.4768238373834388       8.923950233281494E-7
0.6000000000000001        4392                     3.7770313851581743       1.564565809568771E8      1.4768238373834388       8.923950233281494E-7
0.6000000000000001        4428                     3.7746039034267533       1.5792345368490857E8     1.4768238373834388       8.923950233281494E-7
0.6000000000000001        4464                     3.7721707913561526       1.5938875293863845E8     1.4768238373834388       8.923950233281494E-7
0.6000000000000001        4500                     3.7697259493848323       1.6085246809243685E8     1.4768238373834388       8.923950233281494E-7
0.6000000000000001        4536                     3.7672693775127915       1.6231459914630437E8     1.4768238373834388       8.923950233281494E-7
0.6000000000000001        4572                     3.764801075740031        1.6377514610024044E8     1.4768238373834388       8.923950233281494E-7
0.6000000000000001        4608                     3.762327025934569        1.6523413606767315E8     1.4768238373834388       8.923950233281494E-7
0.6000000000000001        4644                     3.759849830655899        1.666915808449692E8      1.4768238373834388       8.923950233281494E-7
0.6000000000000001        4680                     3.7573649570042873       1.6814745988629746E8     1.4768238373834388       8.923950233281494E-7
0.6000000000000001        4716                     3.754872404979734        1.6960177319165796E8     1.4768238373834388       8.923950233281494E-7
0.6000000000000001        4752                     3.7523721745822387       1.710545207610507E8      1.4768238373834388       8.923950233281494E-7
0.6000000000000001        4788                     3.7498594476459477       1.7250572034500074E8     1.4768238373834388       8.923950233281494E-7
0.6000000000000001        4824                     3.747327687260597        1.7395539602603096E8     1.4768238373834388       8.923950233281494E-7
0.6000000000000001        4860                     3.744783555683094        1.754035232598309E8      1.4768238373834388       8.923950233281494E-7
0.6000000000000001        4896                     3.742227052913439        1.7685010204640064E8     1.4768238373834388       8.923950233281494E-7
0.6000000000000001        4932                     3.739658178951631        1.7829513238574025E8     1.4768238373834388       8.923950233281494E-7
0.6000000000000001        4968                     3.7370607063362646       1.7973862454078636E8     1.4768238373834388       8.923950233281494E-7
0.6000000000000001        5004                     3.7343777782303813       1.8118061447022098E8     1.4768238373834388       8.923950233281494E-7
0.6000000000000001        5040.000000000001        3.7316553942574373       1.8262107308192575E8     1.4768238373834388       8.923950233281494E-7
0.6000000000000001        5076                     3.728893554417431        1.8406000037590078E8     1.4768238373834388       8.923950233281494E-7
0.6000000000000001        5112                     3.726092258710363        1.8549739635214597E8     1.4768238373834388       8.923950233281494E-7
0.6000000000000001        5148                     3.723238461514666        1.8693326424456257E8     1.4768238373834388       8.923950233281494E-7
0.6000000000000001        5184                     3.720146229421396        1.8836765014450106E8     1.4768238373834388       8.923950233281494E-7
0.6000000000000001        5220                     3.716947202599873        1.8980052141945493E8     1.4768238373834388       8.923950233281494E-7
0.6000000000000001        5256                     3.7136413810500972       1.9123187806942427E8     1.4768238373834388       8.923950233281494E-7
0.6000000000000001        5292                     3.710228764772068        1.926617200944088E8      1.4768238373834388       8.923950233281494E-7
0.6000000000000001        5328                     3.7067093537657865       1.940900474944089E8      1.4768238373834388       8.923950233281494E-7
0.6000000000000001        5364                     3.7030013598504725       1.9551690112540653E8     1.4768238373834388       8.923950233281494E-7
0.6000000000000001        5400                     3.6991519520168996       1.969422574248841E8      1.4768238373834388       8.923950233281494E-7
0.6000000000000001        5436                     3.6951666457448256       1.983661136376718E8      1.4768238373834388       8.923950233281494E-7
0.6000000000000001        5472                     3.691045441034251        1.9978846976376924E8     1.4768238373834388       8.923950233281494E-7
0.6000000000000001        5508                     3.6868368119064647       2.0120933631565264E8     1.4768238373834388       8.923950233281494E-7
0.6000000000000001        5544                     3.6826538353016556       2.0262873781611878E8     1.4768238373834388       8.923950233281494E-7
0.6000000000000001        5580                     3.678402529165334        2.040466538834451E8      1.4768238373834388       8.923950233281494E-7
0.6000000000000001        5616                     3.6740828934974994       2.0546308451763126E8     1.4768238373834388       8.923950233281494E-7
0.6000000000000001        5652                     3.669694928298152        2.0687802971867746E8     1.4768238373834388       8.923950233281494E-7
0.6000000000000001        5688                     3.6654319090368874       2.0829151137933493E8     1.4768238373834388       8.923950233281494E-7
0.6000000000000001        5724                     3.6612934161244537       2.097035294520759E8      1.4768238373834388       8.923950233281494E-7
0.6000000000000001        5760                     3.6571977324632776       2.111140746806191E8      1.4768238373834388       8.923950233281494E-7
0.6000000000000001        5796                     3.653144858053359        2.125231470649647E8      1.4768238373834388       8.923950233281494E-7
0.6000000000000001        5832                     3.649139529134322        2.1393059004108065E8     1.4768238373834388       8.923950233281494E-7
0.6000000000000001        5868                     3.6453533796729545       2.153307595026248E8      1.4768238373834388       8.923950233281494E-7
0.6000000000000001        5904                     3.6415672302115873       2.1673092896416897E8     1.4768238373834388       8.923950233281494E-7
0.6000000000000001        5940.000000000001        3.6377810807502198       2.1813109842571324E8     1.4768238373834388       8.923950233281494E-7
0.6000000000000001        5976.000000000001        3.6339949312888526       2.1953126788725734E8     1.4768238373834388       8.923950233281494E-7
0.6000000000000001        6012                     3.6301082336931634       2.2092909402832848E8     1.4768238373834388       8.923950233281494E-7
0.6000000000000001        6048                     3.6260638306572437       2.223232447716485E8      1.4768238373834388       8.923950233281494E-7
0.6000000000000001        6084                     3.6220194276213236       2.2371739551496834E8     1.4768238373834388       8.923950233281494E-7
0.6000000000000001        6120                     3.6179750245854034       2.251115462582883E8      1.4768238373834388       8.923950233281494E-7
0.6000000000000001        6156                     3.613830220944199        2.2650515775656855E8     1.4768238373834388       8.923950233281494E-7
0.6000000000000001        6192                     3.609326836736287        2.2789684334223685E8     1.4768238373834388       8.923950233281494E-7
0.6000000000000001        6228                     3.604160781988929        2.292877633968158E8      1.4768238373834388       8.923950233281494E-7
0.6000000000000001        6264                     3.5980113287336404       2.3067725281102008E8     1.4768238373834388       8.923950233281494E-7
0.6000000000000001        6300                     3.5914424354140295       2.3206530882318857E8     1.4768238373834388       8.923950233281494E-7
0.6000000000000001        6336                     3.5847713482922785       2.334520498929307E8      1.4768238373834388       8.923950233281494E-7
0.6000000000000001        6372                     3.576363977247533        2.3483763209107265E8     1.4768238373834388       8.923950233281494E-7
0.6000000000000001        6408                     3.5649817339845233       2.362217796650861E8      1.4768238373834388       8.923950233281494E-7
0.6000000000000001        6444                     3.553581719764044        2.3760413346087283E8     1.4768238373834388       8.923950233281494E-7
0.6000000000000001        6480                     3.5420992293953923       2.3898528912241066E8     1.4768238373834388       8.923950233281494E-7
0.6000000000000001        6516                     3.524326565106467        2.4036528664694077E8     1.4768238373834388       8.923950233281494E-7
0.6000000000000001        6552                     3.502828454169455        2.417435436696646E8      1.4768238373834388       8.923950233281494E-7
0.6000000000000001        6588                     3.4813145245525563       2.4311994377244753E8     1.4768238373834388       8.923950233281494E-7
0.6000000000000001        6624                     3.459080639655016        2.4449553684964782E8     1.4768238373834388       8.923950233281494E-7
0.6000000000000001        6660                     3.420035067784573        2.4586984608468437E8     1.4768238373834388       8.923950233281494E-7
0.6000000000000001        6696                     3.377896951449905        2.4724209219887114E8     1.4768238373834388       8.923950233281494E-7
0.6000000000000001        6732                     3.3357399175365825       2.4861323887964126E8     1.4768238373834388       8.923950233281494E-7
0.6000000000000001        6768                     3.2877533082092674       2.49983349098264E8       1.4768238373834388       8.923950233281494E-7
0.6000000000000001        6804                     3.2039011378450795       2.513520675341252E8      1.4768238373834388       8.923950233281494E-7
0.6000000000000001        6840.000000000001        3.1199775328806063       2.5271892839431053E8     1.4768238373834388       8.923950233281494E-7
0.6000000000000001        6876.000000000001        3.0348359035870356       2.540845274146341E8      1.4768238373834388       8.923950233281494E-7
0.6000000000000001        6912                     2.9184882149110893       2.554491166723116E8      1.4768238373834388       8.923950233281494E-7
0.6000000000000001        6924.964908693494        2.8579127754648224       2.5594027873366803E8     1.4768238373834388       8.923950233281494E-7
0.7000000000000001        0                        4.118601101197369        -4.134322307976882E7     1.4768238373834388       1.0411275272161743E-6
0.7000000000000001        36                       4.1080810474854          -3.965028178283606E7     1.4768238373834388       1.0411275272161743E-6
0.7000000000000001        72                       4.102946210962847        -3.795967407934551E7     1.4768238373834388       1.0411275272161743E-6
0.7000000000000001        108                      4.0981842700554445       -3.627183689315385E7     1.4768238373834388       1.0411275272161743E-6
0.7000000000000001        144                      4.093497364451216        -3.4586135357797444E7    1.4768238373834388       1.0411275272161743E-6
0.7000000000000001        180                      4.08885064443711         -3.2904267283146545E7    1.4768238373834388       1.0411275272161743E-6
0.7000000000000001        216                      4.084211902071587        -3.1223248772342287E7    1.4768238373834388       1.0411275272161743E-6
0.7000000000000001        252.00000000000003       4.079608472927939        -2.9545620458857026E7    1.4768238373834388       1.0411275272161743E-6
0.7000000000000001        288                      4.0750327974412235       -2.787051275127163E7     1.4768238373834388       1.0411275272161743E-6
0.7000000000000001        324                      4.070512643147515        -2.620044751599911E7     1.4768238373834388       1.0411275272161743E-6
0.7000000000000001        360                      4.065992488853807        -2.4530382280726567E7    1.4768238373834388       1.0411275272161743E-6
0.7000000000000001        396                      4.061472334560098        -2.286031704545409E7     1.4768238373834388       1.0411275272161743E-6
0.7000000000000001        432                      4.057321930119597        -2.1196084207010746E7    1.4768238373834388       1.0411275272161743E-6
0.7000000000000001        468                      4.053277202453343        -1.953351830332812E7     1.4768238373834388       1.0411275272161743E-6
0.7000000000000001        504.00000000000006       4.04923247478709         -1.787095239964542E7     1.4768238373834388       1.0411275272161743E-6
0.7000000000000001        540                      4.045279137687506        -1.6210027201621562E7    1.4768238373834388       1.0411275272161743E-6
0.7000000000000001        576                      4.04164577041136         -1.4554846319659112E7    1.4768238373834388       1.0411275272161743E-6
0.7000000000000001        612                      4.038012403135216        -1.2899665437696636E7    1.4768238373834388       1.0411275272161743E-6
0.7000000000000001        648                      4.034379035859071        -1.124448455573417E7     1.4768238373834388       1.0411275272161743E-6
0.7000000000000001        684                      4.030423184299361        -9593721.709590228       1.4768238373834388       1.0411275272161743E-6
0.7000000000000001        720                      4.0263060502839725       -7945168.433656156       1.4768238373834388       1.0411275272161743E-6
0.7000000000000001        756                      4.022188916268584        -6296615.157722051       1.4768238373834388       1.0411275272161743E-6
0.7000000000000001        792                      4.018643200964006        -4650818.319814424       1.4768238373834388       1.0411275272161743E-6
0.7000000000000001        828                      4.015750681402073        -3008172.4000508217      1.4768238373834388       1.0411275272161743E-6
0.7000000000000001        864                      4.012858161840141        -1365526.480287225       1.4768238373834388       1.0411275272161743E-6
0.7000000000000001        900                      4.009907331265024        273704.154696671         1.4768238373834388       1.0411275272161743E-6
0.7000000000000001        936                      4.00691540851744         1910528.0149817227       1.4768238373834388       1.0411275272161743E-6
0.7000000000000001        972.0000000000001        4.003923485769854        3547351.8752667364       1.4768238373834388       1.0411275272161743E-6
0.7000000000000001        1008.0000000000001       4.000809643069062        5180073.380940001        1.4768238373834388       1.0411275272161743E-6
0.7000000000000001        1044                     3.9976451785212004       6811091.566013815        1.4768238373834388       1.0411275272161743E-6
0.7000000000000001        1080                     3.994480713973338        8442109.751087634        1.4768238373834388       1.0411275272161743E-6
0.7000000000000001        1116                     3.9911894077747756       1.0068367161608722E7     1.4768238373834388       1.0411275272161743E-6
0.7000000000000001        1152                     3.9878714954338754       1.1693625958151886E7     1.4768238373834388       1.0411275272161743E-6
0.7000000000000001        1188                     3.9845535830929752       1.3318884754695052E7     1.4768238373834388       1.0411275272161743E-6
0.7000000000000001        1224                     3.981278136515043        1.4941360085360106E7     1.4768238373834388       1.0411275272161743E-6
0.7000000000000001        1260.0000000000002       3.9780279058774672       1.656218260904233E7      1.4768238373834388       1.0411275272161743E-6
0.7000000000000001        1296                     3.9748011220086874       1.818146828806822E7      1.4768238373834388       1.0411275272161743E-6
0.7000000000000001        1332                     3.9715977849087025       1.9799217122437805E7     1.4768238373834388       1.0411275272161743E-6
0.7000000000000001        1368                     3.968417894577513        2.14154291121511E7       1.4768238373834388       1.0411275272161743E-6
0.7000000000000001        1404                     3.9652984565897658       2.302993283308813E7      1.4768238373834388       1.0411275272161743E-6
0.7000000000000001        1440                     3.962403333190482        2.4641969212017007E7     1.4768238373834388       1.0411275272161743E-6
0.7000000000000001        1476                     3.95959835107389         2.625215979153178E7      1.4768238373834388       1.0411275272161743E-6
0.7000000000000001        1512                     3.9568835102399906       2.786050457163254E7      1.4768238373834388       1.0411275272161743E-6
0.7000000000000001        1548                     3.954258810688783        2.946700355231926E7      1.4768238373834388       1.0411275272161743E-6
0.7000000000000001        1584                     3.951724252420268        3.1071656733591884E7     1.4768238373834388       1.0411275272161743E-6
0.7000000000000001        1620                     3.9491512359437673       3.2669925625759456E7     1.4768238373834388       1.0411275272161743E-6
0.7000000000000001        1656                     3.946431217656072        3.4261565356749564E7     1.4768238373834388       1.0411275272161743E-6
0.7000000000000001        1692                     3.9437111993683764       3.585320508773973E7      1.4768238373834388       1.0411275272161743E-6
0.7000000000000001        1728                     3.9409911810806806       3.744484481872986E7      1.4768238373834388       1.0411275272161743E-6
0.7000000000000001        1764                     3.938271162792985        3.903648454972002E7      1.4768238373834388       1.0411275272161743E-6
0.7000000000000001        1800                     3.9355511445052898       4.0628124280710205E7     1.4768238373834388       1.0411275272161743E-6
0.7000000000000001        1836                     3.932829393571008        4.221460079799582E7      1.4768238373834388       1.0411275272161743E-6
0.7000000000000001        1872                     3.930106776096835        4.379849506297377E7      1.4768238373834388       1.0411275272161743E-6
0.7000000000000001        1908                     3.927384158622662        4.538238932795168E7      1.4768238373834388       1.0411275272161743E-6
0.7000000000000001        1944.0000000000002       3.9246615411484886       4.69662835929296E7       1.4768238373834388       1.0411275272161743E-6
0.7000000000000001        1980.0000000000002       3.922114108056915        4.8545831193885095E7     1.4768238373834388       1.0411275272161743E-6
0.7000000000000001        2016.0000000000002       3.9197002141440347       5.012206542903136E7      1.4768238373834388       1.0411275272161743E-6
0.7000000000000001        2052                     3.9172863202311548       5.169829966417769E7      1.4768238373834388       1.0411275272161743E-6
0.7000000000000001        2088                     3.9148724263182744       5.327453389932398E7      1.4768238373834388       1.0411275272161743E-6
0.7000000000000001        2124                     3.9125340291840245       5.484825882155889E7      1.4768238373834388       1.0411275272161743E-6
0.7000000000000001        2160                     3.9102813554459606       5.641913452520764E7      1.4768238373834388       1.0411275272161743E-6
0.7000000000000001        2196                     3.9080286817078966       5.799001022885641E7      1.4768238373834388       1.0411275272161743E-6
0.7000000000000001        2232                     3.905798435980234        5.955820530959287E7      1.4768238373834388       1.0411275272161743E-6
0.7000000000000001        2268                     3.9035857060887995       6.1124306876411505E7     1.4768238373834388       1.0411275272161743E-6
0.7000000000000001        2304                     3.9013729761973654       6.269040844323017E7      1.4768238373834388       1.0411275272161743E-6
0.7000000000000001        2340                     3.899141474510161        6.425202561731195E7      1.4768238373834388       1.0411275272161743E-6
0.7000000000000001        2376                     3.896908888118367        6.581338366640407E7      1.4768238373834388       1.0411275272161743E-6
0.7000000000000001        2412                     3.894663475476509        6.737319274315766E7      1.4768238373834388       1.0411275272161743E-6
0.7000000000000001        2448                     3.892391933969495        6.892984634663147E7      1.4768238373834388       1.0411275272161743E-6
0.7000000000000001        2484                     3.8901203924624816       7.048649995010519E7      1.4768238373834388       1.0411275272161743E-6
0.7000000000000001        2520.0000000000005       3.887820415540079        7.204173791191901E7      1.4768238373834388       1.0411275272161743E-6
0.7000000000000001        2556                     3.8854884828247838       7.359538497199737E7      1.4768238373834388       1.0411275272161743E-6
0.7000000000000001        2592                     3.8831337596213653       7.514778850555664E7      1.4768238373834388       1.0411275272161743E-6
0.7000000000000001        2628                     3.880770751499037        7.669831208031043E7      1.4768238373834388       1.0411275272161743E-6
0.7000000000000001        2664                     3.8783926249639977       7.824725551600516E7      1.4768238373834388       1.0411275272161743E-6
0.7000000000000001        2700                     3.8760127202450603       7.979452646581703E7      1.4768238373834388       1.0411275272161743E-6
0.7000000000000001        2736                     3.8736453606980144       8.134002577729294E7      1.4768238373834388       1.0411275272161743E-6
0.7000000000000001        2772                     3.871280796406851        8.288382094356108E7      1.4768238373834388       1.0411275272161743E-6
0.7000000000000001        2808                     3.868974960307753        8.442586599314281E7      1.4768238373834388       1.0411275272161743E-6
0.7000000000000001        2844                     3.8667153134259378       8.596617123186597E7      1.4768238373834388       1.0411275272161743E-6
0.7000000000000001        2880                     3.864489752242918        8.750473994863626E7      1.4768238373834388       1.0411275272161743E-6
0.7000000000000001        2916                     3.8622761198383477       8.904156522319263E7      1.4768238373834388       1.0411275272161743E-6
0.7000000000000001        2952                     3.860085962234301        9.057665066169894E7      1.4768238373834388       1.0411275272161743E-6
0.7000000000000001        2988.0000000000005       3.857923231713757        9.211000619403553E7      1.4768238373834388       1.0411275272161743E-6
0.7000000000000001        3024                     3.8557894115952847       9.364163554695393E7      1.4768238373834388       1.0411275272161743E-6
0.7000000000000001        3060                     3.8536830246683507       9.517153487209952E7      1.4768238373834388       1.0411275272161743E-6
0.7000000000000001        3096                     3.8516132755447687       9.66997160280271E7       1.4768238373834388       1.0411275272161743E-6
0.7000000000000001        3132                     3.8495760153643976       9.822617366964594E7      1.4768238373834388       1.0411275272161743E-6
0.7000000000000001        3168                     3.847561587062961        9.975091398328757E7      1.4768238373834388       1.0411275272161743E-6
0.7000000000000001        3204                     3.8455539836039656       1.012739472230863E8      1.4768238373834388       1.0411275272161743E-6
0.7000000000000001        3240                     3.843562875005729        1.0279526719441229E8     1.4768238373834388       1.0411275272161743E-6
0.7000000000000001        3276                     3.841608009557678        1.0431488803410685E8     1.4768238373834388       1.0411275272161743E-6
0.7000000000000001        3312                     3.839688286447394        1.0583280895415199E8     1.4768238373834388       1.0411275272161743E-6
0.7000000000000001        3348                     3.837795851239459        1.0734902832521161E8     1.4768238373834388       1.0411275272161743E-6
0.7000000000000001        3384                     3.835904805751923        1.088635533431563E8      1.4768238373834388       1.0411275272161743E-6
0.7000000000000001        3420.0000000000005       3.8340278943658497       1.1037638046692997E8     1.4768238373834388       1.0411275272161743E-6
0.7000000000000001        3456                     3.832163769049748        1.1188751848186035E8     1.4768238373834388       1.0411275272161743E-6
0.7000000000000001        3492                     3.8303114873540394       1.1339697353003578E8     1.4768238373834388       1.0411275272161743E-6
0.7000000000000001        3528                     3.828471798044983        1.1490474073163188E8     1.4768238373834388       1.0411275272161743E-6
0.7000000000000001        3564                     3.8266216618850124       1.1641082148766357E8     1.4768238373834388       1.0411275272161743E-6
0.7000000000000001        3600                     3.8247691222579783       1.1791521530901314E8     1.4768238373834388       1.0411275272161743E-6
0.7000000000000001        3636                     3.822905020037137        1.19417925729687E8       1.4768238373834388       1.0411275272161743E-6
0.7000000000000001        3672                     3.8210032792273703       1.2091896187700343E8     1.4768238373834388       1.0411275272161743E-6
0.7000000000000001        3708                     3.8190783392745264       1.224183186967578E8      1.4768238373834388       1.0411275272161743E-6
0.7000000000000001        3744                     3.817130044032865        1.2391600805266349E8     1.4768238373834388       1.0411275272161743E-6
0.7000000000000001        3780                     3.815158370000422        1.2541203173036364E8     1.4768238373834388       1.0411275272161743E-6
0.7000000000000001        3816                     3.813161819987737        1.2690638737253545E8     1.4768238373834388       1.0411275272161743E-6
0.7000000000000001        3852                     3.811118756607501        1.2839909088425808E8     1.4768238373834388       1.0411275272161743E-6
0.7000000000000001        3888.0000000000005       3.8090393175875827       1.2989013481355222E8     1.4768238373834388       1.0411275272161743E-6
0.7000000000000001        3924.0000000000005       3.80692899589563         1.3137953263937049E8     1.4768238373834388       1.0411275272161743E-6
0.7000000000000001        3960.0000000000005       3.804794010978596        1.3286729962334126E8     1.4768238373834388       1.0411275272161743E-6
0.7000000000000001        3996.0000000000005       3.8026301984160145       1.343534255465756E8      1.4768238373834388       1.0411275272161743E-6
0.7000000000000001        4032.0000000000005       3.800437132764125        1.3583792180338496E8     1.4768238373834388       1.0411275272161743E-6
0.7000000000000001        4068.0000000000005       3.7982149016355717       1.3732078604731166E8     1.4768238373834388       1.0411275272161743E-6
0.7000000000000001        4104                     3.7959650053351703       1.3880202512819538E8     1.4768238373834388       1.0411275272161743E-6
0.7000000000000001        4140.000000000001        3.793693233690405        1.402816718990112E8      1.4768238373834388       1.0411275272161743E-6
0.7000000000000001        4176                     3.791396591565378        1.4175970936458513E8     1.4768238373834388       1.0411275272161743E-6
0.7000000000000001        4212                     3.789075078960089        1.4323613752491736E8     1.4768238373834388       1.0411275272161743E-6
0.7000000000000001        4248                     3.7867286958745394       1.447109563800078E8      1.4768238373834388       1.0411275272161743E-6
0.7000000000000001        4284                     3.7843575867660055       1.4618416616811252E8     1.4768238373834388       1.0411275272161743E-6
0.7000000000000001        4320                     3.7819862654564464       1.476558073203351E8      1.4768238373834388       1.0411275272161743E-6
0.7000000000000001        4356                     3.7795980154743263       1.491258522658875E8      1.4768238373834388       1.0411275272161743E-6
0.7000000000000001        4392                     3.7771928368196446       1.5059430100476968E8     1.4768238373834388       1.0411275272161743E-6
0.7000000000000001        4428                     3.774770729492402        1.520611535369816E8      1.4768238373834388       1.0411275272161743E-6
0.7000000000000001        4464                     3.7723316934925983       1.535264098625232E8      1.4768238373834388       1.0411275272161743E-6
0.7000000000000001        4500                     3.769890364107439        1.5499011333404803E8     1.4768238373834388       1.0411275272161743E-6
0.7000000000000001        4536                     3.7674419433151747       1.564522497388543E8      1.4768238373834388       1.0411275272161743E-6
0.7000000000000001        4572                     3.764982883656243        1.5791280856865573E8     1.4768238373834388       1.0411275272161743E-6
0.7000000000000001        4608                     3.7625131851306453       1.5937178982345247E8     1.4768238373834388       1.0411275272161743E-6
0.7000000000000001        4644                     3.760032847738381        1.6082919350324446E8     1.4768238373834388       1.0411275272161743E-6
0.7000000000000001        4680                     3.7575467539255194       1.6228504872815645E8     1.4768238373834388       1.0411275272161743E-6
0.7000000000000001        4716                     3.755056543060839        1.6373936527579242E8     1.4768238373834388       1.0411275272161743E-6
0.7000000000000001        4752                     3.7525588104429977       1.6519212283966526E8     1.4768238373834388       1.0411275272161743E-6
0.7000000000000001        4788                     3.7500535560719968       1.6664332141977486E8     1.4768238373834388       1.0411275272161743E-6
0.7000000000000001        4824                     3.7475407799478346       1.6809296101612133E8     1.4768238373834388       1.0411275272161743E-6
0.7000000000000001        4860                     3.745010123784595        1.6954105734698617E8     1.4768238373834388       1.0411275272161743E-6
0.7000000000000001        4896                     3.7424410244925315       1.7098764161602968E8     1.4768238373834388       1.0411275272161743E-6
0.7000000000000001        4932                     3.739852355793768        1.7243268518313888E8     1.4768238373834388       1.0411275272161743E-6
0.7000000000000001        4968                     3.737244117688306        1.7387618804831374E8     1.4768238373834388       1.0411275272161743E-6
0.7000000000000001        5004                     3.7346163101761447       1.7531815021155426E8     1.4768238373834388       1.0411275272161743E-6
0.7000000000000001        5040.000000000001        3.7319601438007606       1.7675857532225716E8     1.4768238373834388       1.0411275272161743E-6
0.7000000000000001        5076                     3.7291576679008998       1.781975123537294E8      1.4768238373834388       1.0411275272161743E-6
0.7000000000000001        5112                     3.726293191820289        1.796349263005941E8      1.4768238373834388       1.0411275272161743E-6
0.7000000000000001        5148                     3.723366715558929        1.8107081716285098E8     1.4768238373834388       1.0411275272161743E-6
0.7000000000000001        5184                     3.72037823911682         1.825051849405002E8      1.4768238373834388       1.0411275272161743E-6
0.7000000000000001        5220                     3.7173277624939605       1.8393802963354173E8     1.4768238373834388       1.0411275272161743E-6
0.7000000000000001        5256                     3.714061747221929        1.8536939303311628E8     1.4768238373834388       1.0411275272161743E-6
0.7000000000000001        5292                     3.710650608502448        1.8679925597313726E8     1.4768238373834388       1.0411275272161743E-6
0.7000000000000001        5328                     3.7071177352368547       1.8822761208745486E8     1.4768238373834388       1.0411275272161743E-6
0.7000000000000001        5364                     3.7034631274251493       1.896544613760692E8      1.4768238373834388       1.0411275272161743E-6
0.7000000000000001        5400                     3.699686785067331        1.9107980383898014E8     1.4768238373834388       1.0411275272161743E-6
0.7000000000000001        5436                     3.695777483587996        1.9250366529211804E8     1.4768238373834388       1.0411275272161743E-6
0.7000000000000001        5472                     3.6917343282275          1.9392604779338264E8     1.4768238373834388       1.0411275272161743E-6
0.7000000000000001        5508                     3.687563179348148        1.9534693786425042E8     1.4768238373834388       1.0411275272161743E-6
0.7000000000000001        5544                     3.683264036949938        1.9676633550472152E8     1.4768238373834388       1.0411275272161743E-6
0.7000000000000001        5580                     3.678836901032871        1.981842407147956E8      1.4768238373834388       1.0411275272161743E-6
0.7000000000000001        5616                     3.6745931015440307       1.9960069032404852E8     1.4768238373834388       1.0411275272161743E-6
0.7000000000000001        5652                     3.6703709349861957       2.0101566520335004E8     1.4768238373834388       1.0411275272161743E-6
0.7000000000000001        5688                     3.666143400631938        2.0242916215857935E8     1.4768238373834388       1.0411275272161743E-6
0.7000000000000001        5724                     3.6619104984812583       2.0384118118973678E8     1.4768238373834388       1.0411275272161743E-6
0.7000000000000001        5760                     3.657736979356636        2.0525041054503518E8     1.4768238373834388       1.0411275272161743E-6
0.7000000000000001        5796                     3.6538276903368367       2.0665364880006063E8     1.4768238373834388       1.0411275272161743E-6
0.7000000000000001        5832                     3.649918401317037        2.0805688705508617E8     1.4768238373834388       1.0411275272161743E-6
0.7000000000000001        5868                     3.6460091122972376       2.094601253101116E8      1.4768238373834388       1.0411275272161743E-6
0.7000000000000001        5904                     3.642099823277438        2.108633635651371E8      1.4768238373834388       1.0411275272161743E-6
0.7000000000000001        5940.000000000001        3.638259677801099        2.1226362114677313E8     1.4768238373834388       1.0411275272161743E-6
0.7000000000000001        5976.000000000001        3.63449250420526         2.1366073302121043E8     1.4768238373834388       1.0411275272161743E-6
0.7000000000000001        6012                     3.6307253306094216       2.1505784489564794E8     1.4768238373834388       1.0411275272161743E-6
0.7000000000000001        6048                     3.626958157013583        2.1645495677008533E8     1.4768238373834388       1.0411275272161743E-6
0.7000000000000001        6084                     3.6230573669036117       2.1785119556435758E8     1.4768238373834388       1.0411275272161743E-6
0.7000000000000001        6120                     3.618752335507565        2.192447929557231E8      1.4768238373834388       1.0411275272161743E-6
0.7000000000000001        6156                     3.6144473041115184       2.206383903470887E8      1.4768238373834388       1.0411275272161743E-6
0.7000000000000001        6192                     3.60958576201184         2.2202914656051716E8     1.4768238373834388       1.0411275272161743E-6
0.7000000000000001        6228                     3.6045983298262643       2.2341926006189662E8     1.4768238373834388       1.0411275272161743E-6
0.7000000000000001        6264                     3.5990074834385086       2.2480870001439363E8     1.4768238373834388       1.0411275272161743E-6
0.7000000000000001        6300                     3.5924426441060473       2.261967735197154E8      1.4768238373834388       1.0411275272161743E-6
0.7000000000000001        6336                     3.585876089204463        2.2758336885556608E8     1.4768238373834388       1.0411275272161743E-6
0.7000000000000001        6372                     3.5780291504192103       2.2896882308495826E8     1.4768238373834388       1.0411275272161743E-6
0.7000000000000001        6408                     3.5667878143808034       2.3035288906780437E8     1.4768238373834388       1.0411275272161743E-6
0.7000000000000001        6444                     3.5552096010249885       2.3173497590126106E8     1.4768238373834388       1.0411275272161743E-6
0.7000000000000001        6480                     3.5430536014745986       2.3311501835570183E8     1.4768238373834388       1.0411275272161743E-6
0.7000000000000001        6516                     3.527815549675873        2.3449482382720226E8     1.4768238373834388       1.0411275272161743E-6
0.7000000000000001        6552                     3.5063638272936912       2.3587312656869978E8     1.4768238373834388       1.0411275272161743E-6
0.7000000000000001        6588                     3.4847872695224384       2.372492909838944E8      1.4768238373834388       1.0411275272161743E-6
0.7000000000000001        6624                     3.4631278785880197       2.3862425254708192E8     1.4768238373834388       1.0411275272161743E-6
0.7000000000000001        6660                     3.4271046774633995       2.3999860361909193E8     1.4768238373834388       1.0411275272161743E-6
0.7000000000000001        6696                     3.3850146156650998       2.4137141566404954E8     1.4768238373834388       1.0411275272161743E-6
0.7000000000000001        6732                     3.3428900124145744       2.4274206230007264E8     1.4768238373834388       1.0411275272161743E-6
0.7000000000000001        6768                     3.30050223629327         2.441120709618348E8      1.4768238373834388       1.0411275272161743E-6
0.7000000000000001        6804                     3.2183160408238645       2.4548081126146492E8     1.4768238373834388       1.0411275272161743E-6
0.7000000000000001        6840.000000000001        3.134469514087586        2.4684760483546987E8     1.4768238373834388       1.0411275272161743E-6
0.7000000000000001        6876.000000000001        3.050580416850874        2.4821350016453308E8     1.4768238373834388       1.0411275272161743E-6
0.7000000000000001        6912                     2.9478806286316996       2.4957834053062147E8     1.4768238373834388       1.0411275272161743E-6
0.7000000000000001        6928.810482409016        2.869419031145777        2.5021519086815596E8     1.4768238373834388       1.0411275272161743E-6
0.8                       0                        4.118587220232914        -4.724968423916359E7     1.4768238373834388       1.1898600311041992E-6
0.8                       36                       4.108061357357304        -4.555684837129908E7     1.4768238373834388       1.1898600311041992E-6
0.8                       72                       4.102927351538761        -4.3866344652675234E7    1.4768238373834388       1.1898600311041992E-6
0.8                       108                      4.0981668419445825       -4.217860975977581E7     1.4768238373834388       1.1898600311041992E-6
0.8                       144                      4.093481525399371        -4.049300922126563E7     1.4768238373834388       1.1898600311041992E-6
0.8                       180                      4.088836473945772        -3.8811239829956114E7    1.4768238373834388       1.1898600311041992E-6
0.8                       216                      4.084199392171862        -3.71303194911944E7      1.4768238373834388       1.1898600311041992E-6
0.8                       252.00000000000003       4.079597516227924        -3.545278731389401E7     1.4768238373834388       1.1898600311041992E-6
0.8                       288                      4.075023325036439        -3.3777774234748766E7    1.4768238373834388       1.1898600311041992E-6
0.8                       324                      4.0705045171945455       -3.210780061167265E7     1.4768238373834388       1.1898600311041992E-6
0.8                       360                      4.065985709352652        -3.0437826988596514E7    1.4768238373834388       1.1898600311041992E-6
0.8                       396                      4.061466901510757        -2.8767853365520425E7    1.4768238373834388       1.1898600311041992E-6
0.8                       432                      4.057316984206981        -2.7103708677772846E7    1.4768238373834388       1.1898600311041992E-6
0.8                       468                      4.053272498079932        -2.544122993546773E7     1.4768238373834388       1.1898600311041992E-6
0.8                       504.00000000000006       4.049228011952883        -2.3778751193162672E7    1.4768238373834388       1.1898600311041992E-6
0.8                       540                      4.0452750961510695       -2.2117912179880895E7    1.4768238373834388       1.1898600311041992E-6
0.8                       576                      4.041642779529955        -2.0462814063337136E7    1.4768238373834388       1.1898600311041992E-6
0.8                       612                      4.03801046290884         -1.8807715946793318E7    1.4768238373834388       1.1898600311041992E-6
0.8                       648                      4.034378146287726        -1.7152617830249548E7    1.4768238373834388       1.1898600311041992E-6
0.8                       684                      4.030422345587597        -1.5501935073037643E7    1.4768238373834388       1.1898600311041992E-6
0.8                       720                      4.026304762409082        -1.385346054745764E7     1.4768238373834388       1.1898600311041992E-6
0.8                       756                      4.022187179230567        -1.2204986021877633E7    1.4768238373834388       1.1898600311041992E-6
0.8                       792                      4.018640932923921        -1.0559266420732325E7    1.4768238373834388       1.1898600311041992E-6
0.8                       828                      4.015747788808823        -8916696.007525675       1.4768238373834388       1.1898600311041992E-6
0.8                       864                      4.012854644693725        -7274125.594319019       1.4768238373834388       1.1898600311041992E-6
0.8                       900                      4.009904027255382        -5634968.417781228       1.4768238373834388       1.1898600311041992E-6
0.8                       936                      4.006912907970437        -3998216.5726245465      1.4768238373834388       1.1898600311041992E-6
0.8                       972.0000000000001        4.003921788685492        -2361464.727467877       1.4768238373834388       1.1898600311041992E-6
0.8                       1008.0000000000001       4.000808628872764        -728812.8435185496       1.4768238373834388       1.1898600311041992E-6
0.8                       1044                     3.997644797149726        902136.713586236         1.4768238373834388       1.1898600311041992E-6
0.8                       1080                     3.9944809654266886       2533086.270691           1.4768238373834388       1.1898600311041992E-6
0.8                       1116                     3.991190170989832        4159277.83909381         1.4768238373834388       1.1898600311041992E-6
0.8                       1152                     3.9878727450165936       5784471.377875183        1.4768238373834388       1.1898600311041992E-6
0.8                       1188                     3.9845553190433547       7409664.916656443        1.4768238373834388       1.1898600311041992E-6
0.8                       1224                     3.9812800343992625       9032076.583743341        1.4768238373834388       1.1898600311041992E-6
0.8                       1260.0000000000002       3.9780297730484775       1.0652836390464932E7     1.4768238373834388       1.1898600311041992E-6
0.8                       1296                     3.9748027793357186       1.2272060232732307E7     1.4768238373834388       1.1898600311041992E-6
0.8                       1332                     3.9715990532609853       1.3889748110545516E7     1.4768238373834388       1.1898600311041992E-6
0.8                       1368                     3.968418594824277        1.5505900023904555E7     1.4768238373834388       1.1898600311041992E-6
0.8                       1404                     3.965298603401412        1.7120344651424937E7     1.4768238373834388       1.1898600311041992E-6
0.8                       1440                     3.9624037993971672       1.8732323374792006E7     1.4768238373834388       1.1898600311041992E-6
0.8                       1476                     3.9595993068293773       2.0342457364105657E7     1.4768238373834388       1.1898600311041992E-6
0.8                       1512                     3.9568851256980433       2.195074661936579E7      1.4768238373834388       1.1898600311041992E-6
0.8                       1548                     3.9542612560031647       2.3557191140572455E7     1.4768238373834388       1.1898600311041992E-6
0.8                       1584                     3.9517276977447415       2.5161790927725695E7     1.4768238373834388       1.1898600311041992E-6
0.8                       1620                     3.949137436099194        2.676171057857778E7      1.4768238373834388       1.1898600311041992E-6
0.8                       1656                     3.9463754702003557       2.8357290417246226E7     1.4768238373834388       1.1898600311041992E-6
0.8                       1692                     3.9436135043015175       2.9952870255914617E7     1.4768238373834388       1.1898600311041992E-6
0.8                       1728                     3.940851538402679        3.1548450094583057E7     1.4768238373834388       1.1898600311041992E-6
0.8                       1764                     3.9381576679939605       3.3138713713053968E7     1.4768238373834388       1.1898600311041992E-6
0.8                       1800                     3.935484914043329        3.472732876800344E7      1.4768238373834388       1.1898600311041992E-6
0.8                       1836                     3.932812160092697        3.631594382295285E7      1.4768238373834388       1.1898600311041992E-6
0.8                       1872                     3.930136700877921        3.790386841514243E7      1.4768238373834388       1.1898600311041992E-6
0.8                       1908                     3.927436891340647        3.948557809079179E7      1.4768238373834388       1.1898600311041992E-6
0.8                       1944.0000000000002       3.9247370818033733       4.106728776644115E7      1.4768238373834388       1.1898600311041992E-6
0.8                       1980.0000000000002       3.9220372722660994       4.264899744209048E7      1.4768238373834388       1.1898600311041992E-6
0.8                       2016.0000000000002       3.9194949910206867       4.4228044885414645E7     1.4768238373834388       1.1898600311041992E-6
0.8                       2052                     3.917155923838352        4.580365800566402E7      1.4768238373834388       1.1898600311041992E-6
0.8                       2088                     3.9148168566560173       4.73792711259134E7       1.4768238373834388       1.1898600311041992E-6
0.8                       2124                     3.912493879844645        4.895405195197928E7      1.4768238373834388       1.1898600311041992E-6
0.8                       2160                     3.910257408273892        5.0524358188318E7        1.4768238373834388       1.1898600311041992E-6
0.8                       2196                     3.9080209367031387       5.2094664424656674E7     1.4768238373834388       1.1898600311041992E-6
0.8                       2232                     3.905790979254964        5.3663663925080106E7     1.4768238373834388       1.1898600311041992E-6
0.8                       2268                     3.9035780643520073       5.52292446832776E7       1.4768238373834388       1.1898600311041992E-6
0.8                       2304                     3.9013651494490507       5.6794825441475116E7     1.4768238373834388       1.1898600311041992E-6
0.8                       2340                     3.8991386149684737       5.835719338413782E7      1.4768238373834388       1.1898600311041992E-6
0.8                       2376                     3.896905795884865        5.9918078808706716E7     1.4768238373834388       1.1898600311041992E-6
0.8                       2412                     3.89466872971238         6.1478535962303154E7     1.4768238373834388       1.1898600311041992E-6
0.8                       2448                     3.8923897387834345       6.303476547745286E7      1.4768238373834388       1.1898600311041992E-6
0.8                       2484                     3.8901107478544885       6.459099499260251E7      1.4768238373834388       1.1898600311041992E-6
0.8                       2520.0000000000005       3.887815123781827        6.614630433685398E7      1.4768238373834388       1.1898600311041992E-6
0.8                       2556                     3.8854867028412454       6.76997993083129E7       1.4768238373834388       1.1898600311041992E-6
0.8                       2592                     3.883136751724729        6.925210319757666E7      1.4768238373834388       1.1898600311041992E-6
0.8                       2628                     3.88077427255842         7.080260070026763E7      1.4768238373834388       1.1898600311041992E-6
0.8                       2664                     3.878396588328142        7.235147479299772E7      1.4768238373834388       1.1898600311041992E-6
0.8                       2700                     3.876012772570933        7.389871343886784E7      1.4768238373834388       1.1898600311041992E-6
0.8                       2736                     3.8736482014066858       7.544416832091275E7      1.4768238373834388       1.1898600311041992E-6
0.8                       2772                     3.871289004983728        7.698792050488712E7      1.4768238373834388       1.1898600311041992E-6
0.8                       2808                     3.8689761342449023       7.85299341154246E7       1.4768238373834388       1.1898600311041992E-6
0.8                       2844                     3.866713776301076        8.007020548437685E7      1.4768238373834388       1.1898600311041992E-6
0.8                       2880                     3.8644883262354015       8.160874320546734E7      1.4768238373834388       1.1898600311041992E-6
0.8                       2916                     3.862276440090778        8.314553835450302E7      1.4768238373834388       1.1898600311041992E-6
0.8                       2952                     3.860089245707625        8.468059518556102E7      1.4768238373834388       1.1898600311041992E-6
0.8                       2988.0000000000005       3.857927832798847        8.621392165515086E7      1.4768238373834388       1.1898600311041992E-6
0.8                       3024                     3.8557930407750125       8.774552389220595E7      1.4768238373834388       1.1898600311041992E-6
0.8                       3060                     3.8536842336618085       8.927539725317718E7      1.4768238373834388       1.1898600311041992E-6
0.8                       3096                     3.8516135967073377       9.080355306750154E7      1.4768238373834388       1.1898600311041992E-6
0.8                       3132                     3.8495767230290334       9.232998723780674E7      1.4768238373834388       1.1898600311041992E-6
0.8                       3168                     3.847564224020684        9.385470450820161E7      1.4768238373834388       1.1898600311041992E-6
0.8                       3204                     3.84555720535247         9.537771594570103E7      1.4768238373834388       1.1898600311041992E-6
0.8                       3240                     3.843566393065405        9.689901526771882E7      1.4768238373834388       1.1898600311041992E-6
0.8                       3276                     3.8416114298818456       9.841861603456128E7      1.4768238373834388       1.1898600311041992E-6
0.8                       3312                     3.839692371884491        9.993651828494497E7      1.4768238373834388       1.1898600311041992E-6
0.8                       3348                     3.8378007917962442       1.0145272012716736E8     1.4768238373834388       1.1898600311041992E-6
0.8                       3384                     3.8359103437295308       1.0296722853841367E8     1.4768238373834388       1.1898600311041992E-6
0.8                       3420.0000000000005       3.8340338963044873       1.0448004011068517E8     1.4768238373834388       1.1898600311041992E-6
0.8                       3456                     3.832171186653004        1.059911642286703E8      1.4768238373834388       1.1898600311041992E-6
0.8                       3492                     3.830322058225458        1.0750060648136719E8     1.4768238373834388       1.1898600311041992E-6
0.8                       3528                     3.828486642933813        1.0900836215936983E8     1.4768238373834388       1.1898600311041992E-6
0.8                       3564                     3.826639052496651        1.1051443210172392E8     1.4768238373834388       1.1898600311041992E-6
0.8                       3600                     3.824790185965585        1.1201881595518845E8     1.4768238373834388       1.1898600311041992E-6
0.8                       3636                     3.8229279426624663       1.1352151832847133E8     1.4768238373834388       1.1898600311041992E-6
0.8                       3672                     3.8210308013408514       1.1502254724297005E8     1.4768238373834388       1.1898600311041992E-6
0.8                       3708                     3.819111517381611        1.1652189794449991E8     1.4768238373834388       1.1898600311041992E-6
0.8                       3744                     3.8171703731194033       1.1801958291875528E8     1.4768238373834388       1.1898600311041992E-6
0.8                       3780                     3.8152073439640413       1.1951560107828344E8     1.4768238373834388       1.1898600311041992E-6
0.8                       3816                     3.8132180578750106       1.2100995313074997E8     1.4768238373834388       1.1898600311041992E-6
0.8                       3852                     3.8111813999213116       1.225026532756441E8      1.4768238373834388       1.1898600311041992E-6
0.8                       3888.0000000000005       3.809107957487512        1.2399369439310113E8     1.4768238373834388       1.1898600311041992E-6
0.8                       3924.0000000000005       3.807004978613815        1.2548309409736387E8     1.4768238373834388       1.1898600311041992E-6
0.8                       3960.0000000000005       3.8048756703957896       1.2697086018234056E8     1.4768238373834388       1.1898600311041992E-6
0.8                       3996.0000000000005       3.802716898738437        1.284569853025584E8      1.4768238373834388       1.1898600311041992E-6
0.8                       4032.0000000000005       3.8005275507756804       1.299414823615698E8      1.4768238373834388       1.1898600311041992E-6
0.8                       4068.0000000000005       3.798308125818082        1.314243455699272E8      1.4768238373834388       1.1898600311041992E-6
0.8                       4104                     3.796062368768837        1.3290559095461993E8     1.4768238373834388       1.1898600311041992E-6
0.8                       4140.000000000001        3.793795589267184        1.3438524123920795E8     1.4768238373834388       1.1898600311041992E-6
0.8                       4176                     3.7915044796190642       1.3586328226781714E8     1.4768238373834388       1.1898600311041992E-6
0.8                       4212                     3.7891890398244774       1.3733971404044765E8     1.4768238373834388       1.1898600311041992E-6
0.8                       4248                     3.7868492698834237       1.388145365570993E8      1.4768238373834388       1.1898600311041992E-6
0.8                       4284                     3.7844895282153663       1.402877586192228E8      1.4768238373834388       1.1898600311041992E-6
0.8                       4320                     3.782122834758189        1.4175940651945412E8     1.4768238373834388       1.1898600311041992E-6
0.8                       4356                     3.7797383215063607       1.4322945831079793E8     1.4768238373834388       1.1898600311041992E-6
0.8                       4392                     3.777335988459881        1.4469791399325436E8     1.4768238373834388       1.1898600311041992E-6
0.8                       4428                     3.77491583561875         1.461647735668233E8      1.4768238373834388       1.1898600311041992E-6
0.8                       4464                     3.7724790292251424       1.4763004003527296E8     1.4768238373834388       1.1898600311041992E-6
0.8                       4500                     3.770045860541454        1.4909376566068858E8     1.4768238373834388       1.1898600311041992E-6
0.8                       4536                     3.767602044512613        1.5055591365054578E8     1.4768238373834388       1.1898600311041992E-6
0.8                       4572                     3.765147581138619        1.520164840048446E8      1.4768238373834388       1.1898600311041992E-6
0.8                       4608                     3.7626824704194717       1.5347547672358498E8     1.4768238373834388       1.1898600311041992E-6
0.8                       4644                     3.760206712355172        1.5493289180676693E8     1.4768238373834388       1.1898600311041992E-6
0.8                       4680                     3.757728278471457        1.563887779737465E8      1.4768238373834388       1.1898600311041992E-6
0.8                       4716                     3.755243124400644        1.5784311050667197E8     1.4768238373834388       1.1898600311041992E-6
0.8                       4752                     3.7527503203523054       1.5929588372296882E8     1.4768238373834388       1.1898600311041992E-6
0.8                       4788                     3.750249866326441        1.6074709762263703E8     1.4768238373834388       1.1898600311041992E-6
0.8                       4824                     3.74774176232305         1.621967522056765E8      1.4768238373834388       1.1898600311041992E-6
0.8                       4860                     3.745207582389062        1.6364488427027065E8     1.4768238373834388       1.1898600311041992E-6
0.8                       4896                     3.742649926060711        1.6509148862492615E8     1.4768238373834388       1.1898600311041992E-6
0.8                       4932                     3.740075570647681        1.6653655173478353E8     1.4768238373834388       1.1898600311041992E-6
0.8                       4968                     3.7374845161499732       1.6798007359984297E8     1.4768238373834388       1.1898600311041992E-6
0.8                       5004                     3.7348767625675863       1.6942205422010443E8     1.4768238373834388       1.1898600311041992E-6
0.8                       5040.000000000001        3.732193242286619        1.708625189429621E8      1.4768238373834388       1.1898600311041992E-6
0.8                       5076                     3.7294051088998668       1.723014801471327E8      1.4768238373834388       1.1898600311041992E-6
0.8                       5112                     3.726559455228994        1.7373891762390548E8     1.4768238373834388       1.1898600311041992E-6
0.8                       5148                     3.7236562812740015       1.7517483137328067E8     1.4768238373834388       1.1898600311041992E-6
0.8                       5184                     3.720695587034889        1.766092213952581E8      1.4768238373834388       1.1898600311041992E-6
0.8                       5220                     3.7176262609772865       1.7804210236356953E8     1.4768238373834388       1.1898600311041992E-6
0.8                       5256                     3.7143547429403836       1.7947350113862404E8     1.4768238373834388       1.1898600311041992E-6
0.8                       5292                     3.7109683922808108       1.8090339264021626E8     1.4768238373834388       1.1898600311041992E-6
0.8                       5328                     3.7074672089985676       1.8233177686834604E8     1.4768238373834388       1.1898600311041992E-6
0.8                       5364                     3.7038511930936546       1.8375865382301372E8     1.4768238373834388       1.1898600311041992E-6
0.8                       5400                     3.7001136658114655       1.8518402878062373E8     1.4768238373834388       1.1898600311041992E-6
0.8                       5436                     3.6962097614243214       1.8660793718636763E8     1.4768238373834388       1.1898600311041992E-6
0.8                       5472                     3.6921730071745977       1.880303525527776E8      1.4768238373834388       1.1898600311041992E-6
0.8                       5508                     3.6880034030622957       1.8945127487985343E8     1.4768238373834388       1.1898600311041992E-6
0.8                       5544                     3.683700949087415        1.908707041675952E8      1.4768238373834388       1.1898600311041992E-6
0.8                       5580                     3.6793938076063872       1.9228865779129875E8     1.4768238373834388       1.1898600311041992E-6
0.8                       5616                     3.6751741578330037       1.937051482479338E8      1.4768238373834388       1.1898600311041992E-6
0.8                       5652                     3.670927067055927        1.9512015995578128E8     1.4768238373834388       1.1898600311041992E-6
0.8                       5688                     3.6666525352751553       1.9653369291484106E8     1.4768238373834388       1.1898600311041992E-6
0.8                       5724                     3.662350562490691        1.979457471251132E8      1.4768238373834388       1.1898600311041992E-6
0.8                       5760                     3.6583241015833257       1.9935132019587153E8     1.4768238373834388       1.1898600311041992E-6
0.8                       5796                     3.6543674123756755       2.0075555483654073E8     1.4768238373834388       1.1898600311041992E-6
0.8                       5832                     3.650410723168025        2.0215978947720987E8     1.4768238373834388       1.1898600311041992E-6
0.8                       5868                     3.646454033960375        2.0356402411787915E8     1.4768238373834388       1.1898600311041992E-6
0.8                       5904                     3.6425248338354295       2.0496740222643822E8     1.4768238373834388       1.1898600311041992E-6
0.8                       5940.000000000001        3.6387631253196266       2.063655614652757E8      1.4768238373834388       1.1898600311041992E-6
0.8                       5976.000000000001        3.6350014168038243       2.0776372070411313E8     1.4768238373834388       1.1898600311041992E-6
0.8                       6012                     3.631239708288022        2.0916187994295058E8     1.4768238373834388       1.1898600311041992E-6
0.8                       6048                     3.6274779997722195       2.105600391817881E8      1.4768238373834388       1.1898600311041992E-6
0.8                       6084                     3.6232790969275372       2.1195250878165805E8     1.4768238373834388       1.1898600311041992E-6
0.8                       6120                     3.6190530299303214       2.1334462486774588E8     1.4768238373834388       1.1898600311041992E-6
0.8                       6156                     3.614826962933106        2.147367409538335E8      1.4768238373834388       1.1898600311041992E-6
0.8                       6192                     3.61060089593589         2.1612885703992128E8     1.4768238373834388       1.1898600311041992E-6
0.8                       6228                     3.6055796261555257       2.1751939647089517E8     1.4768238373834388       1.1898600311041992E-6
0.8                       6264                     3.5999573170553165       2.1890883680650976E8     1.4768238373834388       1.1898600311041992E-6
0.8                       6300                     3.5934025074205582       2.202966942813685E8      1.4768238373834388       1.1898600311041992E-6
0.8                       6336                     3.5868401678827517       2.2168320713774917E8     1.4768238373834388       1.1898600311041992E-6
0.8                       6372                     3.5793262244537756       2.2306874497873604E8     1.4768238373834388       1.1898600311041992E-6
0.8                       6408                     3.5685329442235254       2.24452879265549E8       1.4768238373834388       1.1898600311041992E-6
0.8                       6444                     3.5571591400225793       2.2583524068428218E8     1.4768238373834388       1.1898600311041992E-6
0.8                       6480                     3.545777706554283        2.272164908586418E8      1.4768238373834388       1.1898600311041992E-6
0.8                       6516                     3.5312435707894805       2.285965826726468E8      1.4768238373834388       1.1898600311041992E-6
0.8                       6552                     3.5097950894957988       2.2997519296515065E8     1.4768238373834388       1.1898600311041992E-6
0.8                       6588                     3.4883265246208968       2.3135193404539832E8     1.4768238373834388       1.1898600311041992E-6
0.8                       6624                     3.466846412193112        2.327276309601546E8      1.4768238373834388       1.1898600311041992E-6
0.8                       6660                     3.4340023545189147       2.341021354200076E8      1.4768238373834388       1.1898600311041992E-6
0.8                       6696                     3.391955461471989        2.3547490927855295E8     1.4768238373834388       1.1898600311041992E-6
0.8                       6732                     3.349870726610662        2.3684539181831276E8     1.4768238373834388       1.1898600311041992E-6
0.8                       6768                     3.307351619306754        2.3821547169685328E8     1.4768238373834388       1.1898600311041992E-6
0.8                       6804                     3.2324010264523833       2.3958432234164205E8     1.4768238373834388       1.1898600311041992E-6
0.8                       6840.000000000001        3.1486442533997687       2.4095136838157967E8     1.4768238373834388       1.1898600311041992E-6
0.8                       6876.000000000001        3.064830712830267        2.423171980180498E8      1.4768238373834388       1.1898600311041992E-6
0.8                       6912                     2.974936874658879        2.4368166776066944E8     1.4768238373834388       1.1898600311041992E-6
0.8                       6937.70138751559         2.8567381563597065       2.446552972303057E8      1.4768238373834388       1.1898600311041992E-6
0.9                       0                        4.118573289823476        -5.315614539857514E7     1.4768238373834388       1.3385925349922241E-6
0.9                       36                       4.108041552776967        -5.146341526015449E7     1.4768238373834388       1.3385925349922241E-6
0.9                       72                       4.102908369088219        -4.977301582849559E7     1.4768238373834388       1.3385925349922241E-6
0.9                       108                      4.09814928777466         -4.8085383532734856E7    1.4768238373834388       1.3385925349922241E-6
0.9                       144                      4.093465557393438        -4.6399884296249166E7    1.4768238373834388       1.3385925349922241E-6
0.9                       180                      4.088822171959995        -4.4718213895858E7       1.4768238373834388       1.3385925349922241E-6
0.9                       216                      4.084186748557954        -4.3037392037237465E7    1.4768238373834388       1.3385925349922241E-6
0.9                       252.00000000000003       4.079586425810316        -4.135995630626324E7     1.4768238373834388       1.3385925349922241E-6
0.9                       288                      4.075013714740312        -3.968503816799627E7     1.4768238373834388       1.3385925349922241E-6
0.9                       324                      4.070496240833715        -3.8015156474150054E7    1.4768238373834388       1.3385925349922241E-6
0.9                       360                      4.065978766927119        -3.634527478030383E7     1.4768238373834388       1.3385925349922241E-6
0.9                       396                      4.061461293020522        -3.46753930864576E7      1.4768238373834388       1.3385925349922241E-6
0.9                       432                      4.057311863199993        -3.3011336869206548E7    1.4768238373834388       1.3385925349922241E-6
0.9                       468                      4.053267622635008        -3.134894560887076E7     1.4768238373834388       1.3385925349922241E-6
0.9                       504.00000000000006       4.049223382070024        -2.9686554348534904E7    1.4768238373834388       1.3385925349922241E-6
0.9                       540                      4.045270894672138        -2.802580184155044E7     1.4768238373834388       1.3385925349922241E-6
0.9                       576                      4.041639646607222        -2.6370786815353908E7    1.4768238373834388       1.3385925349922241E-6
0.9                       612                      4.038008398542305        -2.4715771789157443E7    1.4768238373834388       1.3385925349922241E-6
0.9                       648                      4.03437715047739         -2.3060756762960967E7    1.4768238373834388       1.3385925349922241E-6
0.9                       684                      4.030421421380021        -2.141015444370486E7     1.4768238373834388       1.3385925349922241E-6
0.9                       720                      4.026303411202918        -1.9761759029553298E7    1.4768238373834388       1.3385925349922241E-6
0.9                       756                      4.022185401025816        -1.811336361540175E7     1.4768238373834388       1.3385925349922241E-6
0.9                       792                      4.018644477939156        -1.6468024501119869E7    1.4768238373834388       1.3385925349922241E-6
0.9                       828                      4.015763230189483        -1.4826179080735832E7    1.4768238373834388       1.3385925349922241E-6
0.9                       864                      4.0128819824398105       -1.3184333660351863E7    1.4768238373834388       1.3385925349922241E-6
0.9                       900                      4.009956642261744        -1.1544209516013537E7    1.4768238373834388       1.3385925349922241E-6
0.9                       936                      4.006910013451207        -9908820.225827906       1.4768238373834388       1.3385925349922241E-6
0.9                       972.0000000000001        4.0038633846406695       -8273430.935642248       1.4768238373834388       1.3385925349922241E-6
0.9                       1008.0000000000001       4.000805705894551        -6638469.778953091       1.4768238373834388       1.3385925349922241E-6
0.9                       1044                     3.9975931898109          -5009507.847346654       1.4768238373834388       1.3385925349922241E-6
0.9                       1080                     3.994380673727249        -3380545.9157401635      1.4768238373834388       1.3385925349922241E-6
0.9                       1116                     3.9911681576435982       -1751583.9841336636      1.4768238373834388       1.3385925349922241E-6
0.9                       1152                     3.987877375871132        -128142.7342093807       1.4768238373834388       1.3385925349922241E-6
0.9                       1188                     3.98457454743421         1494448.771710927        1.4768238373834388       1.3385925349922241E-6
0.9                       1224                     3.981271718997288        3117040.27763117         1.4768238373834388       1.3385925349922241E-6
0.9                       1260.0000000000002       3.9780447114341957       4737663.125946736        1.4768238373834388       1.3385925349922241E-6
0.9                       1296                     3.9749046490588142       6356028.478452348        1.4768238373834388       1.3385925349922241E-6
0.9                       1332                     3.9718234189713844       7972866.274953521        1.4768238373834388       1.3385925349922241E-6
0.9                       1368                     3.968801021171907        9588176.515450265        1.4768238373834388       1.3385925349922241E-6
0.9                       1404                     3.9658374556603815       1.1201959199942611E7     1.4768238373834388       1.3385925349922241E-6
0.9                       1440                     3.962932722436808        1.2814214328430489E7     1.4768238373834388       1.3385925349922241E-6
0.9                       1476                     3.960069893865059        1.4424669138705831E7     1.4768238373834388       1.3385925349922241E-6
0.9                       1512                     3.957207270329052        1.6032651707100254E7     1.4768238373834388       1.3385925349922241E-6
0.9                       1548                     3.9543844313633816       1.7638799795506343E7     1.4768238373834388       1.3385925349922241E-6
0.9                       1584                     3.9516013769680467       1.9243113403924182E7     1.4768238373834388       1.3385925349922241E-6
0.9                       1620                     3.9488581071430473       2.0845592532353736E7     1.4768238373834388       1.3385925349922241E-6
0.9                       1656                     3.9461546218883847       2.2446237180794924E7     1.4768238373834388       1.3385925349922241E-6
0.9                       1692                     3.9434909212040576       2.4045047349247906E7     1.4768238373834388       1.3385925349922241E-6
0.9                       1728                     3.9407830806618174       2.564188342007047E7      1.4768238373834388       1.3385925349922241E-6
0.9                       1764                     3.9380772307155083       2.723682213641514E7      1.4768238373834388       1.3385925349922241E-6
0.9                       1800                     3.9353845113504624       2.8829882030889384E7     1.4768238373834388       1.3385925349922241E-6
0.9                       1836                     3.93270492256668         3.042106310349311E7      1.4768238373834388       1.3385925349922241E-6
0.9                       1872                     3.930038464364161        3.201036535422645E7      1.4768238373834388       1.3385925349922241E-6
0.9                       1908                     3.9273911372643586       3.359778949221518E7      1.4768238373834388       1.3385925349922241E-6
0.9                       1944.0000000000002       3.924817841242657        3.518334200539434E7      1.4768238373834388       1.3385925349922241E-6
0.9                       1980.0000000000002       3.9222768637805046       3.676701796428795E7      1.4768238373834388       1.3385925349922241E-6
0.9                       2016.0000000000002       3.919768204877901        3.8348817368895985E7     1.4768238373834388       1.3385925349922241E-6
0.9                       2052                     3.917291864534847        3.992874021921852E7      1.4768238373834388       1.3385925349922241E-6
0.9                       2088                     3.9148478427513416       4.150678651525546E7      1.4768238373834388       1.3385925349922241E-6
0.9                       2124                     3.9124555065691307       4.308298145390589E7      1.4768238373834388       1.3385925349922241E-6
0.9                       2160                     3.910144318801767        4.465736336686475E7      1.4768238373834388       1.3385925349922241E-6
0.9                       2196                     3.9078837495707974       4.622989253416485E7      1.4768238373834388       1.3385925349922241E-6
0.9                       2232                     3.905673798876222        4.7800568955806114E7     1.4768238373834388       1.3385925349922241E-6
0.9                       2268                     3.9035144667180406       4.936939263178856E7      1.4768238373834388       1.3385925349922241E-6
0.9                       2304                     3.9013119107564083       5.093641786001279E7      1.4768238373834388       1.3385925349922241E-6
0.9                       2340                     3.899073093840691        5.2501640611720435E7     1.4768238373834388       1.3385925349922241E-6
0.9                       2376                     3.896833475865847        5.4065040369543225E7     1.4768238373834388       1.3385925349922241E-6
0.9                       2412                     3.894593056831877        5.5626617133481175E7     1.4768238373834388       1.3385925349922241E-6
0.9                       2448                     3.892351020046926        5.718637185779637E7      1.4768238373834388       1.3385925349922241E-6
0.9                       2484                     3.890056001661032        5.874436455847873E7      1.4768238373834388       1.3385925349922241E-6
0.9                       2520.0000000000005       3.887741591423346        6.0300555987651594E7     1.4768238373834388       1.3385925349922241E-6
0.9                       2556                     3.885407789333867        6.185494614531493E7      1.4768238373834388       1.3385925349922241E-6
0.9                       2592                     3.883054595392595        6.3407535031468794E7     1.4768238373834388       1.3385925349922241E-6
0.9                       2628                     3.8806987824402555       6.495836711578389E7      1.4768238373834388       1.3385925349922241E-6
0.9                       2664                     3.87833464038162         6.6507427259139895E7     1.4768238373834388       1.3385925349922241E-6
0.9                       2700                     3.875959245539106        6.805470771001862E7      1.4768238373834388       1.3385925349922241E-6
0.9                       2736                     3.8735725979127134       6.960020846842003E7      1.4768238373834388       1.3385925349922241E-6
0.9                       2772                     3.8712293979924306       7.11439581882288E7       1.4768238373834388       1.3385925349922241E-6
0.9                       2808                     3.868937484947087        7.268596097585472E7      1.4768238373834388       1.3385925349922241E-6
0.9                       2844                     3.866670701250289        7.422620312914032E7      1.4768238373834388       1.3385925349922241E-6
0.9                       2880                     3.864429046902037        7.576468464808539E7      1.4768238373834388       1.3385925349922241E-6
0.9                       2916                     3.8622157192832516       7.730142493683249E7      1.4768238373834388       1.3385925349922241E-6
0.9                       2952                     3.860034140443495        7.883644476298459E7      1.4768238373834388       1.3385925349922241E-6
0.9                       2988.0000000000005       3.857880936250832        8.03697236497394E7       1.4768238373834388       1.3385925349922241E-6
0.9                       3024                     3.8557561067052646       8.19012615970969E7       1.4768238373834388       1.3385925349922241E-6
0.9                       3060                     3.8536586574557763       8.343106791945079E7      1.4768238373834388       1.3385925349922241E-6
0.9                       3096                     3.8515850209052718       8.495917603558683E7      1.4768238373834388       1.3385925349922241E-6
0.9                       3132                     3.8495377938408293       8.648556162059706E7      1.4768238373834388       1.3385925349922241E-6
0.9                       3168                     3.8475169762624493       8.801022467448142E7      1.4768238373834388       1.3385925349922241E-6
0.9                       3204                     3.8455224118446196       8.953316624296953E7      1.4768238373834388       1.3385925349922241E-6
0.9                       3240                     3.843548161784946        9.105442605330354E7      1.4768238373834388       1.3385925349922241E-6
0.9                       3276                     3.841597944115033        9.257397923394655E7      1.4768238373834388       1.3385925349922241E-6
0.9                       3312                     3.8396717588348794       9.409182578489886E7      1.4768238373834388       1.3385925349922241E-6
0.9                       3348                     3.8377696059444864       9.56079657061603E7       1.4768238373834388       1.3385925349922241E-6
0.9                       3384                     3.835879345841775        9.712242614001086E7      1.4768238373834388       1.3385925349922241E-6
0.9                       3420.0000000000005       3.8340053868050323       9.863519723021935E7      1.4768238373834388       1.3385925349922241E-6
0.9                       3456                     3.8321496708311615       1.0014627463477999E8     1.4768238373834388       1.3385925349922241E-6
0.9                       3492                     3.8303121979201626       1.0165565835369283E8     1.4768238373834388       1.3385925349922241E-6
0.9                       3528                     3.8284662296558887       1.031633624890522E8      1.4768238373834388       1.3385925349922241E-6
0.9                       3564                     3.8266089749089436       1.0466938851292649E8     1.4768238373834388       1.3385925349922241E-6
0.9                       3600                     3.824752568685472        1.0617373002519819E8     1.4768238373834388       1.3385925349922241E-6
0.9                       3636                     3.8228970109854727       1.0767638702586727E8     1.4768238373834388       1.3385925349922241E-6
0.9                       3672                     3.821020428471562        1.0917737107639265E8     1.4768238373834388       1.3385925349922241E-6
0.9                       3708                     3.8191012090349323       1.1067669360015766E8     1.4768238373834388       1.3385925349922241E-6
0.9                       3744                     3.817161319227717        1.1217434298643315E8     1.4768238373834388       1.3385925349922241E-6
0.9                       3780                     3.8152007590499166       1.1367031923521903E8     1.4768238373834388       1.3385925349922241E-6
0.9                       3816                     3.8132141479539383       1.151646307696859E8      1.4768238373834388       1.3385925349922241E-6
0.9                       3852                     3.8111836761620825       1.1665730547078662E8     1.4768238373834388       1.3385925349922241E-6
0.9                       3888.0000000000005       3.809122472920897        1.1814832278487298E8     1.4768238373834388       1.3385925349922241E-6
0.9                       3924.0000000000005       3.8070305382303817       1.1963768271194507E8     1.4768238373834388       1.3385925349922241E-6
0.9                       3960.0000000000005       3.8049081513457055       1.2112540460539915E8     1.4768238373834388       1.3385925349922241E-6
0.9                       3996.0000000000005       3.8027555646456714       1.2261150595600168E8     1.4768238373834388       1.3385925349922241E-6
0.9                       4032.0000000000005       3.800572530810585        1.2409596962360069E8     1.4768238373834388       1.3385925349922241E-6
0.9                       4068.0000000000005       3.7983590498404474       1.2557879560819626E8     1.4768238373834388       1.3385925349922241E-6
0.9                       4104                     3.7961225119417707       1.2706001304945002E8     1.4768238373834388       1.3385925349922241E-6
0.9                       4140.000000000001        3.7938629902940666       1.2853962223590949E8     1.4768238373834388       1.3385925349922241E-6
0.9                       4176                     3.791577853034112        1.300176127901104E8      1.4768238373834388       1.3385925349922241E-6
0.9                       4212                     3.789267100161907        1.3149398471205279E8     1.4768238373834388       1.3385925349922241E-6
0.9                       4248                     3.7869410635940266       1.3296877227699637E8     1.4768238373834388       1.3385925349922241E-6
0.9                       4284                     3.784595097392991        1.3444196007243627E8     1.4768238373834388       1.3385925349922241E-6
0.9                       4320                     3.782228374596694        1.3591354535499585E8     1.4768238373834388       1.3385925349922241E-6
0.9                       4356                     3.779842364114596        1.373835317518722E8      1.4768238373834388       1.3385925349922241E-6
0.9                       4392                     3.7774487099923197       1.3885194801586032E8     1.4768238373834388       1.3385925349922241E-6
0.9                       4428                     3.775040088597272        1.4031877606261787E8     1.4768238373834388       1.3385925349922241E-6
0.9                       4464                     3.772616499929452        1.4178401589214486E8     1.4768238373834388       1.3385925349922241E-6
0.9                       4500                     3.770181534327124        1.4324767730752224E8     1.4768238373834388       1.3385925349922241E-6
0.9                       4536                     3.767741547065468        1.4470977766123047E8     1.4768238373834388       1.3385925349922241E-6
0.9                       4572                     3.765291530905983        1.461703032814762E8      1.4768238373834388       1.3385925349922241E-6
0.9                       4608                     3.7628314858486696       1.476292541682595E8      1.4768238373834388       1.3385925349922241E-6
0.9                       4644                     3.7603646393460064       1.490866466337496E8      1.4768238373834388       1.3385925349922241E-6
0.9                       4680                     3.7578921891137775       1.5054248673143393E8     1.4768238373834388       1.3385925349922241E-6
0.9                       4716                     3.755412292541624        1.519967651484032E8      1.4768238373834388       1.3385925349922241E-6
0.9                       4752                     3.7529249496295454       1.5344948188465738E8     1.4768238373834388       1.3385925349922241E-6
0.9                       4788                     3.750418994609008        1.5490068237501565E8     1.4768238373834388       1.3385925349922241E-6
0.9                       4824                     3.7478972354365125       1.563503551935745E8      1.4768238373834388       1.3385925349922241E-6
0.9                       4860                     3.745361900871328        1.5779849127125138E8     1.4768238373834388       1.3385925349922241E-6
0.9                       4896                     3.742812990913454        1.592450906080463E8      1.4768238373834388       1.3385925349922241E-6
0.9                       4932                     3.7402505055628916       1.6069015320395935E8     1.4768238373834388       1.3385925349922241E-6
0.9                       4968                     3.737674444819639        1.6213367905899042E8     1.4768238373834388       1.3385925349922241E-6
0.9                       5004                     3.7350848086836974       1.6357566817313963E8     1.4768238373834388       1.3385925349922241E-6
0.9                       5040.000000000001        3.7324452047333794       1.650161304722643E8      1.4768238373834388       1.3385925349922241E-6
0.9                       5076                     3.7296533539516203       1.6645509385247242E8     1.4768238373834388       1.3385925349922241E-6
0.9                       5112                     3.7268091861011974       1.6789253105840373E8     1.4768238373834388       1.3385925349922241E-6
0.9                       5148                     3.7239127011821105       1.6932844209005824E8     1.4768238373834388       1.3385925349922241E-6
0.9                       5184                     3.7209638991943597       1.707628269474358E8      1.4768238373834388       1.3385925349922241E-6
0.9                       5220                     3.717962780137945        1.7219568563053682E8     1.4768238373834388       1.3385925349922241E-6
0.9                       5256                     3.714723801223961        1.736270761215262E8      1.4768238373834388       1.3385925349922241E-6
0.9                       5292                     3.7113560861130943       1.7505696431923446E8     1.4768238373834388       1.3385925349922241E-6
0.9                       5328                     3.7078719100022295       1.7648534638765958E8     1.4768238373834388       1.3385925349922241E-6
0.9                       5364                     3.7042712728913663       1.7791222232680166E8     1.4768238373834388       1.3385925349922241E-6
0.9                       5400                     3.700554174780504        1.7933759213666043E8     1.4768238373834388       1.3385925349922241E-6
0.9                       5436                     3.6966957896892443       1.8076148313926327E8     1.4768238373834388       1.3385925349922241E-6
0.9                       5472                     3.692694246766133        1.821838973935598E8      1.4768238373834388       1.3385925349922241E-6
0.9                       5508                     3.688562576216567        1.8360482055926567E8     1.4768238373834388       1.3385925349922241E-6
0.9                       5544                     3.684300778040546        1.8502425263638097E8     1.4768238373834388       1.3385925349922241E-6
0.9                       5580                     3.679908852238071        1.864421936249056E8      1.4768238373834388       1.3385925349922241E-6
0.9                       5616                     3.6756619988394843       1.8785867820756304E8     1.4768238373834388       1.3385925349922241E-6
0.9                       5652                     3.67144930762367         1.892736924066352E8      1.4768238373834388       1.3385925349922241E-6
0.9                       5688                     3.6672245780268793       1.9068723039958832E8     1.4768238373834388       1.3385925349922241E-6
0.9                       5724                     3.662987810049111        1.920992921864225E8      1.4768238373834388       1.3385925349922241E-6
0.9                       5760                     3.6587555778553598       1.9350954740863788E8     1.4768238373834388       1.3385925349922241E-6
0.9                       5796                     3.654847933206137        1.9491251582760838E8     1.4768238373834388       1.3385925349922241E-6
0.9                       5832                     3.650940288556914        1.9631548424657875E8     1.4768238373834388       1.3385925349922241E-6
0.9                       5868                     3.6470326439076914       1.9771845266554925E8     1.4768238373834388       1.3385925349922241E-6
0.9                       5904                     3.6431249992584687       1.9912142108451962E8     1.4768238373834388       1.3385925349922241E-6
0.9                       5940.000000000001        3.6392571432780945       2.0052274213461643E8     1.4768238373834388       1.3385925349922241E-6
0.9                       5976.000000000001        3.6354995419763667       2.0191949831408477E8     1.4768238373834388       1.3385925349922241E-6
0.9                       6012                     3.631741940674639        2.0331625449355298E8     1.4768238373834388       1.3385925349922241E-6
0.9                       6048                     3.627984339372911        2.0471301067302132E8     1.4768238373834388       1.3385925349922241E-6
0.9                       6084                     3.6242267380711835       2.0610976685248953E8     1.4768238373834388       1.3385925349922241E-6
0.9                       6120                     3.619958538610334        2.07503140183018E8       1.4768238373834388       1.3385925349922241E-6
0.9                       6156                     3.6156695309967626       2.088963756539867E8      1.4768238373834388       1.3385925349922241E-6
0.9                       6192                     3.611030689022752        2.1028779713071293E8     1.4768238373834388       1.3385925349922241E-6
0.9                       6228                     3.6060682019759667       2.1167754041237032E8     1.4768238373834388       1.3385925349922241E-6
0.9                       6264                     3.6009817707165          2.1306714652017948E8     1.4768238373834388       1.3385925349922241E-6
0.9                       6300                     3.5944311371366213       2.1445513213871646E8     1.4768238373834388       1.3385925349922241E-6
0.9                       6336                     3.587878963152195        2.1584161840775532E8     1.4768238373834388       1.3385925349922241E-6
0.9                       6372                     3.58089216857333         2.1722715220259976E8     1.4768238373834388       1.3385925349922241E-6
0.9                       6408                     3.570391385888241        2.1861143991650915E8     1.4768238373834388       1.3385925349922241E-6
0.9                       6444                     3.559029221071045        2.1999397463400304E8     1.4768238373834388       1.3385925349922241E-6
0.9                       6480                     3.546952655536195        2.2137381478059006E8     1.4768238373834388       1.3385925349922241E-6
0.9                       6516                     3.5347702406488124       2.2275345833281046E8     1.4768238373834388       1.3385925349922241E-6
0.9                       6552                     3.513427779857719        2.2413199505952367E8     1.4768238373834388       1.3385925349922241E-6
0.9                       6588                     3.4919460607605672       2.255086071980514E8      1.4768238373834388       1.3385925349922241E-6
0.9                       6624                     3.4703057787265887       2.2688316531527406E8     1.4768238373834388       1.3385925349922241E-6
0.9                       6660                     3.4411876588782033       2.2825747126704848E8     1.4768238373834388       1.3385925349922241E-6
0.9                       6696                     3.399255490928962        2.2963038738757786E8     1.4768238373834388       1.3385925349922241E-6
0.9                       6732                     3.3572164066533596       2.310012854339547E8      1.4768238373834388       1.3385925349922241E-6
0.9                       6768                     3.315072766926107        2.3237122630067414E8     1.4768238373834388       1.3385925349922241E-6
0.9                       6804                     3.247204135111187        2.3374016200006315E8     1.4768238373834388       1.3385925349922241E-6
0.9                       6840.000000000001        3.1635264488551065       2.3510717764759773E8     1.4768238373834388       1.3385925349922241E-6
0.9                       6876.000000000001        3.0798028372773993       2.3647309883160898E8     1.4768238373834388       1.3385925349922241E-6
0.9                       6912                     2.996015717093787        2.3783796801619422E8     1.4768238373834388       1.3385925349922241E-6
0.9                       6948                     2.8390309195819303       2.3920149645868462E8     1.4768238373834388       1.3385925349922241E-6
1                         0                        4.118559309367488        -5.906260655800332E7     1.4768238373834388       1.4873250388802488E-6
1                         36                       4.108021632411066        -5.7369982448368564E7    1.4768238373834388       1.4873250388802488E-6
1                         72                       4.102889262198621        -5.5679687604738444E7    1.4768238373834388       1.4873250388802488E-6
1                         108                      4.098131606135805        -5.399215820892435E7     1.4768238373834388       1.4873250388802488E-6
1                         144                      4.093449459031637        -5.2306760578599975E7    1.4768238373834388       1.4873250388802488E-6
1                         180                      4.088807737086361        -5.062518947565751E7     1.4768238373834388       1.4873250388802488E-6
1                         216                      4.084173970101893        -4.894446640424516E7     1.4768238373834388       1.4873250388802488E-6
1                         252.00000000000003       4.079575202871312        -4.726712742882933E7     1.4768238373834388       1.4873250388802488E-6
1                         288                      4.075003975341045        -4.5592304541581936E7    1.4768238373834388       1.4873250388802488E-6
1                         324                      4.0704878409835485       -4.392251508892537E7     1.4768238373834388       1.4873250388802488E-6
1                         360                      4.065971706626052        -4.2252725636268795E7    1.4768238373834388       1.4873250388802488E-6
1                         396                      4.061455572268556        -4.058293618361223E7     1.4768238373834388       1.4873250388802488E-6
1                         432                      4.057306628554009        -3.891896875330642E7     1.4768238373834388       1.4873250388802488E-6
1                         468                      4.053262630175733        -3.725666529267177E7     1.4768238373834388       1.4873250388802488E-6
1                         504.00000000000006       4.049218631797456        -3.55943618320371E7      1.4768238373834388       1.4873250388802488E-6
1                         540                      4.045266569637141        -3.39336961503235E7      1.4768238373834388       1.4873250388802488E-6
1                         576                      4.0416363876937975       -3.227876453779595E7     1.4768238373834388       1.4873250388802488E-6
1                         612                      4.038006205750453        -3.0623832925268345E7    1.4768238373834388       1.4873250388802488E-6
1                         648                      4.03437602380711         -2.896890131274081E7     1.4768238373834388       1.4873250388802488E-6
1                         684                      4.030420414247779        -2.7318379731795534E7    1.4768238373834388       1.4873250388802488E-6
1                         720                      4.026302050198613        -2.5670063717941232E7    1.4768238373834388       1.4873250388802488E-6
1                         756                      4.022183686149447        -2.402174770408698E7     1.4768238373834388       1.4873250388802488E-6
1                         792                      4.018642273009165        -2.2376486302883632E7    1.4768238373834388       1.4873250388802488E-6
1                         828                      4.015760379535058        -2.0734716666897718E7    1.4768238373834388       1.4873250388802488E-6
1                         864                      4.012878486060951        -1.9092947030911878E7    1.4768238373834388       1.4873250388802488E-6
1                         900                      4.009952884467519        -1.745289764237967E7     1.4768238373834388       1.4873250388802488E-6
1                         936                      4.006907051391859        -1.5817580278568419E7    1.4768238373834388       1.4873250388802488E-6
1                         972.0000000000001        4.003861218316199        -1.4182262914757203E7    1.4768238373834388       1.4873250388802488E-6
1                         1008.0000000000001       4.000804331836618        -1.2547373434056947E7    1.4768238373834388       1.4873250388802488E-6
1                         1044                     3.997592559419376        -1.0918479669910146E7    1.4768238373834388       1.4873250388802488E-6
1                         1080                     3.9943807870021346       -9289585.905763317       1.4768238373834388       1.4873250388802488E-6
1                         1116                     3.9911690145848926       -7660692.141616522       1.4768238373834388       1.4873250388802488E-6
1                         1152                     3.987878663436075        -6037315.876534866       1.4768238373834388       1.4873250388802488E-6
1                         1188                     3.9845762174392223       -4414788.865588415       1.4768238373834388       1.4873250388802488E-6
1                         1224                     3.981273771442369        -2792261.8546420042      1.4768238373834388       1.4873250388802488E-6
1                         1260.0000000000002       3.978046977450594        -1171702.3696282154      1.4768238373834388       1.4873250388802488E-6
1                         1296                     3.9749069350016337       446600.91728478065       1.4768238373834388       1.4873250388802488E-6
1                         1332                     3.971825593808965        2063377.5263006003       1.4768238373834388       1.4873250388802488E-6
1                         1368                     3.9688029538725877       3678627.457419207        1.4768238373834388       1.4873250388802488E-6
1                         1404                     3.965839015192502        5292350.71064058         1.4768238373834388       1.4873250388802488E-6
1                         1440                     3.962933777768708        6904547.285964837        1.4768238373834388       1.4873250388802488E-6
1                         1476                     3.960070537858447        8514944.586146208        1.4768238373834388       1.4873250388802488E-6
1                         1512                     3.9572081473855834       1.0122871093885893E7     1.4768238373834388       1.4873250388802488E-6
1                         1548                     3.954385662386021        1.1728964185367588E7     1.4768238373834388       1.4873250388802488E-6
1                         1584                     3.951603082859759        1.3333223860591315E7     1.4768238373834388       1.4873250388802488E-6
1                         1620                     3.9488604088067984       1.4935650119557012E7     1.4768238373834388       1.4873250388802488E-6
1                         1656                     3.9461576402271388       1.6536242962264726E7     1.4768238373834388       1.4873250388802488E-6
1                         1692                     3.94349477712078         1.8135002388714507E7     1.4768238373834388       1.4873250388802488E-6
1                         1728                     3.9407874853297136       1.973178880432178E7      1.4768238373834388       1.4873250388802488E-6
1                         1764                     3.938082120522541        2.1326678939565055E7     1.4768238373834388       1.4873250388802488E-6
1                         1800                     3.9353898770714237       2.2919691323991187E7     1.4768238373834388       1.4873250388802488E-6
1                         1836                     3.932710754976361        2.451082595760019E7      1.4768238373834388       1.4873250388802488E-6
1                         1872                     3.930044754237354        2.610008284039203E7      1.4768238373834388       1.4873250388802488E-6
1                         1908                     3.927397842030534        2.7687462673568904E7     1.4768238373834388       1.4873250388802488E-6
1                         1944.0000000000002       3.924824613248258        2.9272971872570075E7     1.4768238373834388       1.4873250388802488E-6
1                         1980.0000000000002       3.9222835871713753       3.0856605563001312E7     1.4768238373834388       1.4873250388802488E-6
1                         2016.0000000000002       3.919774763799887        3.24383637448624E7       1.4768238373834388       1.4873250388802488E-6
1                         2052                     3.9172981431337934       3.4018246418153554E7     1.4768238373834388       1.4873250388802488E-6
1                         2088                     3.9148537251730935       3.559625358287458E7      1.4768238373834388       1.4873250388802488E-6
1                         2124                     3.9124610709341496       3.717241041025587E7      1.4768238373834388       1.4873250388802488E-6
1                         2160                     3.9101499383214255       3.8746755192942955E7     1.4768238373834388       1.4873250388802488E-6
1                         2196                     3.9078894916781484       4.031924825143233E7      1.4768238373834388       1.4873250388802488E-6
1                         2232                     3.9056797310043176       4.188988958572391E7      1.4768238373834388       1.4873250388802488E-6
1                         2268                     3.9035206562999334       4.345867919581783E7      1.4768238373834388       1.4873250388802488E-6
1                         2304                     3.901318692633383        4.502567118998391E7      1.4768238373834388       1.4873250388802488E-6
1                         2340                     3.8990803281796693       4.659086181653445E7      1.4768238373834388       1.4873250388802488E-6
1                         2376                     3.8968412332913727       4.815423044963478E7      1.4768238373834388       1.4873250388802488E-6
1                         2412                     3.8946014079684934       4.971577708928496E7      1.4768238373834388       1.4873250388802488E-6
1                         2448                     3.892360199749845        5.1275502495739505E7     1.4768238373834388       1.4873250388802488E-6
1                         2484                     3.8900658304729543       5.283346700145305E7      1.4768238373834388       1.4873250388802488E-6
1                         2520.0000000000005       3.8877520911880716       5.438963123274166E7      1.4768238373834388       1.4873250388802488E-6
1                         2556                     3.8854189818951963       5.594399518960522E7      1.4768238373834388       1.4873250388802488E-6
1                         2592                     3.8830665025943287       5.749655887204388E7      1.4768238373834388       1.4873250388802488E-6
1                         2628                     3.88071120295565         5.9047366403938964E7     1.4768238373834388       1.4873250388802488E-6
1                         2664                     3.878347617944788        6.059640321469629E7      1.4768238373834388       1.4873250388802488E-6
1                         2700                     3.875972754170953        6.2143661323490955E7     1.4768238373834388       1.4873250388802488E-6
1                         2736                     3.8735866116341464       6.368914073032292E7      1.4768238373834388       1.4873250388802488E-6
1                         2772                     3.8712431671473237       6.523286969725093E7      1.4768238373834388       1.4873250388802488E-6
1                         2808                     3.8689514156213947       6.677485293397684E7      1.4768238373834388       1.4873250388802488E-6
1                         2844                     3.8666847489136402       6.831507650857605E7      1.4768238373834388       1.4873250388802488E-6
1                         2880                     3.86444316702406         6.985354042104845E7      1.4768238373834388       1.4873250388802488E-6
1                         2916                     3.8622297752337684       7.139026367013511E7      1.4768238373834388       1.4873250388802488E-6
1                         2952                     3.8600480905902246       7.292526777384719E7      1.4768238373834388       1.4873250388802488E-6
1                         2988.0000000000005       3.8578947151961565       7.445853194315845E7      1.4768238373834388       1.4873250388802488E-6
1                         3024                     3.8557696490515645       7.599005617806908E7      1.4768238373834388       1.4873250388802488E-6
1                         3060                     3.8536720361781795       7.751984932503071E7      1.4768238373834388       1.4873250388802488E-6
1                         3096                     3.851598578855183        7.904794546566573E7      1.4768238373834388       1.4873250388802488E-6
1                         3132                     3.84955165278746         8.057432004729646E7      1.4768238373834388       1.4873250388802488E-6
1                         3168                     3.8475312579750103       8.209897306992282E7      1.4768238373834388       1.4873250388802488E-6
1                         3204                     3.845537295430933        8.362190516376603E7      1.4768238373834388       1.4873250388802488E-6
1                         3240                     3.8435634030380483       8.51431568346068E7       1.4768238373834388       1.4873250388802488E-6
1                         3276                     3.8416135364767436       8.666270289775942E7      1.4768238373834388       1.4873250388802488E-6
1                         3312                     3.8396876957470183       8.818054335322383E7      1.4768238373834388       1.4873250388802488E-6
1                         3348                     3.8377858808488727       8.969667820099995E7      1.4768238373834388       1.4873250388802488E-6
1                         3384                     3.8358964996013794       9.121113420433891E7      1.4768238373834388       1.4873250388802488E-6
1                         3420.0000000000005       3.8340234624007814       9.272390233517975E7      1.4768238373834388       1.4873250388802488E-6
1                         3456                     3.8321688139045653       9.423497787295416E7      1.4768238373834388       1.4873250388802488E-6
1                         3492                     3.830332554112732        9.574436081766218E7      1.4768238373834388       1.4873250388802488E-6
1                         3528                     3.8284891785586868       9.72520649486484E7       1.4768238373834388       1.4873250388802488E-6
1                         3564                     3.8266347521816817       9.875809239191532E7      1.4768238373834388       1.4873250388802488E-6
1                         3600                     3.8247816504509347       1.0026243646134566E8     1.4768238373834388       1.4873250388802488E-6
1                         3636                     3.8229298733664443       1.0176509715693939E8     1.4768238373834388       1.4873250388802488E-6
1                         3672                     3.8210583745241262       1.032660854185385E8      1.4768238373834388       1.4873250388802488E-6
1                         3708                     3.819143879915413        1.0476541334388542E8     1.4768238373834388       1.4873250388802488E-6
1                         3744                     3.817209069770177        1.062630691438816E8      1.4768238373834388       1.4873250388802488E-6
1                         3780                     3.8152539440884166       1.0775905281852716E8     1.4768238373834388       1.4873250388802488E-6
1                         3816                     3.8132734854143173       1.092533720494628E8      1.4768238373834388       1.4873250388802488E-6
1                         3852                     3.811248849792125        1.1074605568646944E8     1.4768238373834388       1.4873250388802488E-6
1                         3888.0000000000005       3.8091936629006935       1.1223708286886077E8     1.4768238373834388       1.4873250388802488E-6
1                         3924.0000000000005       3.8071079247400226       1.1372645359663689E8     1.4768238373834388       1.4873250388802488E-6
1                         3960.0000000000005       3.8049916289168375       1.1521418622835259E8     1.4768238373834388       1.4873250388802488E-6
1                         3996.0000000000005       3.8028447688303353       1.1670029971848239E8     1.4768238373834388       1.4873250388802488E-6
1                         4032.0000000000005       3.8006673506290083       1.1818477641138087E8     1.4768238373834388       1.4873250388802488E-6
1                         4068.0000000000005       3.7984593743128547       1.196676163070479E8      1.4768238373834388       1.4873250388802488E-6
1                         4104                     3.7962280606635033       1.2114884748557505E8     1.4768238373834388       1.4873250388802488E-6
1                         4140.000000000001        3.7939739338851584       1.226284719854814E8      1.4768238373834388       1.4873250388802488E-6
1                         4176                     3.7916941513403715       1.2410647875235164E8     1.4768238373834388       1.4873250388802488E-6
1                         4212                     3.789388713029143        1.2558286778618564E8     1.4768238373834388       1.4873250388802488E-6
1                         4248                     3.787067618649857        1.2705767234116459E8     1.4768238373834388       1.4873250388802488E-6
1                         4284                     3.7847267541122935       1.2853087873580551E8     1.4768238373834388       1.4873250388802488E-6
1                         4320                     3.782365086572797        1.300024835353679E8      1.4768238373834388       1.4873250388802488E-6
1                         4356                     3.779983784756849        1.314724896422587E8      1.4768238373834388       1.4873250388802488E-6
1                         4392                     3.777594879144619        1.3294092693291005E8     1.4768238373834388       1.4873250388802488E-6
1                         4428                     3.7751909312176024       1.3440777693454355E8     1.4768238373834388       1.4873250388802488E-6
1                         4464                     3.7727719409758005       1.3587303964715922E8     1.4768238373834388       1.4873250388802488E-6
1                         4500                     3.770341199126747        1.3733672406952083E8     1.4768238373834388       1.4873250388802488E-6
1                         4536                     3.7679055121336993       1.3879884881457186E8     1.4768238373834388       1.4873250388802488E-6
1                         4572                     3.7654597142407713       1.4025939975604457E8     1.4768238373834388       1.4873250388802488E-6
1                         4608                     3.763003805447963        1.4171837689393896E8     1.4768238373834388       1.4873250388802488E-6
1                         4644                     3.760540925758609        1.4317579563678873E8     1.4768238373834388       1.4873250388802488E-6
1                         4680                     3.7580726038643943       1.4463166348614565E8     1.4768238373834388       1.4873250388802488E-6
1                         4716                     3.7555968311665042       1.4608597058547148E8     1.4768238373834388       1.4873250388802488E-6
1                         4752                     3.7531136076649387       1.4753871693476638E8     1.4768238373834388       1.4873250388802488E-6
1                         4788                     3.750612782785363        1.4898994593244427E8     1.4768238373834388       1.4873250388802488E-6
1                         4824                     3.748096269121681        1.5043964940127915E8     1.4768238373834388       1.4873250388802488E-6
1                         4860                     3.745566478438384        1.5188781702985877E8     1.4768238373834388       1.4873250388802488E-6
1                         4896                     3.7430234107354727       1.5333444881818333E8     1.4768238373834388       1.4873250388802488E-6
1                         4932                     3.740467066012947        1.5477954476625264E8     1.4768238373834388       1.4873250388802488E-6
1                         4968                     3.7378974442708066       1.5622310487406683E8     1.4768238373834388       1.4873250388802488E-6
1                         5004                     3.735314545509052        1.5766512914162597E8     1.4768238373834388       1.4873250388802488E-6
1                         5040.000000000001        3.73268750141731         1.5910562616228694E8     1.4768238373834388       1.4873250388802488E-6
1                         5076                     3.7299064590974793       1.6054462651774162E8     1.4768238373834388       1.4873250388802488E-6
1                         5112                     3.727073899935442        1.6198210167843598E8     1.4768238373834388       1.4873250388802488E-6
1                         5148                     3.7241898239311997       1.6341805164437044E8     1.4768238373834388       1.4873250388802488E-6
1                         5184                     3.7212542310847505       1.648524764155446E8      1.4768238373834388       1.4873250388802488E-6
1                         5220                     3.718267121396096        1.6628537599195862E8     1.4768238373834388       1.4873250388802488E-6
1                         5256                     3.715057362965238        1.6771680395169395E8     1.4768238373834388       1.4873250388802488E-6
1                         5292                     3.711708963703811        1.691467339935013E8      1.4768238373834388       1.4873250388802488E-6
1                         5328                     3.7082450373329694       1.7057515888092276E8     1.4768238373834388       1.4873250388802488E-6
1                         5364                     3.7046655838527127       1.7200207861395824E8     1.4768238373834388       1.4873250388802488E-6
1                         5400                     3.7009706032630407       1.7342749319260758E8     1.4768238373834388       1.4873250388802488E-6
1                         5436                     3.697138198740915        1.7485142541783705E8     1.4768238373834388       1.4873250388802488E-6
1                         5472                     3.6931586348446976       1.762738854270745E8      1.4768238373834388       1.4873250388802488E-6
1                         5508                     3.6890490296583933       1.7769485539541274E8     1.4768238373834388       1.4873250388802488E-6
1                         5544                     3.6848093831820026       1.7911433532285127E8     1.4768238373834388       1.4873250388802488E-6
1                         5580                     3.6804396954155245       1.8053232520939034E8     1.4768238373834388       1.4873250388802488E-6
1                         5616                     3.676167893002662        1.8194885402091825E8     1.4768238373834388       1.4873250388802488E-6
1                         5652                     3.671962524271324        1.833639177604229E8      1.4768238373834388       1.4873250388802488E-6
1                         5688                     3.6677447149723545       1.8477750640422827E8     1.4768238373834388       1.4873250388802488E-6
1                         5724                     3.663514465105754        1.861896199523348E8      1.4768238373834388       1.4873250388802488E-6
1                         5760                     3.659271774671522        1.876002584047424E8      1.4768238373834388       1.4873250388802488E-6
1                         5796                     3.6553323858682965       1.8900378259399626E8     1.4768238373834388       1.4873250388802488E-6
1                         5832                     3.6514309463116623       1.904065365038721E8      1.4768238373834388       1.4873250388802488E-6
1                         5868                     3.6475295067550286       1.918092904137479E8      1.4768238373834388       1.4873250388802488E-6
1                         5904                     3.643628067198395        1.9321204432362384E8     1.4768238373834388       1.4873250388802488E-6
1                         5940.000000000001        3.6397382296036365       1.9461430423623633E8     1.4768238373834388       1.4873250388802488E-6
1                         5976.000000000001        3.6359834549874037       1.9601081333338276E8     1.4768238373834388       1.4873250388802488E-6
1                         6012                     3.6322286803711714       1.974073224305292E8      1.4768238373834388       1.4873250388802488E-6
1                         6048                     3.628473905754939        1.9880383152767575E8     1.4768238373834388       1.4873250388802488E-6
1                         6084                     3.6247191311387064       2.002003406248222E8      1.4768238373834388       1.4873250388802488E-6
1                         6120                     3.620559129301561        2.0159425277693045E8     1.4768238373834388       1.4873250388802488E-6
1                         6156                     3.6162628983915526       2.0298729188942885E8     1.4768238373834388       1.4873250388802488E-6
1                         6192                     3.6117412641065822       2.043791610466526E8      1.4768238373834388       1.4873250388802488E-6
1                         6228                     3.6067814316003677       2.0576875573784244E8     1.4768238373834388       1.4873250388802488E-6
1                         6264                     3.601821599094153        2.0715835042903212E8     1.4768238373834388       1.4873250388802488E-6
1                         6300                     3.5953871784040183       2.0854631441694874E8     1.4768238373834388       1.4873250388802488E-6
1                         6336                     3.5888420678086166       2.099329148333612E8      1.4768238373834388       1.4873250388802488E-6
1                         6372                     3.5819776525149063       2.113184662141145E8      1.4768238373834388       1.4873250388802488E-6
1                         6408                     3.5721199074072336       2.1270281056888366E8     1.4768238373834388       1.4873250388802488E-6
1                         6444                     3.560770903473566        2.1408539995218003E8     1.4768238373834388       1.4873250388802488E-6
1                         6480                     3.5488367904722065       2.1546549710556358E8     1.4768238373834388       1.4873250388802488E-6
1                         6516                     3.5367385662906377       2.168449897155323E8      1.4768238373834388       1.4873250388802488E-6
1                         6552                     3.5168178253549067       2.182236608094392E8      1.4768238373834388       1.4873250388802488E-6
1                         6588                     3.495387575703382        2.1960063454798055E8     1.4768238373834388       1.4873250388802488E-6
1                         6624                     3.4737503894073263       2.2097502559538573E8     1.4768238373834388       1.4873250388802488E-6
1                         6660                     3.4477214199505952       2.2234926945851493E8     1.4768238373834388       1.4873250388802488E-6
1                         6696                     3.406092622649378        2.2372224045765725E8     1.4768238373834388       1.4873250388802488E-6
1                         6732                     3.364094361422647        2.250931390506952E8      1.4768238373834388       1.4873250388802488E-6
1                         6768                     3.3220816764175485       2.2646323104130626E8     1.4768238373834388       1.4873250388802488E-6
1                         6804                     3.2610777387143397       2.2783225320911026E8     1.4768238373834388       1.4873250388802488E-6
1                         6840.000000000001        3.1774887922155597       2.291995243425706E8      1.4768238373834388       1.4873250388802488E-6
1                         6876.000000000001        3.0938460024337355       2.3056542177497256E8     1.4768238373834388       1.4873250388802488E-6
1                         6912                     3.010143295501974        2.3193030880324087E8     1.4768238373834388       1.4873250388802488E-6
1                         6948                     2.867501085910231        2.332939562845508E8      1.4768238373834388       1.4873250388802488E-6
1.1                       0                        4.118545278253134        -6.496906771744783E7     1.4768238373834388       1.636057542768274E-6
1.1                       36                       4.108001594891933        -6.327654993491151E7     1.4768238373834388       1.636057542768274E-6
1.1                       72                       4.102870029432797        -6.158635997934277E7     1.4768238373834388       1.636057542768274E-6
1.1                       108                      4.0981137819179505       -5.989893378525601E7     1.4768238373834388       1.636057542768274E-6
1.1                       144                      4.0934332262814666       -5.821363806418607E7     1.4768238373834388       1.636057542768274E-6
1.1                       180                      4.088793167645705        -5.653216656417686E7     1.4768238373834388       1.636057542768274E-6
1.1                       216                      4.08416105501038         -5.485154258599028E7     1.4768238373834388       1.636057542768274E-6
1.1                       252.00000000000003       4.079563843525065        -5.317430067428391E7     1.4768238373834388       1.636057542768274E-6
1.1                       288                      4.0749940989161955       -5.149957334776257E7     1.4768238373834388       1.636057542768274E-6
1.1                       324                      4.070479301795944        -4.982987644911371E7     1.4768238373834388       1.636057542768274E-6
1.1                       360                      4.065964504675693        -4.816017955046482E7     1.4768238373834388       1.636057542768274E-6
1.1                       396                      4.061449707555443        -4.649048265181586E7     1.4768238373834388       1.636057542768274E-6
1.1                       432                      4.05730125464302         -4.482660432517089E7     1.4768238373834388       1.636057542768274E-6
1.1                       468                      4.053257505150522        -4.316438898206669E7     1.4768238373834388       1.636057542768274E-6
1.1                       504.00000000000006       4.049213755658023        -4.1502173638962485E7    1.4768238373834388       1.636057542768274E-6
1.1                       540                      4.045262122598325        -3.9841595101281546E7    1.4768238373834388       1.636057542768274E-6
1.1                       576                      4.0416330007103305       -3.818674722444853E7     1.4768238373834388       1.636057542768274E-6
1.1                       612                      4.038003878822336        -3.653189934761549E7     1.4768238373834388       1.636057542768274E-6
1.1                       648                      4.0343747569343416       -3.487705147078249E7     1.4768238373834388       1.636057542768274E-6
1.1                       684                      4.030581921902141        -3.3224140565726493E7    1.4768238373834388       1.636057542768274E-6
1.1                       720                      4.026610268294937        -3.1573345352325458E7    1.4768238373834388       1.636057542768274E-6
1.1                       756                      4.022522280965479        -2.992392654115416E7     1.4768238373834388       1.636057542768274E-6
1.1                       792                      4.018411401325368        -2.8275974754135385E7    1.4768238373834388       1.636057542768274E-6
1.1                       828                      4.01518709876448         -2.663037201844878E7     1.4768238373834388       1.636057542768274E-6
1.1                       864                      4.0123054112902725       -2.4986590785539657E7    1.4768238373834388       1.636057542768274E-6
1.1                       900                      4.009766338902746        -2.3344631055408075E7    1.4768238373834388       1.636057542768274E-6
1.1                       936                      4.007080854170009        -2.170464003823768E7     1.4768238373834388       1.636057542768274E-6
1.1                       972.0000000000001        4.004013581297834        -2.006668858836452E7     1.4768238373834388       1.636057542768274E-6
1.1                       1008.0000000000001       4.000860645470729        -1.843068756428027E7     1.4768238373834388       1.636057542768274E-6
1.1                       1044                     3.997622046688693        -1.6796636965985056E7    1.4768238373834388       1.636057542768274E-6
1.1                       1080                     3.99439852860592         -1.51646162961186E7      1.4768238373834388       1.636057542768274E-6
1.1                       1116                     3.9911335838547974       -1.3534580961451419E7    1.4768238373834388       1.636057542768274E-6
1.1                       1152                     3.9878272080668107       -1.1906530958536018E7    1.4768238373834388       1.636057542768274E-6
1.1                       1188                     3.9845135642255194       -1.0280464950357642E7    1.4768238373834388       1.636057542768274E-6
1.1                       1224                     3.9812289628984425       -8656381.515852667       1.4768238373834388       1.636057542768274E-6
1.1                       1260.0000000000002       3.977941369229648        -7034281.908748778       1.4768238373834388       1.636057542768274E-6
1.1                       1296                     3.974650783219136        -5414166.129046143       1.4768238373834388       1.636057542768274E-6
1.1                       1332                     3.9715156912205245       -3796011.9825309343      1.4768238373834388       1.636057542768274E-6
1.1                       1368                     3.968473208561196        -2179828.275487354       1.4768238373834388       1.636057542768274E-6
1.1                       1404                     3.965507973294586        -565617.1591814562       1.4768238373834388       1.636057542768274E-6
1.1                       1440                     3.96263438730862         1046637.7461191185       1.4768238373834388       1.636057542768274E-6
1.1                       1476                     3.9598816751274333       2656969.678409787        1.4768238373834388       1.636057542768274E-6
1.1                       1512                     3.9572284344160678       4265354.296123607        1.4768238373834388       1.636057542768274E-6
1.1                       1548                     3.9546746651745233       5871791.599260636        1.4768238373834388       1.636057542768274E-6
1.1                       1584                     3.9519228920661096       7471547.160989812        1.4768238373834388       1.636057542768274E-6
1.1                       1620                     3.949097153831872        9069733.172135007        1.4768238373834388       1.636057542768274E-6
1.1                       1656                     3.946271415597635        1.0667919183280151E7     1.4768238373834388       1.636057542768274E-6
1.1                       1692                     3.943481186739179        1.2264599073403146E7     1.4768238373834388       1.636057542768274E-6
1.1                       1728                     3.940815280653995        1.3856005845138628E7     1.4768238373834388       1.636057542768274E-6
1.1                       1764                     3.9381493745688108       1.5447412616874171E7     1.4768238373834388       1.636057542768274E-6
1.1                       1800                     3.9354834684836266       1.70388193886097E7       1.4768238373834388       1.636057542768274E-6
1.1                       1836                     3.932783086517924        1.8625753216252048E7     1.4768238373834388       1.636057542768274E-6
1.1                       1872                     3.930065462302118        2.021045001268313E7      1.4768238373834388       1.636057542768274E-6
1.1                       1908                     3.927347838086312        2.1795146809114244E7     1.4768238373834388       1.636057542768274E-6
1.1                       1944.0000000000002       3.9246557002392444       2.3379104798185118E7     1.4768238373834388       1.636057542768274E-6
1.1                       1980.0000000000002       3.9221675680881174       2.4957149002077937E7     1.4768238373834388       1.636057542768274E-6
1.1                       2016.0000000000002       3.9196794359369904       2.6535193205970727E7     1.4768238373834388       1.636057542768274E-6
1.1                       2052                     3.9171913037858634       2.8113237409863476E7     1.4768238373834388       1.636057542768274E-6
1.1                       2088                     3.9148073060334205       2.9688341536261622E7     1.4768238373834388       1.636057542768274E-6
1.1                       2124                     3.912506634545991        3.126109307139725E7      1.4768238373834388       1.636057542768274E-6
1.1                       2160                     3.9102059630585617       3.283384460653285E7      1.4768238373834388       1.636057542768274E-6
1.1                       2196                     3.9079711962607586       3.440334840754851E7      1.4768238373834388       1.636057542768274E-6
1.1                       2232                     3.9057662255544123       3.5971383879323676E7     1.4768238373834388       1.636057542768274E-6
1.1                       2268                     3.9035593997896596       3.753891136795904E7      1.4768238373834388       1.636057542768274E-6
1.1                       2304                     3.901337330491794        3.910226461723481E7      1.4768238373834388       1.636057542768274E-6
1.1                       2340                     3.8991152611939284       4.066561786651055E7      1.4768238373834388       1.636057542768274E-6
1.1                       2376                     3.896885287078261        4.222651480696994E7      1.4768238373834388       1.636057542768274E-6
1.1                       2412                     3.89464825588984         4.3785218863234386E7     1.4768238373834388       1.636057542768274E-6
1.1                       2448                     3.8924112247014193       4.534392291949881E7      1.4768238373834388       1.636057542768274E-6
1.1                       2484                     3.89010327252785         4.689825059671599E7      1.4768238373834388       1.636057542768274E-6
1.1                       2520.0000000000005       3.8877914434609733       4.845233903931733E7      1.4768238373834388       1.636057542768274E-6
1.1                       2556                     3.8854707029007813       5.0004740536840074E7     1.4768238373834388       1.636057542768274E-6
1.1                       2592                     3.883134658258123        5.155424497259266E7      1.4768238373834388       1.636057542768274E-6
1.1                       2628                     3.8807986136154646       5.310374940834527E7      1.4768238373834388       1.636057542768274E-6
1.1                       2664                     3.878439326546634        5.465169222627065E7      1.4768238373834388       1.636057542768274E-6
1.1                       2700                     3.8760581204222095       5.61981623413158E7       1.4768238373834388       1.636057542768274E-6
1.1                       2736                     3.873672230561842        5.774334359869392E7      1.4768238373834388       1.636057542768274E-6
1.1                       2772                     3.871344558723973        5.92866879918221E7       1.4768238373834388       1.636057542768274E-6
1.1                       2808                     3.86904370359491         6.082846909217178E7      1.4768238373834388       1.636057542768274E-6
1.1                       2844                     3.8667663939714574       6.2368568719293945E7     1.4768238373834388       1.636057542768274E-6
1.1                       2880                     3.8645113144352603       6.3906939350389555E7     1.4768238373834388       1.636057542768274E-6
1.1                       2916                     3.862280687128398        6.544362717351275E7      1.4768238373834388       1.636057542768274E-6
1.1                       2952                     3.8600988989382476       6.697857460506202E7      1.4768238373834388       1.636057542768274E-6
1.1                       2988.0000000000005       3.857954913547166        6.851180770457116E7      1.4768238373834388       1.636057542768274E-6
1.1                       3024                     3.855834857466948        7.00433235615229E7       1.4768238373834388       1.636057542768274E-6
1.1                       3060                     3.853722485420748        7.157311876782246E7      1.4768238373834388       1.636057542768274E-6
1.1                       3096                     3.851628427108961        7.310119555347338E7      1.4768238373834388       1.636057542768274E-6
1.1                       3132                     3.849577350302482        7.462756659589791E7      1.4768238373834388       1.636057542768274E-6
1.1                       3168                     3.847562863931909        7.615222861055574E7      1.4768238373834388       1.636057542768274E-6
1.1                       3204                     3.8455769722800546       7.767518232213287E7      1.4768238373834388       1.636057542768274E-6
1.1                       3240                     3.843603927996671        7.919643285235855E7      1.4768238373834388       1.636057542768274E-6
1.1                       3276                     3.8416522351421336       8.07159774353392E7       1.4768238373834388       1.636057542768274E-6
1.1                       3312                     3.83972131162289         8.22338299959396E7       1.4768238373834388       1.636057542768274E-6
1.1                       3348                     3.837811102384099        8.374999185118395E7      1.4768238373834388       1.636057542768274E-6
1.1                       3384                     3.8359221940331385       8.526446022296357E7      1.4768238373834388       1.636057542768274E-6
1.1                       3420.0000000000005       3.8340579244840045       8.677724184190366E7      1.4768238373834388       1.636057542768274E-6
1.1                       3456                     3.8322166935868838       8.828833348143551E7      1.4768238373834388       1.636057542768274E-6
1.1                       3492                     3.8303790951828587       8.979774066298229E7      1.4768238373834388       1.636057542768274E-6
1.1                       3528                     3.828532622171677        9.130546694505286E7      1.4768238373834388       1.636057542768274E-6
1.1                       3564                     3.8266874097228416       9.28115094439979E7       1.4768238373834388       1.636057542768274E-6
1.1                       3600                     3.824841460492341        9.431587854882604E7      1.4768238373834388       1.636057542768274E-6
1.1                       3636                     3.8229956160176513       9.58185698823547E7       1.4768238373834388       1.636057542768274E-6
1.1                       3672                     3.821133343404586        9.731958512819247E7      1.4768238373834388       1.636057542768274E-6
1.1                       3708                     3.819227790486634        9.88189271868426E7       1.4768238373834388       1.636057542768274E-6
1.1                       3744                     3.817295060896136        1.003165943188314E8      1.4768238373834388       1.636057542768274E-6
1.1                       3780                     3.8153379488866306       1.0181260778063674E8     1.4768238373834388       1.636057542768274E-6
1.1                       3816                     3.8133560628995053       1.0330696459358934E8     1.4768238373834388       1.636057542768274E-6
1.1                       3852                     3.8113464483420953       1.0479966428884226E8     1.4768238373834388       1.636057542768274E-6
1.1                       3888.0000000000005       3.809299298510665        1.0629071728297602E8     1.4768238373834388       1.636057542768274E-6
1.1                       3924.0000000000005       3.8072196477071674       1.0778011822860645E8     1.4768238373834388       1.636057542768274E-6
1.1                       3960.0000000000005       3.8051072276414506       1.0926788527530555E8     1.4768238373834388       1.636057542768274E-6
1.1                       3996.0000000000005       3.802961964951817        1.1075402338592184E8     1.4768238373834388       1.636057542768274E-6
1.1                       4032.0000000000005       3.800784909602868        1.1223852748328637E8     1.4768238373834388       1.636057542768274E-6
1.1                       4068.0000000000005       3.798589908882974        1.1372141540599158E8     1.4768238373834388       1.636057542768274E-6
1.1                       4104                     3.7963705622642605       1.1520267890863915E8     1.4768238373834388       1.636057542768274E-6
1.1                       4140.000000000001        3.7941223771322377       1.1668232661994085E8     1.4768238373834388       1.636057542768274E-6
1.1                       4176                     3.7918411090389723       1.1816036669196862E8     1.4768238373834388       1.636057542768274E-6
1.1                       4212                     3.7895297313305676       1.1963679341398418E8     1.4768238373834388       1.636057542768274E-6
1.1                       4248                     3.7872080036639586       1.2111163873351192E8     1.4768238373834388       1.636057542768274E-6
1.1                       4284                     3.7848694970507033       1.2258489225612733E8     1.4768238373834388       1.636057542768274E-6
1.1                       4320                     3.782513067996408        1.2405655213302213E8     1.4768238373834388       1.636057542768274E-6
1.1                       4356                     3.780138716501073        1.2552661836419635E8     1.4768238373834388       1.636057542768274E-6
1.1                       4392                     3.7777464425646996       1.2699509094965002E8     1.4768238373834388       1.636057542768274E-6
1.1                       4428                     3.775346560448575        1.2846200005614683E8     1.4768238373834388       1.636057542768274E-6
1.1                       4464                     3.7729359453242197       1.2992733654430586E8     1.4768238373834388       1.636057542768274E-6
1.1                       4500                     3.770511960163579        1.3139109270144671E8     1.4768238373834388       1.636057542768274E-6
1.1                       4536                     3.768074604966653        1.3285326852756917E8     1.4768238373834388       1.636057542768274E-6
1.1                       4572                     3.7656238797334423       1.3431386402267355E8     1.4768238373834388       1.636057542768274E-6
1.1                       4608                     3.763170551437693        1.357729117065397E8      1.4768238373834388       1.636057542768274E-6
1.1                       4644                     3.760715856698213        1.3723041531416065E8     1.4768238373834388       1.636057542768274E-6
1.1                       4680                     3.758253971834411        1.3868635725611758E8     1.4768238373834388       1.636057542768274E-6
1.1                       4716                     3.7557848968462877       1.4014073753241035E8     1.4768238373834388       1.636057542768274E-6
1.1                       4752                     3.7533086317338418       1.4159355614303905E8     1.4768238373834388       1.636057542768274E-6
1.1                       4788                     3.7508200929442967       1.4304483461432478E8     1.4768238373834388       1.636057542768274E-6
1.1                       4824                     3.7483150519578334       1.4449459085194895E8     1.4768238373834388       1.636057542768274E-6
1.1                       4860                     3.745798736155096        1.459428027205506E8      1.4768238373834388       1.636057542768274E-6
1.1                       4896                     3.743271145536085        1.473894702201299E8      1.4768238373834388       1.636057542768274E-6
1.1                       4932                     3.7407322801008          1.488345933506869E8      1.4768238373834388       1.636057542768274E-6
1.1                       4968                     3.7381649630484257       1.5027818528627273E8     1.4768238373834388       1.636057542768274E-6
1.1                       5004                     3.735528751558789        1.517202770452246E8      1.4768238373834388       1.636057542768274E-6
1.1                       5040.000000000001        3.73285903063922         1.5316084148838443E8     1.4768238373834388       1.636057542768274E-6
1.1                       5076                     3.730155800289718        1.5459987861575243E8     1.4768238373834388       1.636057542768274E-6
1.1                       5112                     3.727419060510284        1.5603738842732865E8     1.4768238373834388       1.636057542768274E-6
1.1                       5148                     3.724629275373069        1.574733763673358E8      1.4768238373834388       1.636057542768274E-6
1.1                       5184                     3.721633662343716        1.589078850128242E8      1.4768238373834388       1.636057542768274E-6
1.1                       5220                     3.7185446535028257       1.6034088303150615E8     1.4768238373834388       1.636057542768274E-6
1.1                       5256                     3.7153622488503997       1.6177237042338163E8     1.4768238373834388       1.636057542768274E-6
1.1                       5292                     3.7120864483864366       1.6320234718845034E8     1.4768238373834388       1.636057542768274E-6
1.1                       5328                     3.708717252110937        1.6463081332671258E8     1.4768238373834388       1.636057542768274E-6
1.1                       5364                     3.705114553017391        1.6605781142513114E8     1.4768238373834388       1.636057542768274E-6
1.1                       5400                     3.701366462429127        1.6748331470136473E8     1.4768238373834388       1.636057542768274E-6
1.1                       5436                     3.6974774648581          1.689073217922999E8      1.4768238373834388       1.636057542768274E-6
1.1                       5472                     3.6934475603043095       1.703298326979368E8      1.4768238373834388       1.636057542768274E-6
1.1                       5508                     3.6893239484908906       1.7175085903056556E8     1.4768238373834388       1.636057542768274E-6
1.1                       5544                     3.6851995896817717       1.7317042366069287E8     1.4768238373834388       1.636057542768274E-6
1.1                       5580                     3.6809939734211983       1.7458850678077054E8     1.4768238373834388       1.636057542768274E-6
1.1                       5616                     3.67670709970917         1.7600510839079857E8     1.4768238373834388       1.636057542768274E-6
1.1                       5652                     3.672338968545689        1.7742022849077684E8     1.4768238373834388       1.636057542768274E-6
1.1                       5688                     3.6680839868765664       1.7883388972044444E8     1.4768238373834388       1.636057542768274E-6
1.1                       5724                     3.663932267385851        1.8024609092836967E8     1.4768238373834388       1.636057542768274E-6
1.1                       5760                     3.6598076568026454       1.816568232460932E8      1.4768238373834388       1.636057542768274E-6
1.1                       5796                     3.655710155126949        1.830660866736148E8      1.4768238373834388       1.636057542768274E-6
1.1                       5832                     3.65164779577467         1.8447367824599648E8     1.4768238373834388       1.636057542768274E-6
1.1                       5868                     3.647855841750213        1.8587405788394547E8     1.4768238373834388       1.636057542768274E-6
1.1                       5904                     3.644063887725756        1.872744375218945E8      1.4768238373834388       1.636057542768274E-6
1.1                       5940.000000000001        3.640271933701299        1.886748171598435E8      1.4768238373834388       1.636057542768274E-6
1.1                       5976.000000000001        3.6364799796768423       1.9007519679779246E8     1.4768238373834388       1.636057542768274E-6
1.1                       6012                     3.6326477654572478       1.914732547928688E8      1.4768238373834388       1.636057542768274E-6
1.1                       6048                     3.628751507698224        1.9286761965565056E8     1.4768238373834388       1.636057542768274E-6
1.1                       6084                     3.624855249939201        1.9426198451843226E8     1.4768238373834388       1.636057542768274E-6
1.1                       6120                     3.6209589921801775       1.9565634938121402E8     1.4768238373834388       1.636057542768274E-6
1.1                       6156                     3.6169540112116088       1.9705016619474357E8     1.4768238373834388       1.636057542768274E-6
1.1                       6192                     3.6125302984934597       1.984418722756778E8      1.4768238373834388       1.636057542768274E-6
1.1                       6228                     3.6077471567240367       1.9983264918619713E8     1.4768238373834388       1.636057542768274E-6
1.1                       6264                     3.6022958222339008       2.012216987324273E8      1.4768238373834388       1.636057542768274E-6
1.1                       6300                     3.59630903278051         2.0260969764097768E8     1.4768238373834388       1.636057542768274E-6
1.1                       6336                     3.5897703851413265       2.039966002899632E8      1.4768238373834388       1.636057542768274E-6
1.1                       6372                     3.5830070560504          2.0538162116319028E8     1.4768238373834388       1.636057542768274E-6
1.1                       6408                     3.5737930118533145       2.0676600378004235E8     1.4768238373834388       1.636057542768274E-6
1.1                       6444                     3.5624584247152056       2.0814889765052897E8     1.4768238373834388       1.636057542768274E-6
1.1                       6480                     3.551109614681997        2.0952985163361555E8     1.4768238373834388       1.636057542768274E-6
1.1                       6516                     3.539595005449255        2.1090998472786105E8     1.4768238373834388       1.636057542768274E-6
1.1                       6552                     3.520095633191424        2.1228880982611144E8     1.4768238373834388       1.636057542768274E-6
1.1                       6588                     3.498693396548246        2.1366569038012183E8     1.4768238373834388       1.636057542768274E-6
1.1                       6624                     3.4772769255156764       2.150412425663731E8      1.4768238373834388       1.636057542768274E-6
1.1                       6660                     3.4546024394899124       2.164157179125824E8      1.4768238373834388       1.636057542768274E-6
1.1                       6696                     3.4127337637281827       2.1778884589134717E8     1.4768238373834388       1.636057542768274E-6
1.1                       6732                     3.3707796995707593       2.1915997256170937E8     1.4768238373834388       1.636057542768274E-6
1.1                       6768                     3.328810755203181        2.2053026438592407E8     1.4768238373834388       1.636057542768274E-6
1.1                       6804                     3.2745677186393483       2.2189938250559074E8     1.4768238373834388       1.636057542768274E-6
1.1                       6840.000000000001        3.1910647272909474       2.232668157271004E8      1.4768238373834388       1.636057542768274E-6
1.1                       6876.000000000001        3.107482072663026        2.2463215810547066E8     1.4768238373834388       1.636057542768274E-6
1.1                       6912                     3.0238680594647542       2.259968348536386E8      1.4768238373834388       1.636057542768274E-6
1.1                       6948                     2.895166447029545        2.2736059646288687E8     1.4768238373834388       1.636057542768274E-6
1.2000000000000002        0                        4.118531195858127        -7.087552887690908E7     1.4768238373834388       1.7847900466562989E-6
1.2000000000000002        36                       4.107981438973397        -6.918311771875726E7     1.4768238373834388       1.7847900466562989E-6
1.2000000000000002        72                       4.102850669442446        -6.749303295025325E7     1.4768238373834388       1.7847900466562989E-6
1.2000000000000002        108                      4.09809582594968         -6.58057102586366E7      1.4768238373834388       1.7847900466562989E-6
1.2000000000000002        144                      4.093416860073745        -6.4120516748885825E7    1.4768238373834388       1.7847900466562989E-6
1.2000000000000002        180                      4.088778462472183        -6.243914515625845E7     1.4768238373834388       1.7847900466562989E-6
1.2000000000000002        216                      4.084148001780402        -6.0758620576274216E7    1.4768238373834388       1.7847900466562989E-6
1.2000000000000002        252.00000000000003       4.079552344143315        -5.908147603535866E7     1.4768238373834388       1.7847900466562989E-6
1.2000000000000002        288                      4.0749840807942785       -5.740684457820873E7     1.4768238373834388       1.7847900466562989E-6
1.2000000000000002        324                      4.07047061972077         -5.573724054534132E7     1.4768238373834388       1.7847900466562989E-6
1.2000000000000002        360                      4.065957158647261        -5.4067636512473926E7    1.4768238373834388       1.7847900466562989E-6
1.2000000000000002        396                      4.061443697573752        -5.239803247960659E7     1.4768238373834388       1.7847900466562989E-6
1.2000000000000002        432                      4.057295735368036        -5.0734243572010145E7    1.4768238373834388       1.7847900466562989E-6
1.2000000000000002        468                      4.053252234978881        -4.907211666285708E7     1.4768238373834388       1.7847900466562989E-6
1.2000000000000002        504.00000000000006       4.049208734589726        -4.740998975370402E7     1.4768238373834388       1.7847900466562989E-6
1.2000000000000002        540                      4.045257530971218        -4.574949867749813E7     1.4768238373834388       1.7847900466562989E-6
1.2000000000000002        576                      4.0416294699098065       -4.4094734857379586E7    1.4768238373834388       1.7847900466562989E-6
1.2000000000000002        612                      4.0380014088483955       -4.2439971037261E7       1.4768238373834388       1.7847900466562989E-6
1.2000000000000002        648                      4.0343733477869845       -4.078520721714251E7     1.4768238373834388       1.7847900466562989E-6
1.2000000000000002        684                      4.030580896212556        -3.913237891440366E7     1.4768238373834388       1.7847900466562989E-6
1.2000000000000002        720                      4.026608886195066        -3.7481664714728564E7    1.4768238373834388       1.7847900466562989E-6
1.2000000000000002        756                      4.02252006112051         -3.583232588379593E7     1.4768238373834388       1.7847900466562989E-6
1.2000000000000002        792                      4.018407994839769        -3.4184453072678044E7    1.4768238373834388       1.7847900466562989E-6
1.2000000000000002        828                      4.015183445780045        -3.2538928592268858E7    1.4768238373834388       1.7847900466562989E-6
1.2000000000000002        864                      4.012301680963735        -3.089522472432163E7     1.4768238373834388       1.7847900466562989E-6
1.2000000000000002        900                      4.00976270039084         -2.9253341468836352E7    1.4768238373834388       1.7847900466562989E-6
1.2000000000000002        936                      4.00707750347724         -2.761342577590622E7     1.4768238373834388       1.7847900466562989E-6
1.2000000000000002        972.0000000000001        4.004010727350919        -2.59755483746819E7      1.4768238373834388       1.7847900466562989E-6
1.2000000000000002        1008.0000000000001       4.000858480939011        -2.4339620281150214E7    1.4768238373834388       1.7847900466562989E-6
1.2000000000000002        1044                     3.997620764241516        -2.2705641495311096E7    1.4768238373834388       1.7847900466562989E-6
1.2000000000000002        1080                     3.9943979017705176       -2.1073691476031672E7    1.4768238373834388       1.7847900466562989E-6
1.2000000000000002        1116                     3.991133621256262        -1.9443725654634573E7    1.4768238373834388       1.7847900466562989E-6
1.2000000000000002        1152                     3.987827918348408        -1.7815744027674288E7    1.4768238373834388       1.7847900466562989E-6
1.2000000000000002        1188                     3.9845149028254654       -1.6189745254997242E7    1.4768238373834388       1.7847900466562989E-6
1.2000000000000002        1224                     3.9812308287052756       -1.4565727912203906E7    1.4768238373834388       1.7847900466562989E-6
1.2000000000000002        1260.0000000000002       3.9779437110226366       -1.2943693255965138E7    1.4768238373834388       1.7847900466562989E-6
1.2000000000000002        1296                     3.9746535497775493       -1.1323641286280988E7    1.4768238373834388       1.7847900466562989E-6
1.2000000000000002        1332                     3.9715182279407966       -9705549.831054758       1.4768238373834388       1.7847900466562989E-6
1.2000000000000002        1368                     3.968475100251743        -8089427.687794896       1.4768238373834388       1.7847900466562989E-6
1.2000000000000002        1404                     3.9655088632492057       -6475277.005623829       1.4768238373834388       1.7847900466562989E-6
1.2000000000000002        1440                     3.9626344571671313       -4863081.410101857       1.4768238373834388       1.7847900466562989E-6
1.2000000000000002        1476                     3.9598821989493698       -3252807.673974068       1.4768238373834388       1.7847900466562989E-6
1.2000000000000002        1512                     3.9572298862365534       -1644480.1309417319      1.4768238373834388       1.7847900466562989E-6
1.2000000000000002        1548                     3.954677519028684        -38098.78100488317       1.4768238373834388       1.7847900466562989E-6
1.2000000000000002        1584                     3.951974862358123        1566357.627394564        1.4768238373834388       1.7847900466562989E-6
1.2000000000000002        1620                     3.9491686334382976       3168885.126731229        1.4768238373834388       1.7847900466562989E-6
1.2000000000000002        1656                     3.9463138464325653       4769479.044849604        1.4768238373834388       1.7847900466562989E-6
1.2000000000000002        1692                     3.9434498019851687       6368146.381403628        1.4768238373834388       1.7847900466562989E-6
1.2000000000000002        1728                     3.940732025593443        7964914.836312182        1.4768238373834388       1.7847900466562989E-6
1.2000000000000002        1764                     3.938059343911312        9559766.390063835        1.4768238373834388       1.7847900466562989E-6
1.2000000000000002        1800                     3.935431756938775        1.1152701042658562E7     1.4768238373834388       1.7847900466562989E-6
1.2000000000000002        1836                     3.9327655678702222       1.2743745200974971E7     1.4768238373834388       1.7847900466562989E-6
1.2000000000000002        1872                     3.9300530541961907       1.4332901301514275E7     1.4768238373834388       1.7847900466562989E-6
1.2000000000000002        1908                     3.9273261607101153       1.592015926548943E7      1.4768238373834388       1.7847900466562989E-6
1.2000000000000002        1944.0000000000002       3.924601154747425        1.7505522297923967E7     1.4768238373834388       1.7847900466562989E-6
1.2000000000000002        1980.0000000000002       3.922036367002974        1.908902159345454E7      1.4768238373834388       1.7847900466562989E-6
1.2000000000000002        2016.0000000000002       3.9195370984344278       2.06706384942825E7       1.4768238373834388       1.7847900466562989E-6
1.2000000000000002        2052                     3.9171033490417866       2.2250373000407863E7     1.4768238373834388       1.7847900466562989E-6
1.2000000000000002        2088                     3.9147253656360674       2.382825468034705E7      1.4768238373834388       1.7847900466562989E-6
1.2000000000000002        2124                     3.9123984538699728       2.540429776584361E7      1.4768238373834388       1.7847900466562989E-6
1.2000000000000002        2160                     3.910128519679855        2.69784843520075E7       1.4768238373834388       1.7847900466562989E-6
1.2000000000000002        2196                     3.907915563065714        2.8550814438838836E7     1.4768238373834388       1.7847900466562989E-6
1.2000000000000002        2232                     3.9056740300578747       3.0121341699514113E7     1.4768238373834388       1.7847900466562989E-6
1.2000000000000002        2268                     3.9034519080919106       3.1690036028614413E7     1.4768238373834388       1.7847900466562989E-6
1.2000000000000002        2304                     3.9012492008776714       3.32568974238123E7       1.4768238373834388       1.7847900466562989E-6
1.2000000000000002        2340                     3.8990423315403095       3.482194271726574E7      1.4768238373834388       1.7847900466562989E-6
1.2000000000000002        2376                     3.8968062410944313       3.6385189799250886E7     1.4768238373834388       1.7847900466562989E-6
1.2000000000000002        2412                     3.8945630377317224       3.794662288614176E7      1.4768238373834388       1.7847900466562989E-6
1.2000000000000002        2448                     3.892312721452182        3.950624197793834E7      1.4768238373834388       1.7847900466562989E-6
1.2000000000000002        2484                     3.8900246173958957       4.106408249013515E7      1.4768238373834388       1.7847900466562989E-6
1.2000000000000002        2520.0000000000005       3.8877108968222767       4.26201303704701E7       1.4768238373834388       1.7847900466562989E-6
1.2000000000000002        2556                     3.8853745330192333       4.417438218614957E7      1.4768238373834388       1.7847900466562989E-6
1.2000000000000002        2592                     3.8830222191000554       4.5726849243511446E7     1.4768238373834388       1.7847900466562989E-6
1.2000000000000002        2628                     3.8806675368292933       4.727755448554362E7      1.4768238373834388       1.7847900466562989E-6
1.2000000000000002        2664                     3.8783005397156756       4.88264811101415E7       1.4768238373834388       1.7847900466562989E-6
1.2000000000000002        2700                     3.875921227759202        5.0373629117305025E7     1.4768238373834388       1.7847900466562989E-6
1.2000000000000002        2736                     3.873577125682063        5.1919023763468206E7     1.4768238373834388       1.7847900466562989E-6
1.2000000000000002        2772                     3.871259360932951        5.346266033342186E7      1.4768238373834388       1.7847900466562989E-6
1.2000000000000002        2808                     3.8689574852006032       5.500453327453832E7      1.4768238373834388       1.7847900466562989E-6
1.2000000000000002        2844                     3.86667618390849         5.654464984201821E7      1.4768238373834388       1.7847900466562989E-6
1.2000000000000002        2880                     3.8644339988090315       5.8083038747061744E7     1.4768238373834388       1.7847900466562989E-6
1.2000000000000002        2916                     3.862218868014198        5.9619681312292874E7     1.4768238373834388       1.7847900466562989E-6
1.2000000000000002        2952                     3.86003079152399         6.1154577537711546E7     1.4768238373834388       1.7847900466562989E-6
1.2000000000000002        2988.0000000000005       3.8578707088401987       6.268775126577654E7      1.4768238373834388       1.7847900466562989E-6
1.2000000000000002        3024                     3.8557387066484687       6.421920469637598E7      1.4768238373834388       1.7847900466562989E-6
1.2000000000000002        3060                     3.853634426366528        6.574892872949214E7      1.4768238373834388       1.7847900466562989E-6
1.2000000000000002        3096                     3.8515580085974634       6.72769264954445E7       1.4768238373834388       1.7847900466562989E-6
1.2000000000000002        3132                     3.849510821837333        6.880322846177018E7      1.4768238373834388       1.7847900466562989E-6
1.2000000000000002        3168                     3.8474920475760794       7.032781640555543E7      1.4768238373834388       1.7847900466562989E-6
1.2000000000000002        3204                     3.8455016858137023       7.185069032680029E7      1.4768238373834388       1.7847900466562989E-6
1.2000000000000002        3240                     3.8435353786439874       7.337186406304827E7      1.4768238373834388       1.7847900466562989E-6
1.2000000000000002        3276                     3.8415910285452637       7.489134427450395E7      1.4768238373834388       1.7847900466562989E-6
1.2000000000000002        3312                     3.839671274399724        7.640912258199506E7      1.4768238373834388       1.7847900466562989E-6
1.2000000000000002        3348                     3.837776116207367        7.792519898552167E7      1.4768238373834388       1.7847900466562989E-6
1.2000000000000002        3384                     3.8358916637439213       7.943959786285588E7      1.4768238373834388       1.7847900466562989E-6
1.2000000000000002        3420.0000000000005       3.8340257080709224       8.095230554044445E7      1.4768238373834388       1.7847900466562989E-6
1.2000000000000002        3456                     3.832178249790689        8.246332201723012E7      1.4768238373834388       1.7847900466562989E-6
1.2000000000000002        3492                     3.8303380762680392       8.397265465459183E7      1.4768238373834388       1.7847900466562989E-6
1.2000000000000002        3528                     3.828493270009116        8.548031127666579E7      1.4768238373834388       1.7847900466562989E-6
1.2000000000000002        3564                     3.826654345176184        8.69862849806385E7       1.4768238373834388       1.7847900466562989E-6
1.2000000000000002        3600                     3.8248213017692434       8.84905757665099E7       1.4768238373834388       1.7847900466562989E-6
1.2000000000000002        3636                     3.822957461300171        8.999320058640395E7      1.4768238373834388       1.7847900466562989E-6
1.2000000000000002        3672                     3.8210773771653006       9.14941527140081E7       1.4768238373834388       1.7847900466562989E-6
1.2000000000000002        3708                     3.8191846045790827       9.299343050616735E7      1.4768238373834388       1.7847900466562989E-6
1.2000000000000002        3744                     3.8172708808781226       9.449104221893969E7      1.4768238373834388       1.7847900466562989E-6
1.2000000000000002        3780                     3.815319439343567        9.598700460564035E7      1.4768238373834388       1.7847900466562989E-6
1.2000000000000002        3816                     3.813342558941239        9.748130539711952E7      1.4768238373834388       1.7847900466562989E-6
1.2000000000000002        3852                     3.811340239671139        9.897394459337717E7      1.4768238373834388       1.7847900466562989E-6
1.2000000000000002        3888.0000000000005       3.809303422194881        1.0046494844910842E8     1.4768238373834388       1.7847900466562989E-6
1.2000000000000002        3924.0000000000005       3.8072337978310253       1.0195431206273517E8     1.4768238373834388       1.7847900466562989E-6
1.2000000000000002        3960.0000000000005       3.805133358275322        1.0344202966216215E8     1.4768238373834388       1.7847900466562989E-6
1.2000000000000002        3996.0000000000005       3.803002732100818        1.0492810796404889E8     1.4768238373834388       1.7847900466562989E-6
1.2000000000000002        4032.0000000000005       3.800844406776551        1.0641257354841232E8     1.4768238373834388       1.7847900466562989E-6
1.2000000000000002        4068.0000000000005       3.7986567641397757       1.078954091242661E8      1.4768238373834388       1.7847900466562989E-6
1.2000000000000002        4104                     3.7964398041904914       1.0937661469161022E8     1.4768238373834388       1.7847900466562989E-6
1.2000000000000002        4140.000000000001        3.79419666822068         1.1085621358065633E8     1.4768238373834388       1.7847900466562989E-6
1.2000000000000002        4176                     3.7919276460700426       1.1233420794402869E8     1.4768238373834388       1.7847900466562989E-6
1.2000000000000002        4212                     3.7896315387928987       1.1381058887722029E8     1.4768238373834388       1.7847900466562989E-6
1.2000000000000002        4248                     3.7873099106875148       1.1528535989664954E8     1.4768238373834388       1.7847900466562989E-6
1.2000000000000002        4284                     3.7849779871380607       1.1675855522777075E8     1.4768238373834388       1.7847900466562989E-6
1.2000000000000002        4320                     3.7826266617024698       1.182301544000256E8      1.4768238373834388       1.7847900466562989E-6
1.2000000000000002        4356                     3.7802559343807416       1.1970015741341382E8     1.4768238373834388       1.7847900466562989E-6
1.2000000000000002        4392                     3.777871734412585        1.2116857997059041E8     1.4768238373834388       1.7847900466562989E-6
1.2000000000000002        4428                     3.7754769156246266       1.2263542962946431E8     1.4768238373834388       1.7847900466562989E-6
1.2000000000000002        4464                     3.773067887630952        1.2410069688146567E8     1.4768238373834388       1.7847900466562989E-6
1.2000000000000002        4500                     3.770644650431561        1.2556438172659437E8     1.4768238373834388       1.7847900466562989E-6
1.2000000000000002        4536                     3.768217435254736        1.2702651133381042E8     1.4768238373834388       1.7847900466562989E-6
1.2000000000000002        4572                     3.765780503378944        1.2848707046397643E8     1.4768238373834388       1.7847900466562989E-6
1.2000000000000002        4608                     3.7633338543605315       1.2994605911591403E8     1.4768238373834388       1.7847900466562989E-6
1.2000000000000002        4644                     3.7608794236214833       1.3140348739936942E8     1.4768238373834388       1.7847900466562989E-6
1.2000000000000002        4680                     3.758419268250009        1.3285936605961674E8     1.4768238373834388       1.7847900466562989E-6
1.2000000000000002        4716                     3.755951573388096        1.3431368561668006E8     1.4768238373834388       1.7847900466562989E-6
1.2000000000000002        4752                     3.7534763390357435       1.357664460705594E8      1.4768238373834388       1.7847900466562989E-6
1.2000000000000002        4788                     3.7509856587258166       1.372176953301112E8      1.4768238373834388       1.7847900466562989E-6
1.2000000000000002        4824                     3.7484826696091558       1.3866741438592112E8     1.4768238373834388       1.7847900466562989E-6
1.2000000000000002        4860                     3.74596813805285         1.4011559859422493E8     1.4768238373834388       1.7847900466562989E-6
1.2000000000000002        4896                     3.7434420640569          1.4156224795502245E8     1.4768238373834388       1.7847900466562989E-6
1.2000000000000002        4932                     3.740904447621306        1.430073624683137E8      1.4768238373834388       1.7847900466562989E-6
1.2000000000000002        4968                     3.7383552887460674       1.4445094213409862E8     1.4768238373834388       1.7847900466562989E-6
1.2000000000000002        5004                     3.735794587431185        1.458929869523774E8      1.4768238373834388       1.7847900466562989E-6
1.2000000000000002        5040.000000000001        3.733105745440501        1.4733354100774184E8     1.4768238373834388       1.7847900466562989E-6
1.2000000000000002        5076                     3.7303382519343264       1.4877258558885038E8     1.4768238373834388       1.7847900466562989E-6
1.2000000000000002        5112                     3.7275212071422446       1.5021010969320613E8     1.4768238373834388       1.7847900466562989E-6
1.2000000000000002        5148                     3.7246546110642553       1.516461133208086E8      1.4768238373834388       1.7847900466562989E-6
1.2000000000000002        5184                     3.721738463700358        1.530805964716581E8      1.4768238373834388       1.7847900466562989E-6
1.2000000000000002        5220                     3.718772765050553        1.5451355914575464E8     1.4768238373834388       1.7847900466562989E-6
1.2000000000000002        5256                     3.715757515114841        1.5594500134309822E8     1.4768238373834388       1.7847900466562989E-6
1.2000000000000002        5292                     3.7124984178850875       1.573749741815312E8      1.4768238373834388       1.7847900466562989E-6
1.2000000000000002        5328                     3.7090301412190194       1.5880346854019633E8     1.4768238373834388       1.7847900466562989E-6
1.2000000000000002        5364                     3.705437363739946        1.6023046214077473E8     1.4768238373834388       1.7847900466562989E-6
1.2000000000000002        5400                     3.701720085447868        1.6165595498326623E8     1.4768238373834388       1.7847900466562989E-6
1.2000000000000002        5436                     3.697878306342785        1.630799470676707E8      1.4768238373834388       1.7847900466562989E-6
1.2000000000000002        5472                     3.6939120264246976       1.6450243839398837E8     1.4768238373834388       1.7847900466562989E-6
1.2000000000000002        5508                     3.689875190622253        1.6592345945273876E8     1.4768238373834388       1.7847900466562989E-6
1.2000000000000002        5544                     3.6857842568770485       1.6734301954620886E8     1.4768238373834388       1.7847900466562989E-6
1.2000000000000002        5580                     3.6815991501887364       1.6876109602337962E8     1.4768238373834388       1.7847900466562989E-6
1.2000000000000002        5616                     3.677319870557316        1.701776888842513E8      1.4768238373834388       1.7847900466562989E-6
1.2000000000000002        5652                     3.6729464179827875       1.7159279812882376E8     1.4768238373834388       1.7847900466562989E-6
1.2000000000000002        5688                     3.6686133761398985       1.7300644125046438E8     1.4768238373834388       1.7847900466562989E-6
1.2000000000000002        5724                     3.6644775678887638       1.7441863863321996E8     1.4768238373834388       1.7847900466562989E-6
1.2000000000000002        5760                     3.660370541201901        1.7582936838146862E8     1.4768238373834388       1.7847900466562989E-6
1.2000000000000002        5796                     3.6562922960793105       1.772386304952108E8      1.4768238373834388       1.7847900466562989E-6
1.2000000000000002        5832                     3.652242832520993        1.7864642497444633E8     1.4768238373834388       1.7847900466562989E-6
1.2000000000000002        5868                     3.648286827832293        1.8005088897237277E8     1.4768238373834388       1.7847900466562989E-6
1.2000000000000002        5904                     3.644527905722767        1.814494394925809E8      1.4768238373834388       1.7847900466562989E-6
1.2000000000000002        5940.000000000001        3.640768983613241        1.8284799001278922E8     1.4768238373834388       1.7847900466562989E-6
1.2000000000000002        5976.000000000001        3.637010061503715        1.842465405329974E8      1.4768238373834388       1.7847900466562989E-6
1.2000000000000002        6012                     3.6332511393941895       1.8564509105320555E8     1.4768238373834388       1.7847900466562989E-6
1.2000000000000002        6048                     3.6294505559659136       1.8704284798151475E8     1.4768238373834388       1.7847900466562989E-6
1.2000000000000002        6084                     3.6253432647257986       1.884347625399191E8      1.4768238373834388       1.7847900466562989E-6
1.2000000000000002        6120                     3.6212359734856836       1.8982667709832364E8     1.4768238373834388       1.7847900466562989E-6
1.2000000000000002        6156                     3.617128682245569        1.9121859165672815E8     1.4768238373834388       1.7847900466562989E-6
1.2000000000000002        6192                     3.613021391005454        1.9261050621513256E8     1.4768238373834388       1.7847900466562989E-6
1.2000000000000002        6228                     3.6085462256165624       1.9400129292512345E8     1.4768238373834388       1.7847900466562989E-6
1.2000000000000002        6264                     3.6036963242237308       1.9539093074925506E8     1.4768238373834388       1.7847900466562989E-6
1.2000000000000002        6300                     3.5973382781407883       1.9677928221537E8        1.4768238373834388       1.7847900466562989E-6
1.2000000000000002        6336                     3.5908084617921676       1.9816620063926977E8     1.4768238373834388       1.7847900466562989E-6
1.2000000000000002        6372                     3.584230440203297        1.9955149749205485E8     1.4768238373834388       1.7847900466562989E-6
1.2000000000000002        6408                     3.575649584080401        2.0093582302947873E8     1.4768238373834388       1.7847900466562989E-6
1.2000000000000002        6444                     3.5643309551869975       2.0231866834575954E8     1.4768238373834388       1.7847900466562989E-6
1.2000000000000002        6480                     3.552995543091324        2.036996176507113E8      1.4768238373834388       1.7847900466562989E-6
1.2000000000000002        6516                     3.54162260051317         2.050796819886732E8      1.4768238373834388       1.7847900466562989E-6
1.2000000000000002        6552                     3.523745820712107        2.064585148225348E8      1.4768238373834388       1.7847900466562989E-6
1.2000000000000002        6588                     3.5023686025397587       2.0783560392556223E8     1.4768238373834388       1.7847900466562989E-6
1.2000000000000002        6624                     3.480972465838567        2.0921103566059646E8     1.4768238373834388       1.7847900466562989E-6
1.2000000000000002        6660                     3.4594611131655766       2.1058554157550365E8     1.4768238373834388       1.7847900466562989E-6
1.2000000000000002        6696                     3.4200976727409245       2.119587942031345E8      1.4768238373834388       1.7847900466562989E-6
1.2000000000000002        6732                     3.3781859018412606       2.1332995663536882E8     1.4768238373834388       1.7847900466562989E-6
1.2000000000000002        6768                     3.336252582116272        2.1469974841522992E8     1.4768238373834388       1.7847900466562989E-6
1.2000000000000002        6804                     3.2894841660340353       2.160686454957763E8      1.4768238373834388       1.7847900466562989E-6
1.2000000000000002        6840.000000000001        3.2060706917062824       2.174362930026938E8      1.4768238373834388       1.7847900466562989E-6
1.2000000000000002        6876.000000000001        3.1225857855749566       2.1880207613716286E8     1.4768238373834388       1.7847900466562989E-6
1.2000000000000002        6912                     3.039051886025428        2.2016699416124648E8     1.4768238373834388       1.7847900466562989E-6
1.2000000000000002        6948                     2.925757369068979        2.2153081322486842E8     1.4768238373834388       1.7847900466562989E-6
1.2000000000000002        6974.279245962285        2.803601378492442        2.2252546885058683E8     1.4768238373834388       1.7847900466562989E-6
1.3                       0                        4.118517061549503        -7.678199003638668E7     1.4768238373834388       1.9335225505443238E-6
1.3                       36                       4.107961162981271        -7.5089685798884E7       1.4768238373834388       1.9335225505443238E-6
1.3                       72                       4.102831180093247        -7.339970651542777E7     1.4768238373834388       1.9335225505443238E-6
1.3                       108                      4.098077737681555        -7.171248762599577E7     1.4768238373834388       1.9335225505443238E-6
1.3                       144                      4.09340035911914         -7.002739662859961E7     1.4768238373834388       1.9335225505443238E-6
1.3                       180                      4.088763620052187        -6.834612524676713E7     1.4768238373834388       1.9335225505443238E-6
1.3                       216                      4.0841348089131015       -6.6665700368925095E7    1.4768238373834388       1.9335225505443238E-6
1.3                       252.00000000000003       4.079540703239804        -6.498865350484066E7     1.4768238373834388       1.9335225505443238E-6
1.3                       288                      4.074973920393731        -6.331411822464688E7     1.4768238373834388       1.9335225505443238E-6
1.3                       324                      4.070461796865798        -6.1644607368235454E7    1.4768238373834388       1.9335225505443238E-6
1.3                       360                      4.065949673337865        -5.997509651182406E7     1.4768238373834388       1.9335225505443238E-6
1.3                       396                      4.061437549809932        -5.830558565541266E7     1.4768238373834388       1.9335225505443238E-6
1.3                       432                      4.057290076777981        -5.664188648118998E7     1.4768238373834388       1.9335225505443238E-6
1.3                       468                      4.053246823092728        -5.4979848321356624E7    1.4768238373834388       1.9335225505443238E-6
1.3                       504.00000000000006       4.049203569407474        -5.331781016152324E7     1.4768238373834388       1.9335225505443238E-6
1.3                       540                      4.045252793529767        -5.1657406863179445E7    1.4768238373834388       1.9335225505443238E-6
1.3                       576                      4.0416257940420195       -5.000272741972807E7     1.4768238373834388       1.9335225505443238E-6
1.3                       612                      4.037998794554273        -4.834804797627678E7     1.4768238373834388       1.9335225505443238E-6
1.3                       648                      4.034371795066526        -4.669336853282541E7     1.4768238373834388       1.9335225505443238E-6
1.3                       684                      4.03057972804216         -4.5040623153659776E7    1.4768238373834388       1.9335225505443238E-6
1.3                       720                      4.02660736308374         -4.3389990290390305E7    1.4768238373834388       1.9335225505443238E-6
1.3                       756                      4.0225177019787495       -4.174073176330216E7     1.4768238373834388       1.9335225505443238E-6
1.3                       792                      4.018404449990498        -4.009293824767257E7     1.4768238373834388       1.9335225505443238E-6
1.3                       828                      4.015179644589161        -3.844749228998408E7     1.4768238373834388       1.9335225505443238E-6
1.3                       864                      4.012297787789794        -3.680386603108226E7     1.4768238373834388       1.9335225505443238E-6
1.3                       900                      4.009758879592391        -3.516205947096705E7     1.4768238373834388       1.9335225505443238E-6
1.3                       936                      4.007073963090612        -3.3522219347721722E7    1.4768238373834388       1.9335225505443238E-6
1.3                       972.0000000000001        4.00400769643517         -3.188441628845357E7     1.4768238373834388       1.9335225505443238E-6
1.3                       1008.0000000000001       4.000856162104601        -3.024856143752969E7     1.4768238373834388       1.9335225505443238E-6
1.3                       1044                     3.997619360098904        -2.861465479495001E7     1.4768238373834388       1.9335225505443238E-6
1.3                       1080                     3.994397161301916        -2.698277574686462E7     1.4768238373834388       1.9335225505443238E-6
1.3                       1116                     3.9911335478851013       -2.5352879765383456E7    1.4768238373834388       1.9335225505443238E-6
1.3                       1152                     3.9878285155177897       -2.372496684706407E7     1.4768238373834388       1.9335225505443238E-6
1.3                       1188                     3.9845161256908024       -2.209903564530213E7     1.4768238373834388       1.9335225505443238E-6
1.3                       1224                     3.9812325810987894       -2.0475084728842083E7    1.4768238373834388       1.9335225505443238E-6
1.3                       1260.0000000000002       3.9779459420562344       -1.8853115360403523E7    1.4768238373834388       1.9335225505443238E-6
1.3                       1296                     3.974656208563137        -1.7233127539986536E7    1.4768238373834388       1.9335225505443238E-6
1.3                       1332                     3.971520655535502        -1.5615099116832647E7    1.4768238373834388       1.9335225505443238E-6
1.3                       1368                     3.968476878978423        -1.3999038879983636E7    1.4768238373834388       1.9335225505443238E-6
1.3                       1404                     3.965509634368947        -1.2384948976493618E7    1.4768238373834388       1.9335225505443238E-6
1.3                       1440                     3.962634402538038        -1.077281303690063E7     1.4768238373834388       1.9335225505443238E-6
1.3                       1476                     3.9598825974170175       -9162597.844050098       1.4768238373834388       1.9335225505443238E-6
1.3                       1512                     3.9572312132769514       -7554327.724246277       1.4768238373834388       1.9335225505443238E-6
1.3                       1548                     3.954680250117839        -5948002.677489258       1.4768238373834388       1.9335225505443238E-6
1.3                       1584                     3.9519783400942523       -4343601.445056506       1.4768238373834388       1.9335225505443238E-6
1.3                       1620                     3.9491724119204075       -2741127.9958109707      1.4768238373834388       1.9335225505443238E-6
1.3                       1656                     3.9463177288228715       -1140587.0034832414      1.4768238373834388       1.9335225505443238E-6
1.3                       1692                     3.9434536735049526       458028.51667054254       1.4768238373834388       1.9335225505443238E-6
1.3                       1728                     3.9407360961985347       2054746.2055649974       1.4768238373834388       1.9335225505443238E-6
1.3                       1764                     3.9380636123093447       3649548.082072508        1.4768238373834388       1.9335225505443238E-6
1.3                       1800                     3.935436221837382        5242434.146193028        1.4768238373834388       1.9335225505443238E-6
1.3                       1836                     3.932770412252833        6833430.794275893        1.4768238373834388       1.9335225505443238E-6
1.3                       1872                     3.9300584780489323       8422540.461850813        1.4768238373834388       1.9335225505443238E-6
1.3                       1908                     3.927332293686059        1.0009753074149461E7     1.4768238373834388       1.9335225505443238E-6
1.3                       1944.0000000000002       3.924608027641383        1.159507182835158E7      1.4768238373834388       1.9335225505443238E-6
1.3                       1980.0000000000002       3.9220430484179647       1.3178527842748553E7     1.4768238373834388       1.9335225505443238E-6
1.3                       2016.0000000000002       3.9195432324692163       1.4760102505204555E7     1.4768238373834388       1.9335225505443238E-6
1.3                       2052                     3.9171085797951375       1.6339795815719638E7     1.4768238373834388       1.9335225505443238E-6
1.3                       2088                     3.914729967544148        1.791763731101007E7      1.4768238373834388       1.9335225505443238E-6
1.3                       2124                     3.9124030047592244       1.9493641207513668E7     1.4768238373834388       1.9335225505443238E-6
1.3                       2160                     3.9101332156828357       2.1067789619596645E7     1.4768238373834388       1.9335225505443238E-6
1.3                       2196                     3.907920600314982        2.2640082547258977E7     1.4768238373834388       1.9335225505443238E-6
1.3                       2232                     3.905679441860481        2.4210573615013383E7     1.4768238373834388       1.9335225505443238E-6
1.3                       2268                     3.9034578190841414       2.5779232744736552E7     1.4768238373834388       1.9335225505443238E-6
1.3                       2304                     3.901255735702873        2.73460599341032E7       1.4768238373834388       1.9335225505443238E-6
1.3                       2340                     3.8990495133106586       2.8911071996749416E7     1.4768238373834388       1.9335225505443238E-6
1.3                       2376                     3.896813985008391        3.0474286803265058E7     1.4768238373834388       1.9335225505443238E-6
1.3                       2412                     3.8945713541942055       3.2035688587392278E7     1.4768238373834388       1.9335225505443238E-6
1.3                       2448                     3.8923216208681026       3.359527734913105E7      1.4768238373834388       1.9335225505443238E-6
1.3                       2484                     3.890034129042408        3.515308852364726E7      1.4768238373834388       1.9335225505443238E-6
1.3                       2520.0000000000005       3.8877210424883524       3.670910805087367E7      1.4768238373834388       1.9335225505443238E-6
1.3                       2556                     3.885385332664575        3.826333249610985E7      1.4768238373834388       1.9335225505443238E-6
1.3                       2592                     3.883033672200209        3.98157731461457E7       1.4768238373834388       1.9335225505443238E-6
1.3                       2628                     3.8806796012930542       4.136645290430218E7      1.4768238373834388       1.9335225505443238E-6
1.3                       2664                     3.878313203892901        4.2915354997524396E7     1.4768238373834388       1.9335225505443238E-6
1.3                       2700                     3.8759344799997484       4.446247942581229E7      1.4768238373834388       1.9335225505443238E-6
1.3                       2736                     3.8735906923009407       4.60078514388291E7       1.4768238373834388       1.9335225505443238E-6
1.3                       2772                     3.871273017165343        4.755146632262973E7      1.4768238373834388       1.9335225505443238E-6
1.3                       2808                     3.868971063890059        4.909331852607503E7      1.4768238373834388       1.9335225505443238E-6
1.3                       2844                     3.866689578680358        5.0633415300138295E7     1.4768238373834388       1.9335225505443238E-6
1.3                       2880                     3.864447343822096        5.217178533929096E7      1.4768238373834388       1.9335225505443238E-6
1.3                       2916                     3.862232140954041        5.3708409977039434E7     1.4768238373834388       1.9335225505443238E-6
1.3                       2952                     3.860043970076194        5.5243289213383764E7     1.4768238373834388       1.9335225505443238E-6
1.3                       2988.0000000000005       3.8578838734220837       5.677644691478969E7      1.4768238373834388       1.9335225505443238E-6
1.3                       3024                     3.855751947156172        5.83078852833605E7       1.4768238373834388       1.9335225505443238E-6
1.3                       3060                     3.853647793486277        5.983759520991567E7      1.4768238373834388       1.9335225505443238E-6
1.3                       3096                     3.851571552369987        6.13655798216645E7       1.4768238373834388       1.9335225505443238E-6
1.3                       3132                     3.849524586020672        6.2891869555875696E7     1.4768238373834388       1.9335225505443238E-6
1.3                       3168                     3.847506079686007        6.441644620773943E7      1.4768238373834388       1.9335225505443238E-6
1.3                       3204                     3.845516033365993        6.5939309777255714E7     1.4768238373834388       1.9335225505443238E-6
1.3                       3240                     3.843550077266108        6.746047411926287E7      1.4768238373834388       1.9335225505443238E-6
1.3                       3276                     3.8416061081426713       6.897994590228993E7      1.4768238373834388       1.9335225505443238E-6
1.3                       3312                     3.8396867720767087       7.049771673669167E7      1.4768238373834388       1.9335225505443238E-6
1.3                       3348                     3.8377920690682203       7.201378662246828E7      1.4768238373834388       1.9335225505443238E-6
1.3                       3384                     3.8359083350658834       7.352818015507552E7      1.4768238373834388       1.9335225505443238E-6
1.3                       3420.0000000000005       3.8340432342702595       7.504088353886077E7      1.4768238373834388       1.9335225505443238E-6
1.3                       3456                     3.83219676727386         7.655189677275737E7      1.4768238373834388       1.9335225505443238E-6
1.3                       3492                     3.8303580254531844       7.806122728703776E7      1.4768238373834388       1.9335225505443238E-6
1.3                       3528                     3.828515414437108        7.956888297906303E7      1.4768238373834388       1.9335225505443238E-6
1.3                       3564                     3.8266791633141297       8.107485688141736E7      1.4768238373834388       1.9335225505443238E-6
1.3                       3600                     3.8248492720842497       8.257914899410067E7      1.4768238373834388       1.9335225505443238E-6
1.3                       3636                     3.822989239138448        8.408177612518486E7      1.4768238373834388       1.9335225505443238E-6
1.3                       3672                     3.8211135476904574       8.55827316055146E7       1.4768238373834388       1.9335225505443238E-6
1.3                       3708                     3.8192257358099884       8.708201380589789E7      1.4768238373834388       1.9335225505443238E-6
1.3                       3744                     3.8173173653696013       8.857963086504602E7      1.4768238373834388       1.9335225505443238E-6
1.3                       3780                     3.8153713135962053       9.007559929815204E7      1.4768238373834388       1.9335225505443238E-6
1.3                       3816                     3.813400120208955        9.15699070104529E7       1.4768238373834388       1.9335225505443238E-6
1.3                       3852                     3.8114037852078506       9.306255400194848E7      1.4768238373834388       1.9335225505443238E-6
1.3                       3888.0000000000005       3.809372734222123        9.455356632843328E7      1.4768238373834388       1.9335225505443238E-6
1.3                       3924.0000000000005       3.80730875472347         9.604293912546265E7      1.4768238373834388       1.9335225505443238E-6
1.3                       3960.0000000000005       3.8052139516375254       9.753066666466974E7      1.4768238373834388       1.9335225505443238E-6
1.3                       3996.0000000000005       3.8030889561989083       9.901675567036843E7      1.4768238373834388       1.9335225505443238E-6
1.3                       4032.0000000000005       3.8009362664093675       1.0050123275286713E8     1.4768238373834388       1.9335225505443238E-6
1.3                       4068.0000000000005       3.798754257254357        1.019840806014742E8      1.4768238373834388       1.9335225505443238E-6
1.3                       4104                     3.7965429287338774       1.0346529921618935E8     1.4768238373834388       1.9335225505443238E-6
1.3                       4140.000000000001        3.794305296844758        1.0494491202313727E8     1.4768238373834388       1.9335225505443238E-6
1.3                       4176                     3.792041639866008        1.0642292118379165E8     1.4768238373834388       1.9335225505443238E-6
1.3                       4212                     3.7897508066736982       1.0789931775703838E8     1.4768238373834388       1.9335225505443238E-6
1.3                       4248                     3.7874343546087736       1.0937410525786719E8     1.4768238373834388       1.9335225505443238E-6
1.3                       4284                     3.785107441339506        1.1084731789782909E8     1.4768238373834388       1.9335225505443238E-6
1.3                       4320                     3.7827610009253285       1.123189352146813E8      1.4768238373834388       1.9335225505443238E-6
1.3                       4356                     3.7803950333662426       1.137889572084238E8      1.4768238373834388       1.9335225505443238E-6
1.3                       4392                     3.778015511921822        1.1525739954229937E8     1.4768238373834388       1.9335225505443238E-6
1.3                       4428                     3.7756253116060727       1.1672426975524735E8     1.4768238373834388       1.9335225505443238E-6
1.3                       4464                     3.7732208153773374       1.1818955836256328E8     1.4768238373834388       1.9335225505443238E-6
1.3                       4500                     3.7708020232356145       1.1965326536424728E8     1.4768238373834388       1.9335225505443238E-6
1.3                       4536                     3.7683790638040486       1.2111541790847155E8     1.4768238373834388       1.9335225505443238E-6
1.3                       4572                     3.7659462559125854       1.225760007677584E8      1.4768238373834388       1.9335225505443238E-6
1.3                       4608                     3.7635035991220196       1.2403501394093049E8     1.4768238373834388       1.9335225505443238E-6
1.3                       4644                     3.7610531303722277       1.2549246754960714E8     1.4768238373834388       1.9335225505443238E-6
1.3                       4680                     3.758597014651016        1.2694837235168202E8     1.4768238373834388       1.9335225505443238E-6
1.3                       4716                     3.756133341906374        1.2840271885604563E8     1.4768238373834388       1.9335225505443238E-6
1.3                       4752                     3.753662112138302        1.2985550706269792E8     1.4768238373834388       1.9335225505443238E-6
1.3                       4788                     3.751176071862723        1.3130678494351187E8     1.4768238373834388       1.9335225505443238E-6
1.3                       4824                     3.7486780991379747       1.3275653346406943E8     1.4768238373834388       1.9335225505443238E-6
1.3                       4860                     3.746168897038059        1.3420474797449805E8     1.4768238373834388       1.9335225505443238E-6
1.3                       4896                     3.7436484655629756       1.3565142847479755E8     1.4768238373834388       1.9335225505443238E-6
1.3                       4932                     3.7411168047127243       1.370965749649679E8      1.4768238373834388       1.9335225505443238E-6
1.3                       4968                     3.7385739144873056       1.3854018744500944E8     1.4768238373834388       1.9335225505443238E-6
1.3                       5004                     3.7360197948867198       1.3998226591492188E8     1.4768238373834388       1.9335225505443238E-6
1.3                       5040.000000000001        3.733340225760482        1.414228543319917E8      1.4768238373834388       1.9335225505443238E-6
1.3                       5076                     3.7305836869100397       1.4286193403891078E8     1.4768238373834388       1.9335225505443238E-6
1.3                       5112                     3.72777868504966         1.4429949406495482E8     1.4768238373834388       1.9335225505443238E-6
1.3                       5148                     3.7249252201793417       1.4573553441012362E8     1.4768238373834388       1.9335225505443238E-6
1.3                       5184                     3.722023292299086        1.471700550744176E8      1.4768238373834388       1.9335225505443238E-6
1.3                       5220                     3.7190729014088926       1.4860305605783647E8     1.4768238373834388       1.9335225505443238E-6
1.3                       5256                     3.7160740475087612       1.5003453736038014E8     1.4768238373834388       1.9335225505443238E-6
1.3                       5292                     3.7128342245064387       1.5146455033786356E8     1.4768238373834388       1.9335225505443238E-6
1.3                       5328                     3.7093877808884512       1.528930858269689E8      1.4768238373834388       1.9335225505443238E-6
1.3                       5364                     3.7058186151920234       1.5432012144566292E8     1.4768238373834388       1.9335225505443238E-6
1.3                       5400                     3.7021267274171548       1.5574565719394574E8     1.4768238373834388       1.9335225505443238E-6
1.3                       5436                     3.6983121175638463       1.5716969307181716E8     1.4768238373834388       1.9335225505443238E-6
1.3                       5472                     3.694374785632097        1.5859222907927734E8     1.4768238373834388       1.9335225505443238E-6
1.3                       5508                     3.6903579450087154       1.600132934272607E8      1.4768238373834388       1.9335225505443238E-6
1.3                       5544                     3.6862820742924254       1.6143289948478234E8     1.4768238373834388       1.9335225505443238E-6
1.3                       5580                     3.682109679072829        1.6285102277441883E8     1.4768238373834388       1.9335225505443238E-6
1.3                       5616                     3.677840759349926        1.6426766329617023E8     1.4768238373834388       1.9335225505443238E-6
1.3                       5652                     3.673475315123716        1.6568282105003637E8     1.4768238373834388       1.9335225505443238E-6
1.3                       5688                     3.669128468915769        1.6709651096300757E8     1.4768238373834388       1.9335225505443238E-6
1.3                       5724                     3.664992442797373        1.6850875795893744E8     1.4768238373834388       1.9335225505443238E-6
1.3                       5760                     3.660883533388835        1.6991953821852082E8     1.4768238373834388       1.9335225505443238E-6
1.3                       5796                     3.6568017406901556       1.7132885174175772E8     1.4768238373834388       1.9335225505443238E-6
1.3                       5832                     3.652747064701335        1.7273669852864793E8     1.4768238373834388       1.9335225505443238E-6
1.3                       5868                     3.648767074353719        1.7414174177055392E8     1.4768238373834388       1.9335225505443238E-6
1.3                       5904                     3.6450106199626506       1.7554021519385844E8     1.4768238373834388       1.9335225505443238E-6
1.3                       5940.000000000001        3.641254165571582        1.7693868861716312E8     1.4768238373834388       1.9335225505443238E-6
1.3                       5976.000000000001        3.6374977111805142       1.783371620404677E8      1.4768238373834388       1.9335225505443238E-6
1.3                       6012                     3.633741256789446        1.7973563546377224E8     1.4768238373834388       1.9335225505443238E-6
1.3                       6048                     3.6299757091892633       1.8113393037584782E8     1.4768238373834388       1.9335225505443238E-6
1.3                       6084                     3.6258821937148076       1.825257868625484E8      1.4768238373834388       1.9335225505443238E-6
1.3                       6120                     3.621788678240352        1.839176433492489E8      1.4768238373834388       1.9335225505443238E-6
1.3                       6156                     3.6176951627658958       1.853094998359493E8      1.4768238373834388       1.9335225505443238E-6
1.3                       6192                     3.61360164729144         1.8670135632264966E8     1.4768238373834388       1.9335225505443238E-6
1.3                       6228                     3.609225660702383        1.8809226543520975E8     1.4768238373834388       1.9335225505443238E-6
1.3                       6264                     3.604448091984947        1.8948182768961605E8     1.4768238373834388       1.9335225505443238E-6
1.3                       6300                     3.598284337758377        1.9087025128498873E8     1.4768238373834388       1.9335225505443238E-6
1.3                       6336                     3.5917655326983398       1.9225724288538077E8     1.4768238373834388       1.9335225505443238E-6
1.3                       6372                     3.5844160929006343       1.9364164050052452E8     1.4768238373834388       1.9335225505443238E-6
1.3                       6408                     3.5769117545580187       1.9502559761289868E8     1.4768238373834388       1.9335225505443238E-6
1.3                       6444                     3.566067235510235        1.964085176635966E8      1.4768238373834388       1.9335225505443238E-6
1.3                       6480                     3.554740902217688        1.9778959701507142E8     1.4768238373834388       1.9335225505443238E-6
1.3                       6516                     3.5433446780140168       1.9916959248030543E8     1.4768238373834388       1.9335225505443238E-6
1.3                       6552                     3.5271087436481734       2.005484729801298E8      1.4768238373834388       1.9335225505443238E-6
1.3                       6588                     3.5057558550525503       2.0192582502859655E8     1.4768238373834388       1.9335225505443238E-6
1.3                       6624                     3.4843782959825593       2.0330103142077586E8     1.4768238373834388       1.9335225505443238E-6
1.3                       6660                     3.4629933499669083       2.0467552350353706E8     1.4768238373834388       1.9335225505443238E-6
1.3                       6696                     3.4268812124402404       2.0604884337547436E8     1.4768238373834388       1.9335225505443238E-6
1.3                       6732                     3.3850143075792785       2.0742032507374933E8     1.4768238373834388       1.9335225505443238E-6
1.3                       6768                     3.3431259190701823       2.087905508786066E8      1.4768238373834388       1.9335225505443238E-6
1.3                       6804                     3.301092637457217        2.1015970980298656E8     1.4768238373834388       1.9335225505443238E-6
1.3                       6840.000000000001        3.2199356208101144       2.11527477218805E8       1.4768238373834388       1.9335225505443238E-6
1.3                       6876.000000000001        3.1365383326903338       2.128934815746532E8      1.4768238373834388       1.9335225505443238E-6
1.3                       6912                     3.0530847651395554       2.1425838755376667E8     1.4768238373834388       1.9335225505443238E-6
1.3                       6948                     2.9540379047830894       2.1562227634546408E8     1.4768238373834388       1.9335225505443238E-6
1.3                       6965.450059789777        2.873015001020059        2.1628291852812558E8     1.4768238373834388       1.9335225505443238E-6
