time/s;current/A;battery voltage/V
76.0547980786796;-0;3.5618403
76.0549980786745;0.18413889;3.5617192
77.0549980534124;18.058523;3.5448
78.0549980281502;17.946531;3.5360796
79.0549980028881;18.048342;3.5278602
80.054997977626;17.977074;3.5204427
81.0549979523639;18.092457;3.5139275
82.0549979271017;17.943139;3.5081637
83.0549979018396;17.932957;3.5029516
84.0549978765775;18.068703;3.4981904
85.0549978513154;18.024586;3.4936798
86.0549978260533;17.9635;3.4901714
87.0549978007911;17.994043;3.486212
88.054997775529;17.919381;3.4826035
89.0549977502669;17.953318;3.4797468
90.0549977250048;18.055129;3.4770405
91.0549976997426;17.949926;3.4742339
92.0549976744805;17.960105;3.4717278
93.0549976492184;18.095854;3.4693222
94.0549976239563;18.024586;3.4673676
95.0549975986941;18.065311;3.4650121
96.054997573432;18.00083;3.4631577
97.0549975481699;17.895627;3.4613535
98.0549975229078;17.990648;3.4594491
99.0549974976456;18.031373;3.4578452
100.054997472383;18.092457;3.4564919
101.054997447121;18.061916;3.4549384
102.054997421859;18.078885;3.453084
103.054997396597;18.021193;3.4519813
104.054997371335;18.07549;3.4504278
105.054997346072;18.08567;3.4494755
106.05499732081;18.041553;3.4477215
107.054997295548;18.044947;3.4470699
108.054997270286;17.980469;3.4461677
109.054997245024;17.949926;3.4448144
110.054997219762;17.973682;3.4432609
111.0549971945;18.048342;3.4427094
112.054997169238;17.875264;3.4414566
113.054997143975;17.946531;3.4403541
114.054997118713;17.919381;3.4397025
115.054997093451;18.106033;3.4385498
116.054997068189;18.068703;3.437748
117.054997042927;18.01101;3.4368958
118.054997017665;17.983861;3.4361441
119.054996992403;18.048342;3.4350915
120.054996967141;18.078885;3.4342897
121.054996941878;18.095854;3.4330368
122.054996916616;17.994043;3.4323852
123.054996891354;18.082277;3.4318841
124.054996866092;18.15015;3.4308817
125.05499684083;18.089066;3.4299295
126.054996815568;17.983861;3.4295285
127.054996790306;18.078885;3.4286263
128.054996765044;18.08567;3.428025
129.054996739781;17.990648;3.4274735
130.054996714519;17.997436;3.4264712
131.054996689257;18.021193;3.42592
132.054996663995;18.051734;3.4250679
133.054996638733;18.061916;3.4243662
134.054996613471;18.03816;3.4237649
135.054996588209;17.909201;3.4232638
136.054996562947;17.92617;3.4224117
137.054996537684;18.078885;3.4216599
138.054996512422;18.051734;3.4210083
139.05499648716;18.017799;3.4202566
140.054996461898;17.980469;3.419956
141.054996436636;18.095854;3.4192543
142.054996411374;18.021193;3.4185026
143.054996386112;17.960105;3.4182019
144.05499636085;18.014406;3.4175003
145.054996335587;18.106033;3.4169488
146.054996310325;18.119607;3.4160969
147.054996285063;18.08567;3.4156959
148.054996259801;18.061916;3.4150443
150.054996209277;17.980469;3.4142425
151.054996184015;18.034766;3.4136913
152.054996158753;18.017799;3.4129896
153.05499613349;18.109428;3.412338
154.054996108228;18.08567;3.4117365
155.054996082966;18.034766;3.4114358
156.054996057704;17.983861;3.4105337
157.054996032442;18.01101;3.4100826
158.05499600718;18.061916;3.4094312
159.054995981918;18.07549;3.4092808
160.054995956656;17.990648;3.4087796
161.054995931393;17.915988;3.4079778
165.054995830345;17.932957;3.4065242
166.054995805083;18.044947;3.4055719
167.054995779821;18.078885;3.4053214
168.054995754559;17.973682;3.4044695
169.054995729296;18.014406;3.4043691
170.054995704034;18.07549;3.4036174
173.054995628248;17.932957;3.4027655
174.054995602986;17.960105;3.4019635
175.054995577724;18.065311;3.4017129
176.054995552462;18.01101;3.4009111
177.054995527199;18.068703;3.4008107
178.054995501937;17.970285;3.3999088
182.054995400889;18.051734;3.3984554
183.054995375627;18.044947;3.397954
185.054995325102;18.055129;3.3973026
186.05499529984;17.936352;3.396601
187.054995274578;18.068703;3.3959994
191.05499517353;18.078885;3.3948467
192.054995148268;18.027979;3.394145
197.054995021957;18.044947;3.3922908
198.054994996695;17.915988;3.3915391
199.054994971433;17.990648;3.3912883
200.054994946171;18.027979;3.3907871
201.054994920908;17.997436;3.3908374
202.054994895646;18.017799;3.390336
203.054994870384;18.021193;3.3898349
204.054994845122;17.949926;3.3898852
205.05499481986;18.00083;3.3892837
206.054994794598;17.949926;3.388983
207.054994769336;17.966895;3.3881309
209.054994718811;18.126395;3.3876798
210.054994693549;18.01101;3.3871787
211.054994668287;18.08567;3.3867776
212.054994643025;17.977074;3.3859758
215.054994567239;17.936352;3.3856251
216.054994541977;18.041553;3.3849235
218.054994491452;18.024586;3.3845224
219.05499446619;18.007619;3.3839712
223.054994365142;18.00083;3.3828185
224.05499433988;18.061916;3.3821669
226.054994289355;18.139971;3.3814652
227.054994264093;17.987256;3.380964
228.054994238831;18.061916;3.3804629
232.054994137783;18.024586;3.3796611
233.05499411252;17.997436;3.3791096
235.054994061996;18.078885;3.3786085
236.054994036734;18.065311;3.3779068
237.054994011472;18.106033;3.3778067
238.05499398621;18.051734;3.3772552
242.054993885161;18.065311;3.3764033
243.054993859899;18.03816;3.3758018
245.054993809375;17.990648;3.375401
246.054993784113;18.027979;3.3748999
252.05499363254;18.048342;3.3733461
253.054993607278;18.095854;3.3728449
254.054993582016;18.017799;3.3721933
263.054993354657;18.055129;3.3699882
264.054993329395;18.068703;3.369487
265.054993304133;17.919381;3.3689859
267.054993253608;18.00083;3.3687854
268.054993228346;17.973682;3.3680336
280.054992925201;17.990648;3.3650265
281.054992899939;18.089066;3.3644753
283.054992849414;18.048342;3.3642247
284.054992824152;18.089066;3.3634729
292.054992622055;18.078885;3.3617187
293.054992596793;18.072098;3.3612175
298.054992470482;18.126395;3.3601651
299.05499244522;18.07549;3.3596137
306.054992268385;17.953318;3.3582606
307.054992243123;18.01101;3.3577092
308.054992217861;18.021193;3.3578095
309.054992192599;17.949926;3.3571579
310.054992167337;18.048342;3.3571579
311.054992142075;18.044947;3.3565567
319.054991939978;18.021193;3.3548524
320.054991914716;18.082277;3.3543513
332.05499161157;18.03816;3.3519957
333.054991586308;18.099246;3.3513443
337.05499148526;18.078885;3.3507428
338.054991459997;17.983861;3.3500412
340.054991409473;18.00083;3.3503418
341.054991384211;18.177301;3.3498406
346.0549912579;17.956713;3.3486879
347.054991232638;17.919381;3.3480866
353.054991081066;18.048342;3.3473849
354.054991055803;18.102641;3.3468838
357.054990980017;18.08567;3.3467333
358.054990954755;18.099246;3.3462322
361.054990878969;18.082277;3.3459315
362.054990853706;18.119607;3.3451297
366.054990752658;18.055129;3.3446283
367.054990727396;17.987256;3.344027
370.054990651609;18.044947;3.3440771
371.054990626347;17.977074;3.343576
372.054990601085;18.03816;3.3434255
373.054990575823;18.041553;3.3428743
377.054990474775;18.072098;3.3423731
378.054990449512;18.078885;3.341872
402.054989843221;18.017799;3.3377624
403.054989817959;18.119607;3.337261
413.054989565338;18.099246;3.3364091
414.054989540076;17.987256;3.335557
423.054989312717;17.960105;3.3344545
424.054989287455;18.129791;3.3339031
431.05498911062;18.017799;3.3331013
432.054989085358;18.034766;3.3323996
436.054988984309;18.061916;3.3322492
437.054988959047;18.109428;3.3316979
442.054988832736;18.116215;3.3310463
443.054988807474;18.048342;3.3315475
444.054988782212;18.048342;3.3309963
450.054988630639;17.92617;3.3304451
451.054988605377;17.946531;3.3297935
461.054988352756;18.109428;3.3287911
462.054988327494;18.089066;3.3282399
468.054988175921;18.01101;3.3275883
469.054988150659;18.014406;3.3268867
470.054988125397;18.099246;3.3274879
471.054988100135;18.07549;3.3268867
474.054988024348;18.061916;3.3270369
475.054987999086;18.051734;3.3263855
477.054987948562;18.00083;3.3263855
478.0549879233;18.027979;3.3258843
506.05498721596;18.068703;3.3230777
507.054987190698;18.014406;3.322376
532.054986559145;17.956713;3.3204715
533.054986533883;17.970285;3.3198199
555.054985978116;18.027979;3.3179154
556.054985952854;18.07549;3.3172138
580.054985346563;18.01101;3.3155599
581.054985321301;18.024586;3.3150086
582.054985296039;18.078885;3.3156099
592.054985043418;18.014406;3.3148081
593.054985018156;18.089066;3.3142569
631.054984058195;18.072098;3.3116508
632.054984032933;17.977074;3.3121519
633.054984007671;18.024586;3.3114502
636.054983931884;18.123002;3.3118513
637.054983906622;18.01101;3.3112998
644.054983729787;18.061916;3.3109491
645.054983704525;17.817572;3.3116007
668.054983123496;17.905809;3.3100469
669.054983098234;18.051734;3.3095458
686.054982668778;17.973682;3.3086936
687.054982643516;17.953318;3.309195
710.054982062487;18.051734;3.307992
711.054982037225;18.041553;3.3074908
737.05498138041;17.994043;3.3074408
738.054981355147;18.044947;3.3068895
758.054980849905;18.014406;3.306689
759.054980824643;18.031373;3.3060875
762.054980748856;17.939744;3.3061378
763.054980723594;17.980469;3.306639
783.054980218352;18.048342;3.3063884
784.05498019309;18.014406;3.3058369
803.054979713109;18.116215;3.3058369
804.054979687847;17.980469;3.3052857
805.054979662585;17.973682;3.3052857
806.054979637323;17.960105;3.3057868
855.054978399479;18.004223;3.3053861
856.054978374217;18.00083;3.304584
891.054977490042;18.061916;3.3047845
892.05497746478;18.034766;3.3042834
903.054977186897;18.07549;3.3048847
904.054977161635;18.044947;3.3043835
917.054976833227;18.031373;3.3048346
918.054976807965;18.123002;3.3042333
919.054976782703;18.078885;3.3048346
1057.05497329653;18.061916;3.3044839
1058.05497327126;18.021193;3.3051353
1059.054973246;18.126395;3.3046341
1081.05497269023;18.041553;3.3046844
1082.05497266497;17.966895;3.3051856
1088.0549725134;18.044947;3.304935
1089.05497248814;18.048342;3.3044338
1096.0549723113;18.119607;3.3050852
1097.05497228604;18.078885;3.304534
1110.05497195763;18.041553;3.3048847
1111.05497193237;18.031373;3.3042834
1112.05497190711;18.133182;3.3048847
1116.05497180606;18.058523;3.3044338
1117.0549717808;18.03816;3.3051856
1124.05497160396;17.966895;3.3044839
1125.0549715787;18.072098;3.304985
1132.05497140187;17.943139;3.304584
1133.0549713766;18.061916;3.3051353
1138.05497125029;17.966895;3.3046844
1139.05497122503;17.9635;3.3051856
1159.05497071979;17.956713;3.3052857
1160.05497069453;18.11282;3.304584
1196.05496978509;17.936352;3.304985
1197.05496975983;18.00083;3.3043835
1198.05496973457;18.017799;3.3050852
1229.05496895144;18.051734;3.3051856
1230.05496892618;18.08567;3.3046844
1309.05496693047;17.977074;3.3047345
1310.05496690521;18.004223;3.3053861
1311.05496687995;17.902414;3.3048847
1312.05496685468;17.882051;3.3053861
1320.05496665259;18.055129;3.304985
1321.05496662732;17.997436;3.3055363
1350.05496589472;18.03816;3.3056366
1351.05496586946;18.00083;3.3051353
1369.05496541474;18.044947;3.3055863
1370.05496538948;18.099246;3.3050852
1388.05496493476;17.994043;3.3051353
1389.0549649095;18.004223;3.3057368
1390.05496488424;18.065311;3.3051856
1403.05496455583;18.031373;3.3058872
1404.05496453057;18.01101;3.3052857
1443.05496354535;18.041553;3.3057868
1444.05496352008;17.956713;3.3052857
1469.05496288853;18.021193;3.3050852
1470.05496286327;18.041553;3.3056366
1477.05496268643;18.027979;3.3059874
1478.05496266117;18.014406;3.3053861
1495.05496223171;18.065311;3.3053358
1496.05496220645;18.021193;3.3059874
1555.05496071599;17.994043;3.3052356
1556.05496069073;18.095854;3.3058872
1595.0549597055;17.92617;3.3054361
1596.05495968024;18.061916;3.3059373
1601.05495955393;18.041553;3.3052857
1602.05495952867;18.109428;3.3059373
1646.05495841713;17.973682;3.3054862
1647.05495839187;17.895627;3.3063383
1663.05495798768;17.970285;3.3055363
1664.05495796242;18.078885;3.3061378
1685.05495743191;18.07549;3.3059874
1686.05495740665;18.034766;3.3054361
1687.05495738139;18.072098;3.3059874
1692.05495725508;18.095854;3.3055863
1693.05495722981;17.9635;3.3061378
1703.05495697719;18.024586;3.3056867
1704.05495695193;18.014406;3.3062379
1705.05495692667;17.973682;3.3057368
1709.05495682562;18.017799;3.3061378
1710.05495680036;18.014406;3.3055863
1727.0549563709;18.099246;3.3055863
1728.05495634564;18.044947;3.306288
1759.05495556251;18.021193;3.3060875
1760.05495553725;17.990648;3.3055363
1765.05495541094;17.987256;3.306288
1766.05495538568;17.990648;3.3057868
1767.05495536042;18.058523;3.306288
1773.05495520884;18.092457;3.3056366
1774.05495518358;18.027979;3.3062379
1775.05495515832;17.977074;3.3056366
1825.05495389521;18.065311;3.3063383
1826.05495386995;17.92617;3.3058369
1855.05495313735;18.03816;3.3062379
1856.05495311209;17.92617;3.3055863
1857.05495308683;18.031373;3.3062379
1858.05495306156;18.051734;3.3056366
1876.05495260685;17.977074;3.3059373
1877.05495258158;17.936352;3.3065889
1878.05495255632;17.960105;3.3058872
1901.05495197529;18.021193;3.3058872
1902.05495195003;18.156938;3.3064384
1927.05495131848;18.051734;3.3059874
1928.05495129321;17.994043;3.3065889
1937.05495106586;17.983861;3.3058369
1938.05495104059;17.987256;3.3063383
1957.05495056061;17.990648;3.3065889
1958.05495053535;17.994043;3.3058872
1987.05494980275;18.004223;3.3063884
1988.05494977749;18.102641;3.3055863
1989.05494975223;18.034766;3.3062379
1993.05494965118;18.024586;3.3060374
1994.05494962591;18.055129;3.306639
1995.05494960065;18.014406;3.3061378
2003.05494939856;18.044947;3.3063884
2004.05494937329;18.058523;3.3058872
2028.054948767;18.048342;3.3063884
2029.05494874174;17.994043;3.3057868
2036.05494856491;17.994043;3.306288
2037.05494853964;17.878658;3.3068895
2047.05494828702;18.061916;3.3064885
2048.05494826176;18.11282;3.3059373
2126.05494629131;18.048342;3.3062379
2127.05494626605;18.106033;3.3067892
2137.05494601343;18.089066;3.3068895
2138.05494598817;18.068703;3.3062379
2163.05494535662;18.021193;3.3058369
2164.05494533135;18.024586;3.3063383
2165.05494530609;17.997436;3.3058872
2166.05494528083;17.983861;3.3064885
2175.05494505347;18.061916;3.3061378
2176.05494502821;18.03816;3.306639
2186.05494477559;18.041553;3.3061879
2187.05494475032;17.966895;3.3067391
2198.05494447244;17.960105;3.3061378
2199.05494444718;18.01101;3.306689
2220.05494391667;17.9635;3.3061879
2221.05494389141;18.061916;3.3067892
2226.0549437651;18.095854;3.3060374
2227.05494373984;18.021193;3.3065889
2258.05494295671;18.021193;3.3061378
2259.05494293145;18.03816;3.306689
2283.05494232516;17.905809;3.3062379
2284.0549422999;18.007619;3.3068395
2285.05494227464;18.089066;3.3063383
2289.05494217359;18.08567;3.306689
2290.05494214833;18.041553;3.3060875
2329.0549411631;17.980469;3.3059874
2330.05494113784;18.089066;3.3064885
2406.05493921792;17.92617;3.3063383
2407.05493919266;18.041553;3.3071401
2408.05493916739;18.034766;3.3065386
2450.05493810639;18.099246;3.3061378
2451.05493808112;17.983861;3.3067391
2466.05493770219;17.987256;3.3067892
2467.05493767693;17.956713;3.3062379
2499.05493686854;18.021193;3.3068395
2500.05493684328;18.089066;3.306288
2504.05493674223;17.946531;3.3064384
2505.05493671697;17.939744;3.3069396
2550.05493558017;18.143363;3.3065386
2551.05493555491;17.973682;3.3060374
2555.05493545386;17.994043;3.306689
2556.0549354286;18.031373;3.3061879
2560.05493532755;17.905809;3.3068895
2561.05493530229;18.109428;3.3062379
2574.05493497388;17.987256;3.3064384
2575.05493494862;17.858297;3.3069897
2627.05493363499;18.017799;3.306288
2628.05493360973;17.994043;3.3067892
2648.05493310448;18.068703;3.3068395
2649.05493307922;18.061916;3.3062379
2657.05493287713;18.014406;3.3069396
2658.05493285186;18.078885;3.3061879
2659.0549328266;17.987256;3.3071401
2660.05493280134;18.106033;3.3065386
2665.05493267503;18.082277;3.3063383
2666.05493264977;18.089066;3.3068395
2720.05493128561;18.07549;3.3068895
2721.05493126035;17.966895;3.3063884
2780.05492976988;18.041553;3.3063884
2781.05492974462;17.943139;3.3069396
2782.05492971936;18.156938;3.3067892
2783.0549296941;17.990648;3.306288
2841.05492822889;17.977074;3.3070397
2842.05492820363;18.082277;3.3063884
2857.0549278247;18.00083;3.3069396
2858.05492779944;18.007619;3.3064384
2888.05492704158;18.058523;3.3069897
2889.05492701631;18.089066;3.3064384
2897.05492681422;17.987256;3.3062379
2898.05492678895;18.136576;3.3069396
2920.05492623319;18.01101;3.3067391
2921.05492620792;18.01101;3.3062379
2956.05492532375;18.133182;3.3064384
2957.05492529849;18.106033;3.3069396
2985.05492459115;17.939744;3.3069897
2986.05492456589;18.027979;3.3063884
3007.05492403538;18.119607;3.3065889
3008.05492401012;18.068703;3.3071401
3009.05492398486;17.9635;3.3064885
3015.05492383329;18.044947;3.3062379
3016.05492380802;17.980469;3.3069396
3017.05492378276;17.983861;3.3063884
3018.0549237575;18.017799;3.3068895
3091.05492191336;17.902414;3.3067892
3092.0549218881;17.919381;3.3060374
3093.05492186284;17.939744;3.306639
3095.05492181232;18.007619;3.3068895
3096.05492178705;17.92617;3.3063383
3117.05492125655;18.061916;3.3067391
3118.05492123129;18.133182;3.3061879
3133.05492085235;17.949926;3.306288
3134.05492082709;18.034766;3.3068895
3174.05491981661;18.116215;3.3064384
3175.05491979135;18.044947;3.3069396
3181.05491963977;18.058523;3.30709
3182.05491961451;18.014406;3.3065386
3185.05491953872;18.173906;3.3071401
3186.05491951346;17.994043;3.3064384
3204.05491905874;17.980469;3.30709
3205.05491903348;18.031373;3.3065386
3278.05491718935;18.041553;3.3069897
3279.05491716408;18.034766;3.3064885
3319.0549161536;18.099246;3.3064384
3320.05491612834;18.041553;3.3069396
3329.05491590098;18.03816;3.3065889
3330.05491587572;18.048342;3.3071401
3346.05491547152;17.980469;3.3071902
3347.05491544626;18.055129;3.3065386
3411.05491382948;17.861691;3.30709
3412.05491380422;17.987256;3.3064885
3475.05491221271;18.072098;3.3069396
3476.05491218745;18.08567;3.3064384
3509.0549113538;18.00083;3.3063383
3510.05491132853;18.102641;3.3069897
3546.0549104191;18.058523;3.3064885
3547.05491039383;18.139971;3.3070397
3550.05491031805;18.068703;3.3065889
3551.05491029279;18.004223;3.3072906
3552.05491026752;18.027979;3.306689
3553.05491024226;17.973682;3.3065386
3554.054910217;17.943139;3.3070397
3568.05490986333;17.929563;3.30709
3569.05490983807;17.902414;3.3064384
3570.05490981281;17.997436;3.3069396
3640.05490804446;18.08567;3.3063383
3641.0549080192;18.048342;3.3068395
3659.05490756448;17.943139;3.3069396
3660.05490753921;17.953318;3.3063884
3661.05490751395;17.865084;3.3068895
3680.05490703397;18.058523;3.3072402
3681.05490700871;17.994043;3.3065889
3682.05490698345;17.994043;3.3065386
3683.05490695819;18.082277;3.3070397
3731.0549057456;18.027979;3.3068395
3732.05490572034;17.980469;3.3063383
3747.05490534141;17.936352;3.3070397
3748.05490531615;18.024586;3.3064885
3752.0549052151;18.007619;3.3071401
3753.05490518984;17.956713;3.3063884
3754.05490516457;18.055129;3.3069396
3757.05490508879;18.004223;3.3064885
3758.05490506353;18.153545;3.3069897
3763.05490493722;17.994043;3.3069396
3764.05490491195;17.929563;3.3061378
3765.05490488669;17.9635;3.306689
3766.05490486143;18.00083;3.3068395
3767.05490483617;18.03816;3.306288
3804.05490390147;17.977074;3.3069396
3805.05490387621;18.024586;3.3063884
3806.05490385094;17.9635;3.3069396
3871.05490220891;17.960105;3.3068895
3872.05490218364;18.041553;3.3062379
3873.05490215838;18.08567;3.3067892
3884.0549018805;17.987256;3.3069396
3885.05490185524;17.949926;3.3064384
3886.05490182997;18.044947;3.3067391
3887.05490180471;17.909201;3.3062379
3888.05490177945;17.888838;3.3061378
3889.05490175419;17.953318;3.3067892
3895.05490160262;17.9635;3.3067391
3896.05490157735;18.03816;3.3061378
3897.05490155209;17.983861;3.3067391
3947.05490028898;18.048342;3.3064384
3948.05490026372;18.055129;3.3070397
3997.05489902588;18.08567;3.3063884
3998.05489900062;18.11282;3.3068895
4058.05489748489;18.065311;3.3063884
4059.05489745963;18.007619;3.3070397
4070.05489718174;17.970285;3.3064885
4071.05489715648;17.966895;3.3069897
4074.05489708069;18.03816;3.3068895
4075.05489705543;18.072098;3.3062379
4076.05489703017;18.058523;3.3069396
4087.05489675229;17.983861;3.3068395
4088.05489672703;18.106033;3.3063383
4089.05489670176;17.997436;3.3063884
4090.0548966765;17.977074;3.3069897
4155.05489581133;18.024586;3.3065889
4156.05489579922;18.01101;3.3060374
4172.05489560551;17.966895;3.3063383
4173.0548955934;17.919381;3.3068395
4180.05489550865;18.034766;3.3065386
4181.05489549654;18.068703;3.3070397
4182.05489548444;18.021193;3.3064384
4188.05489541179;18.048342;3.3064384
4189.05489539969;17.980469;3.3070397
4190.05489538758;18.061916;3.3065386
4230.05489490329;17.990648;3.30709
4231.05489489118;17.970285;3.3065889
4238.05489480643;17.997436;3.3067892
4239.05489479433;17.997436;3.3061378
4266.05489446743;17.946531;3.3069897
4267.05489445533;18.041553;3.3064384
4268.05489444322;18.061916;3.3061879
4269.05489443111;18.007619;3.3068395
4279.05489431004;17.956713;3.3067892
4280.05489429793;18.031373;3.3061879
4281.05489428583;18.123002;3.3068395
4293.05489414054;18.058523;3.3069396
4294.05489412843;18.061916;3.3064384
4306.05489398315;17.960105;3.3062379
4307.05489397104;18.021193;3.3069897
4310.05489393472;17.983861;3.306288
4311.05489392261;18.123002;3.3067892
4375.05489314775;18.041553;3.306288
4376.05489313564;18.024586;3.3069396
4377.05489312353;18.021193;3.3064384
4406.05489277243;18.021193;3.3064885
4407.05489276032;17.960105;3.30709
4408.05489274821;18.004223;3.3065386
4450.05489223971;18.031373;3.3061378
4451.0548922276;17.983861;3.306639
4454.05489219128;17.956713;3.3065889
4455.05489217917;17.878658;3.3060875
4456.05489216707;17.970285;3.306639
4474.05489194914;17.970285;3.306639
4475.05489193703;18.017799;3.3060875
4476.05489192492;18.065311;3.3067391
4508.05489153749;17.990648;3.3069897
4509.05489152538;18.014406;3.3064384
4511.05489150117;17.990648;3.3060875
4512.05489148906;17.929563;3.3067892
4514.05489146485;17.932957;3.3067892
4515.05489145274;18.034766;3.306288
4533.05489123481;18.024586;3.3063884
4534.05489122271;17.9635;3.3069396
4541.05489113795;17.994043;3.3063383
4542.05489112585;17.997436;3.3068395
4545.05489108953;17.973682;3.3061879
4546.05489107742;17.987256;3.3067391
4562.0548908837;18.072098;3.3061879
4563.0548908716;18.051734;3.3067892
4585.05489060524;18.058523;3.3067391
4586.05489059313;17.987256;3.3062379
4596.05489047206;18.136576;3.3060374
4597.05489045995;18.01101;3.306689
4598.05489044784;18.068703;3.3061879
4617.05489021781;18.07549;3.3062379
4618.0548902057;18.034766;3.3067391
4620.05489018149;18.007619;3.3062379
4621.05489016938;18.055129;3.3067892
4687.0548893703;18.136576;3.306288
4688.0548893582;18.014406;3.3067892
4693.05488929766;18.106033;3.3065889
4694.05488928555;18.072098;3.3060875
4716.0548890192;18.017799;3.3061378
4717.05488900709;17.939744;3.306639
4733.05488881337;18.044947;3.3062379
4734.05488880127;18.055129;3.3068895
4738.05488875284;18.024586;3.306288
4739.05488874073;18.044947;3.3067892
4744.05488868019;17.912596;3.306689
4745.05488866809;18.051734;3.3060875
4782.05488822012;18.095854;3.3059874
4783.05488820801;18.123002;3.3064885
4798.05488802641;18.095854;3.3065386
4799.0548880143;18.044947;3.3058872
4807.05488791744;17.949926;3.3067391
4808.05488790533;17.943139;3.3059373
4809.05488789323;18.058523;3.3064384
4815.05488782058;18.078885;3.3061378
4816.05488780848;18.017799;3.306689
4821.05488774794;18.065311;3.3065386
4822.05488773583;18.055129;3.3060374
4834.05488759055;18.061916;3.306689
4835.05488757844;18.004223;3.3060374
4845.05488745737;17.943139;3.3060374
4846.05488744526;17.953318;3.3065386
4848.05488742105;18.007619;3.3067391
4849.05488740894;18.031373;3.3060374
4870.05488715469;18.048342;3.3063383
4871.05488714258;18.031373;3.3068395
4872.05488713047;18.03816;3.306288
4890.05488691254;18.055129;3.306639
4891.05488690044;18.146758;3.3060374
4918.05488657354;18.11282;3.306639
4919.05488656144;18.061916;3.3061378
4929.05488644036;18.082277;3.3058872
4930.05488642826;18.065311;3.3064384
4945.05488624665;18.11282;3.306639
4946.05488623454;18.004223;3.3059874
4947.05488622243;17.977074;3.3064885
4979.054885835;18.099246;3.3060374
4980.0548858229;18.03816;3.3067391
5045.05488503593;18.017799;3.3064885
5046.05488502382;17.994043;3.3059373
5062.05488483011;18.044947;3.306639
5063.054884818;18.017799;3.3060374
5076.05488466061;18.03816;3.3060374
5077.0548846485;17.949926;3.3065889
5090.05488449111;18.106033;3.306689
5091.054884479;18.048342;3.3061378
5105.0548843095;18.007619;3.3060374
5106.05488429739;17.983861;3.3065889
5137.05488392207;18.055129;3.3064885
5138.05488390996;17.966895;3.3059874
5139.05488389785;17.973682;3.3064885
5168.05488354674;17.973682;3.3065386
5169.05488353464;18.072098;3.3059874
5218.05488294138;18.00083;3.3063383
5219.05488292928;18.061916;3.3058369
5220.05488291717;18.129791;3.3063383
5284.05488214231;18.095854;3.3063383
5285.0548821302;17.977074;3.3057868
5307.05488186384;17.970285;3.3063884
5308.05488185174;18.007619;3.3058872
5314.05488177909;17.905809;3.3064885
5315.05488176699;18.00083;3.3059874
5343.05488142799;17.973682;3.3063884
5344.05488141588;18.163725;3.3058872
5365.05488116163;18.055129;3.3056867
5366.05488114952;17.9635;3.3061879
5371.05488108898;18.07549;3.3065386
5372.05488107688;18.004223;3.3059373
5373.05488106477;18.034766;3.3063383
5374.05488105266;18.058523;3.3057368
5375.05488104056;18.102641;3.3063884
5379.05488099213;18.007619;3.3064384
5380.05488098002;17.949926;3.3058369
5396.0548807863;18.031373;3.3057868
5397.0548807742;17.946531;3.3064384
5415.05488055627;18.08567;3.3056867
5416.05488054416;18.061916;3.3062379
5420.05488049573;17.970285;3.306288
5421.05488048362;17.895627;3.3057368
5439.05488026569;17.977074;3.3062379
5440.05488025359;18.041553;3.3055863
5480.0548797693;18.136576;3.3057368
5481.05487975719;17.994043;3.3062379
5484.05487972087;17.980469;3.3063383
5485.05487970876;18.08567;3.3057868
5486.05487969666;18.034766;3.3063383
5487.05487968455;18.095854;3.3061879
5488.05487967244;18.03816;3.3056366
5560.05487880072;17.980469;3.3060374
5561.05487878862;18.021193;3.3054862
5562.05487877651;17.92617;3.3061879
5578.0548785828;18.041553;3.3056366
5579.05487857069;18.03816;3.3062379
5581.05487854647;18.031373;3.3056867
5582.05487853437;18.007619;3.3062379
5599.05487832854;18.065311;3.3060374
5600.05487831644;17.994043;3.3054862
5605.0548782559;17.970285;3.3061378
5606.05487824379;18.061916;3.3053861
5607.05487823169;18.031373;3.3060875
5624.05487802586;18.027979;3.3059874
5625.05487801376;18.03816;3.3053358
5626.05487800165;17.912596;3.3060374
5656.05487763843;18.01101;3.3057868
5657.05487762633;18.024586;3.306288
5658.05487761422;17.966895;3.3057368
5669.05487748104;18.089066;3.3054361
5670.05487746893;18.072098;3.3059874
5719.05487687568;17.946531;3.306288
5720.05487686357;17.960105;3.3056867
5749.05487651246;18.01101;3.3062379
5750.05487650036;18.007619;3.3057368
5760.05487637929;17.939744;3.3053861
5761.05487636718;18.082277;3.3060374
5763.05487634296;18.034766;3.3057368
5764.05487633086;18.106033;3.3062379
5765.05487631875;18.024586;3.3057368
5831.05487551968;18.014406;3.3060374
5832.05487550757;18.027979;3.3054361
5842.0548753865;17.997436;3.3060374
5843.05487537439;17.953318;3.3054862
5861.05487515646;18.116215;3.3059874
5862.05487514435;18.068703;3.3054862
5880.05487492642;17.905809;3.3060374
5881.05487491432;18.004223;3.3051856
5882.05487490221;18.017799;3.3057868
5887.05487484167;17.956713;3.3053358
5888.05487482957;17.92617;3.3060374
5931.05487430896;18.027979;3.3060374
5932.05487429685;18.129791;3.3054361
5945.05487413946;18.044947;3.3053358
5946.05487412735;18.014406;3.3058369
5961.05487394574;18.00083;3.3053358
5962.05487393363;17.983861;3.3058369
5963.05487392153;18.106033;3.3052857
5988.05487361885;18.01101;3.3052356
5989.05487360674;17.909201;3.3057368
6039.05487300138;17.960105;3.3057368
6040.05487298927;18.014406;3.3051856
6058.05487277134;17.956713;3.3051856
6059.05487275924;17.977074;3.3058369
6060.05487274713;17.997436;3.3052857
6067.05487266238;18.072098;3.3058369
6068.05487265027;17.956713;3.3053358
6082.05487248077;18.034766;3.3059373
6083.05487246866;17.997436;3.3054361
6086.05487243234;18.08567;3.3052356
6087.05487242023;18.051734;3.3058369
6113.05487210545;17.973682;3.3053358
6114.05487209334;18.055129;3.3058872
6163.05487150009;17.953318;3.3057868
6164.05487148798;17.932957;3.3051856
6193.05487113687;17.997436;3.3056867
6194.05487112476;18.014406;3.3050852
6243.05487053151;17.970285;3.3058369
6244.0548705194;18.051734;3.3052857
6246.05487049519;18.024586;3.3050852
6247.05487048308;18.041553;3.3056366
6248.05487047098;18.106033;3.3051353
6249.05487045887;18.160332;3.3051353
6250.05487044676;18.078885;3.3056867
6262.05487030147;18.027979;3.3055363
6263.05487028937;17.932957;3.304935
6279.05487009565;18.119607;3.3055363
6280.05487008355;18.089066;3.3050351
6281.05487007144;18.058523;3.3055863
6287.05486999879;17.882051;3.3053861
6288.05486998669;18.007619;3.3047845
6289.05486997458;17.922775;3.3053358
6290.05486996247;18.004223;3.3053861
6291.05486995037;17.9635;3.3048847
6307.05486975665;18.021193;3.3050852
6308.05486974454;18.07549;3.3057368
6309.05486973244;18.163725;3.3051353
6314.0548696719;18.08567;3.3048847
6315.05486965979;17.960105;3.3056366
6316.05486964769;18.058523;3.3048847
6317.05486963558;18.034766;3.3056366
6388.05486877597;18.024586;3.3054361
6389.05486876386;18.03816;3.304935
6415.05486844907;17.994043;3.3054361
6416.05486843697;17.929563;3.304935
6421.05486837643;17.994043;3.3054862
6422.05486836432;18.109428;3.304985
6432.05486824325;18.123002;3.3052857
6433.05486823114;18.082277;3.3047845
6447.05486806164;18.01101;3.3050351
6448.05486804954;17.980469;3.3055363
6449.05486803743;18.048342;3.3050351
6488.05486756525;17.936352;3.3053358
6489.05486755314;18.068703;3.3048346
6505.05486735943;17.980469;3.3055863
6506.05486734732;17.980469;3.304985
6513.05486726257;18.068703;3.3054862
6514.05486725046;18.143363;3.304985
6598.05486623346;18.014406;3.3053358
6599.05486622135;17.970285;3.3047845
6630.05486584603;17.990648;3.3052857
6631.05486583392;18.055129;3.3046844
6642.05486570074;18.058523;3.3047845
6643.05486568863;18.027979;3.3052857
6644.05486567653;18.078885;3.3043835
6645.05486566442;18.08567;3.3051856
6647.05486564021;18.08567;3.3053358
6648.0548656281;18.099246;3.3048346
6663.05486544649;17.970285;3.3051856
6664.05486543438;18.031373;3.304534
6677.05486527699;18.031373;3.3051856
6678.05486526488;18.055129;3.3044338
6689.0548651317;18.055129;3.3047345
6690.0548651196;17.949926;3.3052857
6691.05486510749;17.949926;3.3047345
6695.05486505906;18.061916;3.3052857
6696.05486504695;18.01101;3.304534
6697.05486503485;17.899021;3.3050852
6698.05486502274;17.858297;3.304935
6699.05486501063;17.895627;3.3044338
6700.05486499852;18.048342;3.3052356
6714.05486482902;18.116215;3.3051856
6715.05486481692;18.031373;3.304584
6725.05486469584;17.953318;3.3052857
6726.05486468374;17.905809;3.304584
6738.05486453845;17.936352;3.304534
6739.05486452634;18.027979;3.3051353
6748.05486441738;18.11282;3.3046341
6749.05486440527;18.027979;3.3051856
6750.05486439316;18.01101;3.304534
6763.05486423577;18.065311;3.304534
6764.05486422366;18.106033;3.3050351
6784.05486398152;18.03816;3.304584
6785.05486396941;17.987256;3.3051353
6789.05486392098;17.973682;3.304985
6790.05486390888;18.014406;3.3044839
6791.05486389677;17.994043;3.3051353
6792.05486388466;18.048342;3.304534
6819.05486355777;18.044947;3.304985
6820.05486354566;18.017799;3.3044839
6826.05486347302;17.949926;3.3043835
6827.05486346091;17.919381;3.3050351
6845.05486324298;18.072098;3.3050852
6846.05486323087;17.997436;3.3044338
6863.05486302505;18.08567;3.304935
6864.05486301294;17.946531;3.3043835
6889.05486271026;18.055129;3.3050351
6890.05486269816;18.119607;3.3044839
6901.05486256498;18.004223;3.304935
6902.05486255287;18.024586;3.3043835
6947.05486200805;17.997436;3.304183
6948.05486199594;17.885447;3.3048346
6949.05486198383;17.936352;3.3042333
6970.05486172958;18.055129;3.3047845
6971.05486171747;17.960105;3.304183
6982.0548615843;18.099246;3.3047845
6983.05486157219;18.055129;3.304183
7064.05486059151;17.977074;3.3043835
7065.0548605794;17.997436;3.3050852
7066.05486056729;18.08567;3.304534
7071.05486050676;17.977074;3.304584
7072.05486049465;17.956713;3.3038824
7086.05486032515;18.095854;3.3042333
7087.05486031304;17.994043;3.3047345
7109.05486004668;18.08567;3.3046844
7110.05486003457;18.031373;3.3040328
7124.05485986507;17.902414;3.3041329
7125.05485985297;18.034766;3.3046844
7131.05485978032;18.021193;3.304534
7132.05485976822;18.01101;3.3038824
7154.05485950186;18.03816;3.3044338
7155.05485948975;17.980469;3.3038824
7171.05485929604;17.970285;3.3039324
7172.05485928393;18.014406;3.3044338
7188.05485909021;18.068703;3.3044338
7189.05485907811;17.987256;3.3039324
7217.0548587391;18.08567;3.3047345
7218.054858727;17.970285;3.3039324
7227.05485861803;18.201055;3.3038323
7228.05485860593;18.055129;3.3043835
7232.0548585575;18.014406;3.3039827
7233.05485854539;17.892234;3.304534
7234.05485853328;18.014406;3.3044839
7235.05485852118;17.9635;3.3039827
7241.05485844853;18.041553;3.3038323
7242.05485843643;18.024586;3.3044839
7247.05485837589;18.092457;3.3036819
7248.05485836378;18.061916;3.3042333
7279.05485798846;17.980469;3.3036819
7280.05485797635;18.072098;3.3042333
7281.05485796424;17.987256;3.3037322
7282.05485795214;18.109428;3.3042333
7287.0548578916;18.082277;3.3039324
7288.05485787949;18.072098;3.3044338
7289.05485786739;18.119607;3.3036819
7333.05485733467;18.031373;3.3035316
7334.05485732256;17.997436;3.3040829
7348.05485715306;18.024586;3.3036819
7349.05485714096;18.089066;3.304183
7353.05485709253;18.055129;3.3035817
7354.05485708042;18.072098;3.304183
7408.05485642663;18.078885;3.3036318
7409.05485641452;18.027979;3.304183
7426.0548562087;17.980469;3.3041329
7427.05485619659;18.065311;3.3035316
7459.05485580916;18.034766;3.3035316
7460.05485579706;17.905809;3.3040829
7503.05485527645;18.058523;3.3036819
7504.05485526434;17.848115;3.3043334
7505.05485525223;18.07549;3.3036318
7511.05485517959;18.01101;3.3039827
7512.05485516748;18.058523;3.3034816
7514.05485514327;18.187482;3.3039324
7515.05485513116;18.095854;3.3034313
7559.05485459844;17.983861;3.3038824
7560.05485458634;17.970285;3.3033311
7648.0548535209;18.041553;3.3037322
7649.0548535088;18.024586;3.3032308
7656.05485342405;17.983861;3.3032308
7657.05485341194;18.01101;3.3038323
7658.05485339983;18.024586;3.3033311
7667.05485329087;18.014406;3.3038323
7668.05485327876;17.936352;3.3032308
7700.05485289133;18.00083;3.3035817
7701.05485287922;18.092457;3.3030305
7702.05485286712;18.092457;3.3030806
7703.05485285501;17.956713;3.3038824
7707.05485280658;17.966895;3.3037822
7708.05485279447;18.004223;3.3030305
7776.05485197118;17.922775;3.3037322
7777.05485195908;18.153545;3.3032308
7795.05485174115;17.970285;3.3033812
7796.05485172904;17.919381;3.30283
7797.05485171693;17.922775;3.3034816
7802.0548516564;17.987256;3.3036318
7803.05485164429;18.007619;3.3030305
7805.05485162008;18.021193;3.3033812
7806.05485160797;18.024586;3.30288
7807.05485159586;18.027979;3.3033812
7834.05485126897;17.949926;3.3027296
7835.05485125686;17.997436;3.3035316
7836.05485124475;18.089066;3.30288
7910.05485034882;18.031373;3.3027296
7911.05485033671;18.123002;3.3032308
7923.05485019143;18.055129;3.3027799
7924.05485017932;18.058523;3.3033812
7925.05485016721;17.980469;3.30288
7933.05485007035;17.960105;3.3025794
7934.05485005825;17.997436;3.3030806
7945.05484992507;17.997436;3.302479
7946.05484991296;18.014406;3.3030305
7950.05484986453;17.960105;3.30288
7951.05484985242;18.106033;3.3033812
7952.05484984032;18.058523;3.30288
7971.05484961028;17.977074;3.3027296
7972.05484959817;17.92617;3.3033311
7973.05484958607;17.973682;3.3025293
7978.05484952553;17.994043;3.3027799
7979.05484951342;18.11282;3.3032811
7982.0548494771;18.058523;3.302429
7983.05484946499;18.072098;3.3029301
7995.05484931971;18.078885;3.3030806
7996.0548493076;18.048342;3.3025293
8026.05484894439;18.031373;3.3021784
8027.05484893228;17.973682;3.3029301
8052.0548486296;18.099246;3.3023789
8053.05484861749;18.092457;3.30288
8066.0548484601;18.004223;3.3021784
8067.05484844799;18.065311;3.3029802
8074.05484836324;17.929563;3.3030305
8075.05484835113;18.01101;3.3025293
8076.05484833903;18.027979;3.3030305
8077.05484832692;18.078885;3.3025293
8089.05484818163;18.007619;3.3027799
8090.05484816953;17.987256;3.3021283
8093.0548481332;17.929563;3.3029301
8094.0548481211;18.099246;3.302429
8103.05484801213;18.089066;3.3027799
8104.05484800002;17.977074;3.3022785
8134.05484763681;18.133182;3.3020279
8135.0548476247;18.061916;3.3025293
8137.05484760049;18.089066;3.3026795
8138.05484758838;18.099246;3.3021784
8167.05484723727;18.048342;3.3019278
8168.05484722516;17.905809;3.3026295
8182.05484705566;18.102641;3.302429
8183.05484704356;17.983861;3.3018777
8184.05484703145;18.031373;3.3025293
8190.05484695881;18.072098;3.3020782
8191.0548469467;18.004223;3.3026295
8197.05484687404;18.044947;3.3021283
8198.05484686193;18.153545;3.3026295
8226.05484652293;18.058523;3.3022785
8227.05484651083;18.058523;3.3017774
8252.05484620815;18.027979;3.3019779
8253.05484619604;17.905809;3.3025293
8254.05484618393;18.014406;3.3019278
8259.05484612339;18.01101;3.3025293
8260.05484611129;17.9635;3.3020279
8334.05484521536;18.068703;3.3017774
8335.05484520325;18.078885;3.3025293
8336.05484519114;18.082277;3.3019278
8339.05484515482;18.068703;3.3022285
8340.05484514271;18.11282;3.3015771
8345.05484508218;18.041553;3.3019278
8346.05484507007;18.004223;3.302429
8347.05484505796;18.004223;3.3019278
8362.05484487635;18.03816;3.3018277
8363.05484486425;18.004223;3.3025293
8364.05484485214;18.00083;3.3019278
8368.05484480371;18.004223;3.3019278
8369.0548447916;18.065311;3.302429
8370.0548447795;18.102641;3.3018277
8382.05484463421;18.078885;3.3020782
8383.0548446221;17.977074;3.3015771
8386.05484458578;18.119607;3.3022785
8387.05484457367;18.027979;3.3016272
8458.05484371406;17.987256;3.3016272
8459.05484370196;17.932957;3.3010757
8460.05484368985;17.987256;3.3017273
8469.05484358088;18.055129;3.3011761
8470.05484356878;18.153545;3.3017273
8474.05484352035;18.031373;3.3018277
8475.05484350824;18.051734;3.3012762
8489.05484333875;18.061916;3.3017774
8490.05484332665;18.055129;3.3012261
8493.05484329033;18.106033;3.3019278
8494.05484327822;18.106033;3.3014266
8585.05484217646;18.041553;3.3016772
8586.05484216436;17.977074;3.3009756
8591.05484210382;17.909201;3.3007751
8592.05484209171;17.949926;3.3013766
8593.05484207961;18.082277;3.3010256
8594.0548420675;17.939744;3.3015268
8615.05484181325;17.875264;3.3009255
8616.05484180114;17.905809;3.3014266
8655.05484132896;17.990648;3.3016272
8656.05484131685;17.973682;3.3010757
8693.05484086889;18.058523;3.3008754
8694.05484085678;17.994043;3.3015771
8695.05484084467;18.024586;3.3009756
8734.05484037249;18.072098;3.3008754
8735.05484036039;18.007619;3.3013766
8793.05483965817;18.089066;3.3005245
8794.05483964606;18.024586;3.3010757
8799.05483958552;18.116215;3.3010757
8800.05483957342;17.983861;3.3005245
8811.05483944024;18.078885;3.3010757
8812.05483942813;18.126395;3.3004243
8815.05483939181;18.082277;3.3009255
8816.0548393797;18.143363;3.300374
8820.05483933127;18.129791;3.3004243
8821.05483931917;18.08567;3.3009255
8823.05483929495;18.129791;3.300324
8824.05483928285;18.041553;3.3010757
8825.05483927074;18.051734;3.3005245
8826.05483925863;18.01101;3.3010757
8844.0548390407;18.01101;3.3001738
8845.05483902859;17.994043;3.3006749
8885.05483854431;18.021193;3.3001738
8886.0548385322;17.9635;3.3006749
8897.05483839902;17.973682;3.3006248
8898.05483838691;17.966895;3.3001235
8899.05483837481;18.044947;3.3006248
8905.05483830216;18.061916;3.3006749
8906.05483829006;18.123002;3.3001235
8911.05483822952;18.072098;3.2999232
8912.05483821741;18.061916;3.3004243
8934.05483795105;17.966895;3.2999232
8935.05483793895;18.123002;3.3004243
8969.0548375273;18.044947;3.3004243
8970.05483751519;18.024586;3.2999232
8982.05483736991;17.983861;3.2997727
8983.0548373578;17.983861;3.3002739
9020.05483690984;18.078885;3.2999732
9021.05483689773;17.960105;3.3005245
9048.05483657083;17.983861;3.2995222
9049.05483655873;18.119607;3.3000233
9053.0548365103;18.07549;3.3002739
9054.05483649819;18.082277;3.2997227
9072.05483628026;17.983861;3.2999732
9073.05483626815;18.021193;3.2993217
9074.05483625605;18.123002;3.2998729
9078.05483620762;18.119607;3.2999232
9079.05483619551;18.00083;3.3004744
9080.0548361834;18.089066;3.2997227
9084.05483613497;18.034766;3.2998729
9085.05483612287;18.024586;3.2993217
9123.05483566279;17.997436;3.2993717
9124.05483565069;17.980469;3.3000734
9141.05483544486;18.034766;3.2992716
9142.05483543276;18.07549;3.2997727
9164.0548351664;17.9635;3.2992716
9165.05483515429;18.041553;3.2998228
9172.05483506954;18.058523;3.2998228
9173.05483505743;17.997436;3.2992716
9210.05483460947;18.143363;3.2995722
9211.05483459736;18.102641;3.2989709
9225.05483442786;17.973682;3.2994721
9226.05483441575;18.068703;3.2988205
9227.05483440365;18.024586;3.2994721
9228.05483439154;18.007619;3.2989709
9230.05483436732;18.01101;3.2991211
9231.05483435522;18.014406;3.2996726
9232.05483434311;17.997436;3.2990711
9240.05483424625;18.048342;3.2994721
9241.05483423415;18.08567;3.2989709
9258.05483402832;18.068703;3.2993217
9259.05483401622;17.956713;3.2988205
9261.054833992;18.044947;3.2986701
9262.05483397989;18.143363;3.2994721
9272.05483385882;18.116215;3.2993217
9273.05483384672;18.11282;3.2987704
9281.05483374986;18.051734;3.2989206
9282.05483373775;18.072098;3.2995222
9283.05483372564;18.034766;3.2989709
9325.05483321714;18.048342;3.2987204
9326.05483320503;18.11282;3.2992215
9373.054832636;18.021193;3.2989709
9374.05483262389;17.956713;3.2983694
9389.05483244228;18.048342;3.2984195
9390.05483243017;18.089066;3.2989206
9397.05483234542;18.082277;3.298219
9398.05483233332;18.027979;3.2987204
9409.05483220014;18.034766;3.2988205
9410.05483218803;18.021193;3.2983193
9417.05483210328;18.15015;3.2989206
9418.05483209117;18.041553;3.2981689
9421.05483205485;18.089066;3.299021
9422.05483204274;18.007619;3.2985198
9444.05483177639;18.021193;3.2983193
9445.05483176428;18.027979;3.2988205
9458.05483160688;18.027979;3.2983694
9459.05483159478;18.024586;3.2978683
9460.05483158267;18.027979;3.2984195
9501.05483108628;18.031373;3.2984195
9502.05483107417;17.973682;3.2977681
9526.0548307836;17.973682;3.2984195
9527.05483077149;18.055129;3.2977681
9531.05483072306;18.007619;3.298219
9532.05483071095;18.03816;3.2977178
9535.05483067463;18.058523;3.2984195
9536.05483066252;17.960105;3.2978683
9556.05483042038;18.11282;3.2977178
9557.05483040827;18.027979;3.298219
9559.05483038406;18.08567;3.2981188
9560.05483037195;17.949926;3.2975676
9578.05483015402;18.058523;3.2975676
9579.05483014191;18.041553;3.2981188
9599.05482989977;18.014406;3.2975676
9600.05482988766;18.014406;3.2980688
9601.05482987556;17.949926;3.2975173
9611.05482975448;18.177301;3.2978683
9612.05482974238;18.089066;3.297317
9621.05482963341;18.017799;3.2977681
9622.0548296213;18.109428;3.2971666
9623.0548296092;18.048342;3.2979183
9632.05482950023;17.956713;3.2976177
9633.05482948813;17.990648;3.2971165
9647.05482931862;18.014406;3.2978182
9648.05482930652;18.123002;3.297317
9649.05482929441;17.990648;3.2978182
9662.05482913702;18.03816;3.2976177
9663.05482912491;18.007619;3.2970161
9672.05482901595;18.017799;3.2977178
9673.05482900384;18.068703;3.2970665
9674.05482899173;17.997436;3.2976177
9678.0548289433;18.061916;3.2969661
9679.05482893119;18.08567;3.2975173
9684.05482887066;18.123002;3.2973671
9685.05482885855;18.014406;3.2968659
9686.05482884644;18.024586;3.2975676
9703.05482864062;18.065311;3.2974172
9704.05482862851;18.027979;3.2967656
9705.05482861641;18.044947;3.2972667
9725.05482837426;17.960105;3.2968159
9726.05482836216;18.027979;3.297317
9727.05482835005;18.078885;3.2967155
9728.05482833794;18.027979;3.2973671
9733.05482827741;18.055129;3.296916
9734.0548282653;18.00083;3.2974672
9756.05482799894;17.980469;3.2971666
9757.05482798683;17.997436;3.2966654
9758.05482797473;17.994043;3.2972167
9798.05482749044;18.065311;3.2967656
9799.05482747833;18.102641;3.297317
9800.05482746622;17.922775;3.2968159
9804.0548274178;18.027979;3.2966654
9805.05482740569;17.943139;3.2972667
9806.05482739358;17.956713;3.2965651
9815.05482728462;18.078885;3.2965651
9816.05482727251;18.00083;3.297317
9817.0548272604;17.977074;3.2969661
9818.05482724829;18.068703;3.2963145
9820.05482722408;17.970285;3.2963648
9821.05482721197;17.973682;3.296916
9846.05482690929;17.980469;3.2967656
9847.05482689719;17.960105;3.2962644
9848.05482688508;17.990648;3.2966654
9849.05482687297;17.749699;3.2961643
9852.05482683665;18.089066;3.2961142
9853.05482682454;18.07549;3.2966654
9862.05482671558;18.024586;3.2963145
9863.05482670347;18.041553;3.2968159
9864.05482669136;18.014406;3.2962143
9865.05482667926;18.051734;3.2967656
9911.05482612233;18.092457;3.2960138
9912.05482611022;17.956713;3.2965651
9942.054825747;18.08567;3.2956631
9943.0548257349;18.129791;3.2961643
9949.05482566225;18.044947;3.2958133
9950.05482565015;18.095854;3.2963145
9951.05482563804;18.021193;3.2956128
9952.05482562593;18.058523;3.2963145
9964.05482548064;18.00083;3.2954626
9965.05482546854;17.943139;3.2960639
9966.05482545643;18.024586;3.2954125
9983.05482525061;18.078885;3.2955627
9984.0548252385;18.051734;3.2961643
9985.05482522639;18.01101;3.2956631
9987.05482520218;18.055129;3.2955127
9988.05482519007;17.966895;3.2961142
9989.05482517796;18.08567;3.2955627
10029.0548246936;18.055129;3.2954125
10030.0548246815;18.102641;3.2959137
10060.0548243183;18.095854;3.2958636
10061.0548243062;18.048342;3.295162
10067.0548242336;18.024586;3.2949615
10068.0548242215;18.068703;3.2956631
10069.0548242093;18.068703;3.295162
10095.0548238946;17.949926;3.2955127
10096.0548238825;18.07549;3.2950115
10098.0548238582;18.092457;3.2950616
10099.0548238461;18.065311;3.2956128
10150.0548232287;18.021193;3.2950616
10151.0548232166;18.031373;3.2945604
10154.0548231802;17.990648;3.2950616
10155.0548231681;18.041553;3.2943599
10167.0548230228;18.017799;3.2950115
10168.0548230107;18.01101;3.2943599
10176.0548229139;17.922775;3.2949615
10177.0548229018;17.973682;3.29441
10183.0548228291;18.07549;3.2943099
10184.054822817;18.01101;3.294811
10198.0548226475;17.973682;3.2947609
10199.0548226354;17.939744;3.2942598
10201.0548226112;17.882051;3.2943099
10202.0548225991;17.966895;3.294811
10217.0548224175;18.058523;3.2947609
10218.0548224054;18.034766;3.2941594
10269.0548217879;17.987256;3.2938588
10270.0548217758;17.994043;3.2945604
10271.0548217637;18.00083;3.2940092
10285.0548215942;18.03816;3.2938087
10286.0548215821;18.170514;3.29441
10287.05482157;18.021193;3.2939088
10288.0548215579;18.024586;3.2938087
10289.0548215458;18.048342;3.2943099
10332.0548210252;18.03816;3.2941594
10333.054821013;18.07549;3.2935081
10334.0548210009;18.021193;3.2941093
10377.0548204803;18.041553;3.2938588
10378.0548204682;18.03816;3.2933075
10379.0548204561;17.970285;3.2933075
10380.054820444;17.939744;3.2938588
10381.0548204319;18.044947;3.2931571
10382.0548204198;17.987256;3.2936583
10395.0548202624;17.990648;3.2930069
10396.0548202503;17.983861;3.2935581
10432.0548198144;17.9635;3.2932072
10433.0548198023;17.943139;3.292706
10437.0548197539;18.102641;3.2929065
10438.0548197418;18.123002;3.2934577
10439.0548197297;18.055129;3.2929065
10443.0548196813;18.044947;3.2932575
10444.0548196692;18.061916;3.2925558
10445.054819657;18.15015;3.293107
10454.0548195481;18.102641;3.2927561
10455.054819536;18.00083;3.2933576
10456.0548195239;17.895627;3.2926559
10462.0548194512;17.905809;3.2933075
10463.0548194391;17.987256;3.2924554
10479.0548192454;18.024586;3.2926059
10480.0548192333;18.055129;3.2933075
10481.0548192212;18.092457;3.2928064
10487.0548191485;18.058523;3.2926559
10488.0548191364;18.017799;3.2931571
10489.0548191243;17.997436;3.2925558
10557.054818301;17.915988;3.2925055
10558.0548182889;17.973682;3.2920043
10559.0548182768;18.017799;3.2917538
10560.0548182647;18.017799;3.2924054
10576.054818071;18.034766;3.2925558
10577.0548180589;18.03816;3.2919543
10582.0548179984;18.08567;3.2922049
10583.0548179863;17.970285;3.2916536
10603.0548177441;18.017799;3.2920043
10604.054817732;18.004223;3.291353
10606.0548177078;17.936352;3.2916036
10607.0548176957;17.970285;3.2921548
10619.0548175504;18.017799;3.2921548
10620.0548175383;17.956713;3.2916036
10686.0548167392;17.997436;3.2912025
10687.0548167271;17.912596;3.2917037
10688.054816715;17.885447;3.2910521
10706.0548164971;17.987256;3.2914031
10707.054816485;18.00083;3.2908516
10719.0548163397;17.980469;3.2908516
10720.0548163276;18.017799;3.291353
10729.0548162186;17.980469;3.2914031
10730.0548162065;18.058523;3.2904508
10757.0548158796;18.129791;3.2912025
10758.0548158675;18.034766;3.2907014
10775.0548156617;18.058523;3.2905509
10776.0548156496;18.034766;3.2910521
10782.0548155769;18.01101;3.2911024
10783.0548155648;18.034766;3.2905009
10810.0548152379;18.027979;3.2908015
10811.0548152258;18.014406;3.2901502
10814.0548151895;18.004223;3.290601
10815.0548151774;18.051734;3.2899497
10816.0548151653;18.051734;3.290601
10882.0548143662;18.048342;3.2899997
10883.0548143541;18.167119;3.2894986
10891.0548142572;17.990648;3.2900999
10892.0548142451;18.007619;3.2894986
10920.0548139061;18.041553;3.2897992
10921.054813894;18.041553;3.289248
10922.0548138819;18.058523;3.2898993
10923.0548138698;17.956713;3.2893982
10933.0548137487;18.089066;3.2889974
10934.0548137366;18.031373;3.2895987
10945.0548136034;17.939744;3.2890975
10946.0548135913;17.987256;3.2895987
10960.0548134218;18.068703;3.2890975
10961.0548134097;18.058523;3.2896991
10962.0548133976;17.997436;3.2890475
10968.054813325;18.078885;3.2895486
10969.0548133129;17.994043;3.288897
10970.0548133008;18.007619;3.2892981
10971.0548132887;17.92617;3.2897992
10972.0548132766;17.956713;3.289248
11016.0548127438;17.946531;3.2889471
11017.0548127317;18.055129;3.2894485
11018.0548127196;18.099246;3.2887468
11024.054812647;17.882051;3.2890975
11025.0548126349;17.960105;3.2884963
11026.0548126228;18.01101;3.2889974
11046.0548123806;18.014406;3.2887969
11047.0548123685;17.980469;3.2881954
11048.0548123564;18.058523;3.2886965
11061.054812199;18.11282;3.2883959
11062.0548121869;18.03816;3.288897
11065.0548121506;18.004223;3.2882957
11066.0548121385;18.048342;3.288897
11067.0548121264;18.106033;3.2883959
11095.0548117874;17.997436;3.2880452
11096.0548117753;17.956713;3.2885463
11109.0548116179;18.061916;3.2885964
11110.0548116058;18.017799;3.2880952
11126.054811412;18.027979;3.2877946
11127.0548113999;18.072098;3.2883458
11174.0548108309;18.027979;3.2879448
11175.0548108188;17.915988;3.2873936
11203.0548104798;17.922775;3.2874937
11204.0548104677;17.953318;3.2869925
11205.0548104556;18.044947;3.2875941
11214.0548103466;18.065311;3.2870426
11215.0548103345;17.994043;3.2875941
11222.0548102498;18.07549;3.2869925
11223.0548102376;18.055129;3.2874937
11240.0548100318;17.990648;3.2873435
11241.0548100197;18.055129;3.286792
11263.0548097534;18.048342;3.2873435
11264.0548097413;18.048342;3.286792
11265.0548097291;18.055129;3.2865415
11266.054809717;18.123002;3.2870426
11316.0548091117;18.08567;3.2863412
11317.0548090996;18.041553;3.2868924
11319.0548090754;18.078885;3.2869925
11320.0548090632;17.970285;3.2860904
11321.0548090511;17.905809;3.2866919
11322.054809039;18.021193;3.2866919
11323.0548090269;17.973682;3.2861407
11335.0548088816;18.014406;3.2860904
11336.0548088695;18.00083;3.286742
11349.0548087121;17.987256;3.2864413
11350.0548087;17.990648;3.2869425
11351.0548086879;17.983861;3.2861907
11374.0548084095;18.072098;3.2860403
11375.0548083974;18.004223;3.2866418
11376.0548083852;17.987256;3.2859402
11492.0548069808;18.109428;3.285439
11493.0548069687;18.017799;3.2848876
11508.0548067871;17.953318;3.285038
11509.054806775;18.058523;3.2855392
11510.0548067629;18.072098;3.285038
11531.0548065086;17.943139;3.2851884
11532.0548064965;17.892234;3.2846873
11574.054805988;18.072098;3.285038
11575.0548059759;18.061916;3.2844868
11594.0548057459;18.00083;3.2847373
11595.0548057338;18.034766;3.2841358
11596.0548057217;18.021193;3.2846873
11614.0548055037;18.082277;3.2840357
11615.0548054916;18.089066;3.2845869
11645.0548051284;18.08567;3.2837851
11646.0548051163;18.034766;3.2842863
11696.0548045109;18.058523;3.2840357
11697.0548044988;17.946531;3.2833841
11715.0548042809;18.051734;3.2835846
11716.0548042688;17.915988;3.2830334
11717.0548042567;17.980469;3.2835345
11725.0548041598;17.868477;3.2838852
11726.0548041477;18.03816;3.2832336
11727.0548041356;18.021193;3.2836847
11728.0548041235;18.024586;3.2831836
11739.0548039903;18.143363;3.2831335
11740.0548039782;18.041553;3.283735
11746.0548039056;18.095854;3.2833841
11747.0548038935;17.960105;3.2828829
11767.0548036513;18.061916;3.2834342
11768.0548036392;18.027979;3.282933
11775.0548035545;18.004223;3.2830334
11776.0548035424;18.031373;3.2835345
11777.0548035303;18.065311;3.2828829
11806.0548031792;17.912596;3.2830834
11807.054803167;18.068703;3.2825322
11814.0548030823;18.034766;3.2831836
11815.0548030702;18.01101;3.2826824
11836.0548028159;18.089066;3.282933
11837.0548028038;18.133182;3.2823818
11844.0548027191;18.034766;3.2831335
11845.054802707;18.106033;3.2824819
11874.0548023559;18.153545;3.2822313
11875.0548023438;17.943139;3.2827828
11899.0548020532;18.078885;3.2825322
11900.0548020411;18.007619;3.2819307
11913.0548018837;17.970285;3.2824819
11914.0548018716;18.08567;3.2819808
11920.0548017989;17.970285;3.2818806
11921.0548017868;17.939744;3.2823818
11932.0548016536;18.031373;3.2822313
11933.0548016415;18.00083;3.2814796
11934.0548016294;18.102641;3.2821312
11960.0548013146;18.014406;3.2817802
11961.0548013025;17.980469;3.2822814
11962.0548012904;18.102641;3.2816801
12043.0548003097;17.888838;3.2809284
12044.0548002976;17.895627;3.2814295
12065.0548000434;18.08567;3.2815297
12066.0548000313;18.099246;3.2806277
12067.0548000192;17.997436;3.2812791
12080.0547998618;17.970285;3.2813795
12081.0547998497;18.027979;3.2807779
12130.0547992564;18.136576;3.2808783
12131.0547992443;18.017799;3.2803268
12132.0547992322;17.970285;3.2810285
12163.0547988569;18.041553;3.2800763
12164.0547988448;18.024586;3.2805774
12210.0547982878;18.129791;3.2799761
12211.0547982757;18.034766;3.2805774
12231.0547980336;18.017799;3.2804272
12232.0547980215;17.956713;3.2796755
12233.0547980094;17.960105;3.2804272
12298.0547972224;18.007619;3.2794247
12299.0547972103;18.072098;3.2800262
12345.0547966534;18.051734;3.2791741
12346.0547966413;18.061916;3.2798758
12358.054796496;18.072098;3.2793746
12359.0547964839;18.095854;3.2798758
12405.0547959269;17.943139;3.279525
12406.0547959148;18.014406;3.2790239
12412.0547958422;18.017799;3.2789235
12413.0547958301;18.065311;3.2794247
12429.0547956364;18.041553;3.2793746
12430.0547956243;18.092457;3.2788234
12462.0547952368;18.041553;3.279124
12463.0547952247;18.044947;3.2785227
12464.0547952126;17.977074;3.2791741
12480.0547950189;17.939744;3.2792745
12481.0547950068;17.882051;3.2786729
12495.0547948373;18.017799;3.2790239
12496.0547948252;17.990648;3.2782218
12497.0547948131;18.095854;3.2787733
12509.0547946678;18.041553;3.2784724
12510.0547946557;18.061916;3.279074
12512.0547946315;17.966895;3.2784224
12513.0547946194;18.055129;3.2790239
12574.0547938808;18.024586;3.2780716
12575.0547938687;18.034766;3.2786729
12597.0547936024;18.027979;3.2785728
12598.0547935903;18.061916;3.2780716
12606.0547934934;18.014406;3.2780716
12607.0547934813;17.987256;3.2785728
12608.0547934692;18.014406;3.2780216
12610.054793445;18.031373;3.2782722
12611.0547934329;17.943139;3.2787733
12612.0547934208;18.004223;3.2780216
12646.0547930091;17.983861;3.2783723
12647.054792997;17.956713;3.2776706
12655.0547929001;18.119607;3.2782218
12656.054792888;18.092457;3.2775202
12662.0547928154;18.058523;3.2776706
12663.0547928033;18.072098;3.2781718
12672.0547926943;18.024586;3.2783723
12673.0547926822;18.017799;3.2776206
12754.0547917015;18.065311;3.2773199
12755.0547916894;18.072098;3.2778211
12768.054791532;18.061916;3.2771194
12769.0547915199;18.007619;3.2777207
12771.0547914957;18.109428;3.2771194
12772.0547914836;18.017799;3.2776706
12799.0547911567;18.031373;3.2771194
12800.0547911446;18.119607;3.2777207
12801.0547911325;18.03816;3.2772195
12860.0547904182;17.919381;3.2772696
12861.0547904061;17.949926;3.2767184
12862.054790394;18.068703;3.2772696
12877.0547902123;18.102641;3.2774701
12878.0547902002;17.983861;3.2768688
12887.0547900913;18.01101;3.2774701
12888.0547900792;17.956713;3.2768188
12931.0547895586;18.106033;3.2767184
12932.0547895465;18.044947;3.2772696
12945.0547893891;17.983861;3.2765679
12946.054789377;17.960105;3.2770693
12949.0547893406;18.024586;3.2764177
12950.0547893285;17.932957;3.276969
12973.0547890501;17.994043;3.2762673
12974.054789038;18.051734;3.2768188
13021.0547884689;17.980469;3.2771194
13022.0547884568;17.977074;3.2766182
13025.0547884205;17.980469;3.2767684
13026.0547884084;18.061916;3.2760167
13029.0547883721;17.970285;3.2767184
13030.0547883599;17.953318;3.2761171
13031.0547883478;18.055129;3.2768688
13094.0547875851;18.004223;3.2759666
13095.054787573;18.058523;3.2765679
13096.0547875609;18.160332;3.2759666
13102.0547874882;18.00083;3.2764177
13103.0547874761;18.027979;3.2758665
13108.0547874156;18.044947;3.2758162
13109.0547874035;18.051734;3.2763174
13115.0547873308;18.01101;3.2758162
13116.0547873187;18.007619;3.2763174
13163.0547867497;18.03816;3.2763174
13164.0547867376;18.106033;3.275666
13229.0547859506;17.997436;3.2761171
13230.0547859385;17.865084;3.2754655
13272.05478543;17.987256;3.2751145
13273.0547854179;18.061916;3.275666
13300.054785091;17.980469;3.2751145
13301.0547850789;18.082277;3.275666
13366.0547842919;17.922775;3.2756157
13367.0547842798;18.024586;3.2749143
13380.0547841224;17.997436;3.2748139
13381.0547841103;18.017799;3.275315
13385.0547840619;17.929563;3.2754655
13386.0547840498;17.983861;3.2748139
13401.0547838682;18.072098;3.2755656
13402.0547838561;17.987256;3.2749643
13461.0547831417;18.058523;3.2747638
13462.0547831296;18.078885;3.275265
13535.0547822458;17.994043;3.2749143
13536.0547822337;18.004223;3.2743628
13549.0547820763;18.146758;3.2744632
13550.0547820642;18.034766;3.2749643
13552.05478204;18.034766;3.2745633
13553.0547820279;18.034766;3.2750645
13554.0547820158;18.007619;3.2744632
13590.0547815799;18.021193;3.2744632
13591.0547815678;18.099246;3.2750645
13592.0547815557;17.977074;3.2744129
13620.0547812167;18.11282;3.2746634
13621.0547812046;18.044947;3.2741623
13645.054780914;18.031373;3.2741623
13646.0547809019;18.119607;3.2746634
13648.0547808777;18.072098;3.2745633
13649.0547808656;18.024586;3.2740622
13653.0547808172;17.932957;3.2745633
13654.0547808051;17.956713;3.2739117
13655.054780793;18.082277;3.2746134
13674.0547805629;18.099246;3.2741623
13675.0547805508;18.095854;3.2747638
13676.0547805387;18.133182;3.2740622
13688.0547803934;18.00083;3.2740121
13689.0547803813;18.004223;3.2745633
13694.0547803208;18.068703;3.2742126
13695.0547803087;18.01101;3.2747638
13704.0547801997;18.055129;3.2740121
13705.0547801876;18.139971;3.2745132
13724.0547799576;17.994043;3.2740622
13725.0547799454;17.966895;3.2745633
13733.0547798486;18.048342;3.2739117
13734.0547798365;18.089066;3.2744129
13750.0547796428;18.139971;3.2744129
13751.0547796307;18.092457;3.2737615
13771.0547793885;18.031373;3.2738116
13772.0547793764;17.990648;3.2743628
13789.0547791706;18.129791;3.2738116
13790.0547791585;18.03816;3.2743628
13792.0547791343;18.014406;3.2735109
13793.0547791222;18.021193;3.2743127
13794.0547791101;18.078885;3.2737615
13798.0547790616;18.099246;3.2735109
13799.0547790495;18.102641;3.2740622
13802.0547790132;18.102641;3.2738116
13803.0547790011;17.987256;3.2744632
13804.054778989;18.014406;3.2737112
13812.0547788921;18.014406;3.2743628
13813.05477888;18.027979;3.2736611
13829.0547786863;18.044947;3.2737112
13830.0547786742;18.058523;3.2742627
13831.0547786621;18.021193;3.2737615
13845.0547784926;18.106033;3.2742126
13846.0547784805;18.041553;3.2734106
13847.0547784684;18.034766;3.2740121
13863.0547782747;18.082277;3.2741122
13864.0547782625;18.07549;3.2735109
13904.0547777783;18.031373;3.2738616
13905.0547777662;18.031373;3.2733104
13906.054777754;18.099246;3.2738116
13907.0547777419;18.055129;3.273962
13908.0547777298;18.027979;3.2734106
13926.0547775119;18.004223;3.2739117
13927.0547774998;18.017799;3.2733605
13933.0547774272;17.936352;3.2733605
13934.054777415;18.072098;3.2738616
13939.0547773545;17.9635;3.27316
13940.0547773424;17.997436;3.2736611
13955.0547771608;18.021193;3.2736111
13956.0547771487;17.949926;3.2731099
13957.0547771366;17.966895;3.2734606
13958.0547771245;17.932957;3.2740121
13959.0547771124;17.895627;3.2734106
13991.0547767249;18.044947;3.2731099
13992.0547767128;18.031373;3.2736611
14011.0547764828;17.977074;3.2738616
14012.0547764707;18.017799;3.2733605
14018.054776398;17.939744;3.273561
14019.0547763859;17.990648;3.2730598
14024.0547763254;18.021193;3.2731099
14025.0547763133;18.109428;3.2736111
14028.054776277;18.031373;3.273561
14029.0547762649;18.031373;3.2730598
14054.0547759622;17.966895;3.2729595
14055.0547759501;18.08567;3.2735109
14061.0547758774;18.102641;3.2736111
14062.0547758653;18.014406;3.2730598
14084.054775599;18.044947;3.2730598
14085.0547755869;18.051734;3.2737112
14090.0547755263;18.031373;3.2735109
14091.0547755142;18.044947;3.2730095
14093.05477549;18.099246;3.2729094
14094.0547754779;18.004223;3.2734606
14117.0547751994;18.089066;3.2733104
14118.0547751873;18.078885;3.2728093
14119.0547751752;17.980469;3.2734606
14147.0547748362;17.868477;3.2728093
14148.0547748241;17.915988;3.2733104
14170.0547745577;17.973682;3.2725587
14171.0547745456;17.92617;3.2730598
14182.0547744125;17.977074;3.2726588
14183.0547744004;18.017799;3.2733605
14184.0547743882;18.051734;3.2734606
14185.0547743761;17.990648;3.2729595
14199.0547742066;18.041553;3.2735109
14200.0547741945;17.970285;3.2729595
14224.054773904;18.092457;3.2733104
14225.0547738919;18.024586;3.2728093
14228.0547738555;17.919381;3.2727089
14229.0547738434;17.939744;3.27321
14230.0547738313;18.048342;3.2726088
14304.0547729354;18.072098;3.2730598
14305.0547729233;17.977074;3.2725587
14328.0547726448;17.953318;3.2733104
14329.0547726327;17.949926;3.2728093
14345.054772439;17.990648;3.272759
14346.0547724269;17.943139;3.2722578
14347.0547724148;17.977074;3.2730095
14359.0547722695;18.041553;3.2725084
14360.0547722574;18.170514;3.2730598
14382.054771991;17.9635;3.2728593
14383.0547719789;18.03816;3.2723582
14423.0547714946;18.089066;3.2723081
14424.0547714825;18.065311;3.2728093
14437.0547713251;17.980469;3.2721577
14438.054771313;17.987256;3.2726588
14469.0547709377;18.051734;3.2725084
14470.0547709256;18.01101;3.2730095
14471.0547709135;18.007619;3.2723081
14483.0547707682;18.048342;3.2727089
14484.0547707561;18.07549;3.2719071
14485.054770744;17.980469;3.2725587
14500.0547705624;17.953318;3.2725587
14501.0547705503;18.004223;3.2720072
14513.054770405;18.089066;3.2720573
14514.0547703929;18.082277;3.2726588
14524.0547702718;18.058523;3.2720573
14525.0547702597;17.899021;3.2725587
14557.0547698723;18.065311;3.2716565
14558.0547698602;18.048342;3.2723081
14577.0547696301;18.044947;3.2720072
14578.054769618;18.065311;3.2725084
14579.0547696059;18.109428;3.2724082
14580.0547695938;18.102641;3.2719071
14584.0547695454;18.095854;3.2724583
14585.0547695333;18.065311;3.271857
14586.0547695212;18.014406;3.2724583
14603.0547693153;18.055129;3.2722578
14604.0547693032;17.994043;3.2717066
14625.054769049;18.07549;3.2723582
14626.0547690369;18.078885;3.2718067
14635.0547689279;18.095854;3.2726088
14636.0547689158;18.004223;3.2717066
14673.0547684678;18.089066;3.2722578
14674.0547684557;17.983861;3.2717566
14679.0547683952;17.970285;3.2719071
14680.0547683831;17.977074;3.2725084
14681.054768371;18.095854;3.2719572
14698.0547681652;17.960105;3.2723081
14699.054768153;17.909201;3.2718067
14705.0547680804;18.072098;3.2722578
14706.0547680683;18.106033;3.2716064
14729.0547677898;17.987256;3.2722077
14730.0547677777;18.004223;3.2717066
14731.0547677656;18.055129;3.2722077
14736.0547677051;17.831146;3.2717066
14737.054767693;18.048342;3.2722578
14738.0547676809;18.017799;3.2716064
14751.0547675235;17.929563;3.2721577
14752.0547675114;18.051734;3.2713559
14761.0547674024;18.061916;3.2722077
14762.0547673903;18.051734;3.2717066
14788.0547670755;18.07549;3.2715061
14789.0547670634;18.072098;3.2720573
14803.0547668939;17.946531;3.2713559
14804.0547668818;17.960105;3.2719071
14838.0547664701;18.034766;3.2713056
14839.054766458;17.973682;3.2719572
14842.0547664217;18.072098;3.2716565
14843.0547664096;18.099246;3.2711051
14844.0547663975;18.007619;3.2717566
14853.0547662885;18.024586;3.2712054
14854.0547662764;18.082277;3.2717066
14870.0547660827;18.044947;3.2720573
14871.0547660706;17.977074;3.271456
14909.0547656105;17.953318;3.2712054
14910.0547655984;18.044947;3.2717066
14928.0547653805;17.936352;3.2715561
14929.0547653684;18.08567;3.2710049
14930.0547653563;18.034766;3.2715561
14951.054765102;17.905809;3.2717066
14952.0547650899;17.844723;3.2712054
14962.0547649689;18.027979;3.2712555
14963.0547649567;18.041553;3.2717566
14973.0547648357;18.041553;3.2713056
14974.0547648236;17.973682;3.2721076
14975.0547648115;18.031373;3.2713056
14976.0547647994;17.895627;3.2717566
14977.0547647872;17.973682;3.2711554
15043.0547639882;18.072098;3.2711554
15044.0547639761;18.099246;3.2716565
15081.0547635281;18.153545;3.2716565
15082.054763516;18.123002;3.2711051
15091.054763407;18.051734;3.2708044
15092.0547633949;18.133182;3.2714059
15105.0547632375;18.068703;3.2709548
15106.0547632254;18.051734;3.2715561
15157.0547626079;18.068703;3.2708545
15158.0547625958;18.092457;3.271456
15181.0547623174;17.977074;3.2716565
15182.0547623053;17.956713;3.2711051
15203.054762051;18.007619;3.2715561
15204.0547620389;18.007619;3.2709548
15210.0547619663;18.078885;3.2707543
15211.0547619542;17.939744;3.2713559
15228.0547617483;18.048342;3.2712555
15229.0547617362;18.173906;3.2707543
15247.0547615183;18.119607;3.2711554
15248.0547615062;18.089066;3.2706542
15249.0547614941;17.946531;3.2712054
15251.0547614699;18.07549;3.2711554
15252.0547614578;18.051734;3.2706542
15262.0547613367;18.078885;3.2711554
15263.0547613246;17.980469;3.2706039
15274.0547611914;17.915988;3.2711051
15275.0547611793;17.92617;3.2706039
15280.0547611188;18.106033;3.2711051
15281.0547611067;18.163725;3.2705038
15282.0547610945;18.072098;3.2711554
15292.0547609735;18.044947;3.2706039
15293.0547609614;18.01101;3.2712054
15310.0547607555;17.919381;3.2706039
15311.0547607434;18.061916;3.2711554
15317.0547606708;18.03816;3.2705538
15318.0547606587;18.126395;3.271055
15320.0547606345;18.068703;3.2706542
15321.0547606224;18.034766;3.2712555
15362.054760126;18.024586;3.2705538
15363.0547601139;18.027979;3.2711051
15369.0547600412;18.014406;3.2706039
15370.0547600291;17.990648;3.2711051
15396.0547597143;18.187482;3.2706039
15397.0547597022;18.021193;3.2711554
15420.0547594238;18.034766;3.2705038
15421.0547594116;18.03816;3.2710049
15429.0547593148;17.973682;3.2704036
15430.0547593027;18.078885;3.2711554
15431.0547592906;18.065311;3.2705538
15474.05475877;18.00083;3.2704537
15475.0547587579;18.007619;3.2711051
15530.054758092;18.190875;3.2704537
15531.0547580799;18.027979;3.271055
15561.0547577166;17.970285;3.2708545
15562.0547577045;17.987256;3.2703032
15660.054756518;18.089066;3.2701528
15661.0547565059;18.156938;3.2706542
15691.0547561427;18.129791;3.2704537
15692.0547561306;17.966895;3.2699525
15700.0547560337;18.00083;3.2705038
15701.0547560216;18.07549;3.2699022
15704.0547559853;18.133182;3.2706542
15705.0547559732;18.061916;3.2701027
15710.0547559127;18.068703;3.2700026
15711.0547559006;18.068703;3.2706039
15715.0547558521;18.146758;3.2702532
15716.05475584;18.065311;3.2707543
15717.0547558279;18.027979;3.2702532
15725.0547557311;17.987256;3.2707043
15726.054755719;17.960105;3.2700527
15727.0547557068;18.01101;3.2699022
15728.0547556947;17.888838;3.2707543
15732.0547556463;18.017799;3.2707543
15733.0547556342;18.07549;3.2702532
15737.0547555858;18.01101;3.2704036
15738.0547555737;17.977074;3.2699022
15739.0547555616;17.9635;3.2705538
15742.0547555252;17.987256;3.2699022
15743.0547555131;18.007619;3.2704036
15755.0547553678;18.027979;3.2698522
15756.0547553557;18.129791;3.2704036
15782.054755041;18.048342;3.2705538
15783.0547550288;17.990648;3.2700527
15810.054754702;17.980469;3.2700026
15811.0547546898;18.082277;3.2705038
15812.0547546777;18.068703;3.2699525
15816.0547546293;18.123002;3.2703032
15817.0547546172;18.065311;3.269702
15835.0547543993;18.004223;3.2703032
15836.0547543872;18.123002;3.2698021
15846.0547542661;18.007619;3.2704036
15847.054754254;17.997436;3.2698522
15850.0547542177;17.915988;3.2703533
15851.0547542056;17.929563;3.269752
15857.0547541329;18.027979;3.2698522
15858.0547541208;17.915988;3.2705538
15859.0547541087;18.031373;3.2699525
15880.0547538544;18.014406;3.2706542
15881.0547538423;18.034766;3.2700026
15894.0547536849;18.092457;3.2700527
15895.0547536728;18.072098;3.2695515
15896.0547536607;18.031373;3.2702532
15900.0547536123;18.00083;3.2702532
15901.0547536002;18.055129;3.269702
15903.054753576;18.156938;3.269702
15904.0547535639;18.126395;3.2704036
15916.0547534186;18.139971;3.2698522
15917.0547534065;18.031373;3.2703533
15930.0547532491;18.065311;3.2698021
15931.054753237;17.983861;3.2703032
15947.0547530433;18.123002;3.2704036
15948.0547530312;17.949926;3.2698522
15969.0547527769;17.9635;3.2698021
15970.0547527648;18.004223;3.2703032
15971.0547527527;18.11282;3.269702
16001.0547523895;18.133182;3.2702031
16002.0547523774;18.051734;3.2696016
16003.0547523653;18.021193;3.2698021
16004.0547523532;17.977074;3.2703032
16023.0547521231;18.004223;3.2700527
16024.054752111;18.092457;3.269351
16025.0547520989;18.146758;3.2699525
16034.0547519899;17.892234;3.2700026
16035.0547519778;17.956713;3.2695014
16036.0547519657;18.034766;3.2702031
16037.0547519536;17.922775;3.2696517
16038.0547519415;17.960105;3.2701528
16054.0547517478;18.095854;3.269351
16055.0547517357;18.055129;3.2698522
16085.0547513725;17.994043;3.2701027
16086.0547513604;18.00083;3.2695515
16094.0547512635;18.129791;3.2695515
16095.0547512514;18.177301;3.2700527
16182.0547501981;18.024586;3.2700527
16183.054750186;18.126395;3.2695014
16233.0547495806;18.00083;3.2693009
16234.0547495685;18.102641;3.2698021
16238.0547495201;18.065311;3.2698522
16239.054749508;18.00083;3.2693009
16241.0547494838;18.03816;3.2701528
16242.0547494716;18.01101;3.2695515
16311.0547486362;18.170514;3.2694514
16312.0547486241;17.994043;3.2699525
16327.0547484425;17.895627;3.2694011
16328.0547484304;18.031373;3.2699525
16346.0547482125;18.01101;3.2692509
16347.0547482004;17.990648;3.2698021
16348.0547481883;17.994043;3.2692509
16352.0547481399;18.00083;3.2694514
16353.0547481277;17.983861;3.26895
16355.0547481035;17.9635;3.2693009
16356.0547480914;18.041553;3.2699525
16361.0547480309;17.949926;3.2696517
16362.0547480188;18.007619;3.2691004
16385.0547477403;18.061916;3.2691505
16386.0547477282;17.994043;3.2696517
16409.0547474497;18.194268;3.2696517
16410.0547474376;18.027979;3.2691004
16411.0547474255;18.099246;3.2696517
16412.0547474134;18.055129;3.2693009
16413.0547474013;18.027979;3.2698522
16424.0547472681;17.990648;3.2695515
16425.054747256;18.126395;3.2688498
16426.0547472439;18.014406;3.2695515
16436.0547471228;17.997436;3.2691004
16437.0547471107;18.089066;3.2696517
16438.0547470986;18.044947;3.2691505
16439.0547470865;17.956713;3.2692509
16440.0547470744;18.095854;3.2698021
16441.0547470623;18.058523;3.2692006
16459.0547468444;17.946531;3.2695014
16460.0547468323;17.983861;3.26895
16482.0547465659;17.990648;3.2690504
16483.0547465538;18.119607;3.2696016
16487.0547465054;18.07549;3.2688999
16488.0547464933;17.953318;3.2695515
16498.0547463722;18.126395;3.2696517
16499.0547463601;18.095854;3.2690003
16523.0547460695;17.956713;3.2692006
16524.0547460574;17.932957;3.269702
16527.0547460211;18.024586;3.2691505
16528.054746009;18.099246;3.2696517
16529.0547459969;17.990648;3.2687998
16530.0547459848;17.987256;3.2695014
16586.0547453068;18.078885;3.2690504
16587.0547452947;18.102641;3.2699022
16605.0547450767;17.980469;3.2690003
16606.0547450646;18.041553;3.2696016
16609.0547450283;17.997436;3.269702
16610.0547450162;18.08567;3.2690504
16630.0547447741;18.095854;3.2694011
16631.0547447619;18.133182;3.2687998
16636.0547447014;17.960105;3.2692509
16637.0547446893;17.854904;3.2685492
16638.0547446772;18.055129;3.2690504
16640.054744653;18.03816;3.2688999
16641.0547446409;18.024586;3.2694011
16666.0547443382;18.027979;3.2690504
16667.0547443261;18.03816;3.2695515
16668.054744314;18.095854;3.2690003
16690.0547440476;18.167119;3.26895
16691.0547440355;18.031373;3.2694514
16727.0547435997;18.00083;3.2691505
16728.0547435875;18.014406;3.2685993
16737.0547434786;18.03816;3.2691505
16738.0547434665;18.065311;3.2684991
16739.0547434544;18.044947;3.2691505
16768.0547431033;17.960105;3.2685993
16769.0547430912;18.01101;3.2691505
16807.0547426311;18.095854;3.2690003
16808.054742619;17.915988;3.2683487
16810.0547425948;17.994043;3.2686493
16811.0547425827;17.92617;3.2691505
16829.0547423647;18.051734;3.2694011
16830.0547423526;18.004223;3.2688498
16834.0547423042;18.031373;3.2691505
16835.0547422921;18.044947;3.2686493
16862.0547419652;18.078885;3.2686994
16863.0547419531;18.061916;3.2692006
16887.0547416625;17.956713;3.2686493
16888.0547416504;17.994043;3.2692509
16904.0547414567;18.004223;3.2693009
16905.0547414446;18.095854;3.2687998
16909.0547413961;17.994043;3.2688498
16910.054741384;18.004223;3.2682483
16945.0547409603;18.078885;3.2685993
16946.0547409482;18.072098;3.2691004
16971.0547406455;17.939744;3.2685492
16972.0547406334;17.929563;3.2692006
16979.0547405486;18.072098;3.2690504
16980.0547405365;18.167119;3.2685492
16999.0547403065;18.07549;3.2686994
17000.0547402944;18.11282;3.2692006
17001.0547402823;18.092457;3.2690003
17002.0547402702;18.136576;3.2684991
17006.0547402217;18.041553;3.2685993
17007.0547402096;18.082277;3.2692509
17008.0547401975;18.048342;3.2685492
17047.0547397254;17.960105;3.2690003
17048.0547397132;18.01101;3.2684488
17052.0547396648;18.068703;3.2683988
17053.0547396527;18.065311;3.2690003
17056.0547396164;18.095854;3.2684991
17057.0547396043;18.119607;3.2690504
17058.0547395922;18.061916;3.2684488
17074.0547393985;17.994043;3.2682483
17075.0547393864;17.936352;3.2690003
17119.0547388536;18.109428;3.2682483
17120.0547388415;18.041553;3.2687497
17122.0547388173;18.058523;3.2682986
17123.0547388052;18.139971;3.26895
17128.0547387447;17.919381;3.2683988
17129.0547387326;18.048342;3.2690504
17142.0547385752;18.061916;3.2687497
17143.0547385631;18.068703;3.2682483
17153.054738442;18.055129;3.2683988
17154.0547384299;18.078885;3.2690504
17155.0547384178;18.068703;3.2684488
17177.0547381514;18.08567;3.2687497
17178.0547381393;18.156938;3.2682483
17179.0547381272;18.00083;3.26895
17180.0547381151;18.055129;3.2690504
17181.054738103;18.082277;3.2685492
17183.0547380788;18.034766;3.2681983
17184.0547380667;18.027979;3.2686994
17195.0547379335;18.004223;3.2683487
17196.0547379214;18.034766;3.2688498
17220.0547376308;18.116215;3.2682483
17221.0547376187;18.11282;3.2687497
17235.0547374492;18.072098;3.2686493
17236.0547374371;18.021193;3.2681482
17242.0547373644;18.109428;3.2688498
17243.0547373523;18.099246;3.2683487
17281.0547368923;18.089066;3.2681983
17282.0547368802;18.061916;3.2686994
17294.0547367349;18.072098;3.2681983
17295.0547367228;18.048342;3.2686994
17300.0547366622;18.041553;3.2684991
17301.0547366501;18.136576;3.2679477
17311.0547365291;18.065311;3.2687497
17312.0547365169;17.983861;3.2680981
17315.0547364806;17.990648;3.2681983
17316.0547364685;17.960105;3.2687998
17317.0547364564;18.017799;3.2685993
17318.0547364443;17.990648;3.2680981
17325.0547363596;18.024586;3.2681482
17326.0547363474;18.00083;3.2687998
17331.0547362869;18.095854;3.2683487
17332.0547362748;17.970285;3.2678475
17366.0547358632;17.956713;3.2679977
17367.0547358511;18.068703;3.2685492
17371.0547358026;18.068703;3.2685993
17372.0547357905;18.034766;3.2680981
17379.0547357058;18.014406;3.2679977
17380.0547356937;18.007619;3.2685993
17417.0547352457;18.017799;3.2686493
17418.0547352336;18.014406;3.268048
17436.0547350157;18.106033;3.2685993
17437.0547350035;17.953318;3.2680981
17490.0547343619;17.912596;3.2678475
17491.0547343498;17.983861;3.2683487
17506.0547341682;18.024586;3.2681482
17507.054734156;18.034766;3.2687998
17508.0547341439;18.027979;3.2682483
17510.0547341197;18.024586;3.2685993
17511.0547341076;18.089066;3.268048
17524.0547339502;18.204449;3.2679477
17525.0547339381;18.092457;3.2686493
17526.054733926;18.027979;3.2681482
17543.0547337202;18.072098;3.2677975
17544.0547337081;17.994043;3.2683988
17568.0547334175;18.133182;3.2678475
17569.0547334054;17.949926;3.2683487
17572.0547333691;18.143363;3.2678976
17573.054733357;18.095854;3.2685492
17589.0547331633;18.017799;3.2684488
17590.0547331511;18.061916;3.2679477
17670.0547321826;18.01101;3.2678475
17671.0547321705;18.065311;3.2683487
17724.0547315288;18.146758;3.2684488
17725.0547315167;18.061916;3.2679477
17773.0547309355;17.980469;3.2676971
17774.0547309234;18.051734;3.2681983
17775.0547309113;18.024586;3.2673965
17776.0547308992;18.027979;3.2679477
17796.0547306571;17.956713;3.2681983
17797.054730645;17.970285;3.267647
17800.0547306086;17.966895;3.267647
17801.0547305965;18.041553;3.2681482
17806.054730536;18.027979;3.2673965
17807.0547305239;18.021193;3.2680981
17857.0547299185;17.997436;3.2673965
17858.0547299064;17.987256;3.268048
17869.0547297732;17.987256;3.267647
17870.0547297611;18.099246;3.2681482
17906.0547293253;18.068703;3.268048
17907.0547293132;18.160332;3.2675469
17913.0547292405;17.905809;3.2680981
17914.0547292284;18.129791;3.2674966
17956.0547287199;18.109428;3.2673464
17957.0547287078;18.017799;3.2679477
17975.0547284899;17.997436;3.2680981
17976.0547284778;18.034766;3.2675469
17981.0547284172;18.08567;3.267597
17982.0547284051;17.946531;3.2681482
17983.054728393;18.143363;3.267597
17992.0547282841;18.15015;3.2678976
17993.0547282719;18.055129;3.2673965
17999.0547281993;18.082277;3.2680981
18000.0547281872;17.977074;3.2675469
18030.054727824;18.03816;3.2679477
18031.0547278119;18.055129;3.2673464
18044.0547276545;17.946531;3.2673965
18045.0547276424;18.133182;3.2679977
18072.0547273155;18.031373;3.2678475
18073.0547273034;18.078885;3.2673464
18076.0547272671;17.970285;3.268048
18077.0547272549;18.167119;3.267246
18125.0547266738;18.044947;3.2673965
18126.0547266617;17.946531;3.2678976
18177.0547260442;17.92617;3.2670455
18178.0547260321;17.980469;3.267597
18182.0547259837;17.956713;3.267647
18183.0547259716;18.102641;3.2671459
18195.0547258263;18.139971;3.267246
18196.0547258142;18.055129;3.2678976
18197.0547258021;18.139971;3.2672961
18204.0547257173;18.065311;3.2675469
18205.0547257052;18.082277;3.2670455
18206.0547256931;18.095854;3.2676971
18209.0547256568;18.089066;3.2678475
18210.0547256447;18.058523;3.2672961
18223.0547254873;18.021193;3.2678475
18224.0547254752;18.065311;3.2671959
18240.0547252815;17.980469;3.267597
18241.0547252694;18.03816;3.2670958
18255.0547250999;18.021193;3.2676971
18256.0547250878;18.078885;3.2670958
18274.0547248698;17.92617;3.2673464
18275.0547248577;17.932957;3.2679477
18276.0547248456;17.92617;3.2673464
18316.0547243613;18.041553;3.267647
18317.0547243492;17.966895;3.2671459
18349.0547239618;18.014406;3.2670455
18350.0547239497;18.102641;3.2676971
18354.0547239013;18.116215;3.267246
18355.0547238891;18.106033;3.2677472
18357.0547238649;18.031373;3.2669954
18358.0547238528;17.888838;3.267647
18398.0547233685;18.058523;3.2668452
18399.0547233564;18.119607;3.2675469
18412.054723199;18.065311;3.2668452
18413.0547231869;18.021193;3.2674966
18414.0547231748;18.051734;3.2668953
18428.0547230053;18.058523;3.2669954
18429.0547229932;18.068703;3.2675469
18470.0547224968;18.00083;3.2669954
18471.0547224847;18.099246;3.2674966
18472.0547224726;18.095854;3.2673965
18473.0547224605;18.021193;3.2667949
18484.0547223273;18.061916;3.2667449
18485.0547223152;18.021193;3.2673464
18492.0547222305;17.912596;3.267597
18493.0547222184;17.987256;3.2666948
18494.0547222062;17.909201;3.2674966
18500.0547221336;18.129791;3.2669454
18501.0547221215;18.194268;3.267597
18502.0547221094;18.095854;3.2669454
18554.0547214798;17.939744;3.2674966
18555.0547214677;17.899021;3.2668953
18556.0547214556;18.031373;3.2667449
18557.0547214435;18.031373;3.267246
18573.0547212498;18.044947;3.2673464
18574.0547212377;18.072098;3.2667449
18636.054720487;18.03816;3.2665443
18637.0547204749;18.034766;3.2670455
18639.0547204507;17.953318;3.267246
18640.0547204386;17.987256;3.2666948
18648.0547203417;18.068703;3.2668452
18649.0547203296;18.156938;3.2673464
18650.0547203175;17.983861;3.2667949
18663.0547201601;17.868477;3.2666447
18664.054720148;17.994043;3.2671959
18665.0547201359;17.977074;3.2666948
18675.0547200148;17.987256;3.2670958
18676.0547200027;17.909201;3.267597
18679.0547199664;17.888838;3.2674966
18680.0547199543;18.07549;3.2667949
18702.0547196879;18.160332;3.2663941
18703.0547196758;18.119607;3.2670958
18720.05471947;18.051734;3.2667449
18721.0547194579;18.01101;3.267246
18727.0547193853;18.034766;3.2666948
18728.0547193732;18.044947;3.2671959
18730.0547193489;18.07549;3.2673965
18731.0547193368;18.078885;3.2668953
18737.0547192642;17.929563;3.2667449
18738.0547192521;18.00083;3.2674465
18760.0547189857;18.08567;3.267246
18761.0547189736;18.01101;3.2665443
18795.054718562;18.007619;3.2664943
18796.0547185499;18.065311;3.2670958
18806.0547184288;17.949926;3.2670958
18807.0547184167;18.034766;3.2664943
18808.0547184046;18.07549;3.2671459
18809.0547183925;18.031373;3.2663438
18815.0547183198;17.987256;3.2669954
18816.0547183077;17.922775;3.2662938
18817.0547182956;17.983861;3.2668953
18822.0547182351;18.031373;3.2670455
18823.054718223;18.00083;3.2664943
18848.0547179203;17.956713;3.2669454
18849.0547179082;17.939744;3.2663941
18850.0547178961;17.987256;3.2668953
18925.054716988;18.017799;3.2667449
18926.0547169759;18.004223;3.2661936
18949.0547166975;18.082277;3.2666447
18950.0547166854;17.939744;3.2661436
18974.0547163948;18.08567;3.2669454
18975.0547163827;18.027979;3.2663438
18989.0547162132;18.068703;3.2661436
18990.0547162011;18.055129;3.2666948
18998.0547161042;18.092457;3.2663438
18999.0547160921;18.106033;3.2668452
19003.0547160437;17.943139;3.2667449
19004.0547160316;18.01101;3.2661936
19039.0547156078;18.072098;3.2666447
19040.0547155957;17.9635;3.2660432
19041.0547155836;18.027979;3.2667949
19094.0547149419;17.990648;3.2662938
19095.0547149298;18.027979;3.2668452
19096.0547149177;18.065311;3.2661936
19102.0547148451;18.133182;3.2666948
19103.054714833;18.058523;3.2660432
19107.0547147845;18.065311;3.2660933
19108.0547147724;18.068703;3.2665946
19131.054714494;18.065311;3.2661436
19132.0547144819;18.058523;3.2667449
19144.0547143366;17.987256;3.2661936
19145.0547143245;18.021193;3.2666948
19152.0547142397;18.01101;3.2668452
19153.0547142276;18.034766;3.2661436
19171.0547140097;18.095854;3.2665946
19172.0547139976;18.106033;3.2660933
19173.0547139855;18.08567;3.2666948
19192.0547137554;18.031373;3.2665443
19193.0547137433;18.08567;3.2660432
19235.0547132348;18.092457;3.2666948
19236.0547132227;18.116215;3.2661936
19260.0547129321;17.953318;3.2660432
19261.05471292;17.970285;3.2665443
19265.0547128716;18.126395;3.2664943
19266.0547128595;18.072098;3.2659931
19268.0547128353;18.027979;3.2660933
19269.0547128232;18.014406;3.2665946
19286.0547126173;18.017799;3.2666447
19287.0547126052;18.03816;3.265893
19298.0547124721;18.03816;3.2658427
19299.05471246;18.068703;3.2663941
19335.0547120241;18.024586;3.2661436
19336.054712012;18.089066;3.2655921
19361.0547117093;17.966895;3.2659931
19362.0547116972;17.987256;3.2665443
19381.0547114672;17.983861;3.2665946
19382.0547114551;17.990648;3.2660432
19384.0547114308;18.119607;3.2659431
19385.0547114187;17.949926;3.2664442
19386.0547114066;18.102641;3.2657926
19387.0547113945;17.973682;3.2662938
19396.0547112856;18.143363;3.2662437
19397.0547112734;18.082277;3.2657425
19398.0547112613;18.102641;3.2664442
19427.0547109102;17.953318;3.2662938
19428.0547108981;18.099246;3.2656424
19429.054710886;17.990648;3.2662938
19433.0547108376;18.024586;3.2657425
19434.0547108255;18.01101;3.2662437
19497.0547100627;18.218025;3.2659931
19498.0547100506;18.03816;3.2664943
19517.0547098206;18.07549;3.2656424
19518.0547098085;18.068703;3.2661436
19554.0547093726;18.044947;3.2662437
19555.0547093605;18.03816;3.2655921
19557.0547093363;18.017799;3.2662437
19558.0547093242;18.048342;3.2656424
19574.0547091305;18.014406;3.2662437
19575.0547091184;18.11282;3.2655921
19579.0547090699;18.129791;3.2656925
19580.0547090578;18.055129;3.2661936
19594.0547088883;18.061916;3.2654419
19595.0547088762;18.129791;3.2661936
19600.0547088157;18.055129;3.2656424
19601.0547088036;17.987256;3.2662938
19602.0547087915;17.92617;3.2657425
19611.0547086825;18.01101;3.2659431
19612.0547086704;18.034766;3.2653916
19613.0547086583;17.994043;3.265893
19631.0547084404;18.014406;3.2661436
19632.0547084283;17.994043;3.2654419
19633.0547084162;18.065311;3.2659931
19644.054708283;18.01101;3.265893
19645.0547082709;17.929563;3.2653916
19682.0547078229;17.960105;3.265492
19683.0547078108;18.068703;3.2659931
19686.0547077745;18.027979;3.265893
19687.0547077624;18.139971;3.2652414
19688.0547077503;18.048342;3.2657926
19699.0547076171;18.024586;3.265542
19700.054707605;18.072098;3.2660432
19701.0547075929;17.973682;3.2654419
19744.0547070723;18.044947;3.2651913
19745.0547070601;18.027979;3.2656925
19792.0547064911;18.024586;3.2657926
19793.054706479;17.980469;3.265141
19828.0547060552;17.949926;3.265141
19829.0547060431;18.031373;3.2657926
19836.0547059584;18.08567;3.2661936
19837.0547059463;18.109428;3.2656925
19840.05470591;18.00083;3.2653415
19841.0547058979;18.041553;3.2658427
19850.0547057889;18.00083;3.2657926
19851.0547057768;18.156938;3.2651913
19870.0547055467;18.061916;3.2656925
19871.0547055346;18.061916;3.2651913
19872.0547055225;17.987256;3.2656925
19873.0547055104;18.119607;3.2650909
19960.0547044571;18.017799;3.2658427
19961.054704445;18.044947;3.265141
19966.0547043845;17.970285;3.265141
19967.0547043723;18.078885;3.2656424
19983.0547041786;17.943139;3.2656424
19984.0547041665;18.102641;3.265141
19986.0547041423;18.065311;3.2653916
19987.0547041302;18.055129;3.2648904
19998.054703997;18.136576;3.2649908
19999.0547039849;18.119607;3.265542
20032.0547035854;18.048342;3.265141
20033.0547035733;18.116215;3.2656424
20045.054703428;18.031373;3.2650909
20046.0547034159;18.092457;3.2655921
20049.0547033796;18.021193;3.2647903
20050.0547033675;18.044947;3.2653916
20061.0547032343;18.184088;3.2652414
20062.0547032222;18.03816;3.2647402
20063.0547032101;18.048342;3.2653415
20074.0547030769;18.017799;3.2649407
20075.0547030648;18.041553;3.265492
20078.0547030284;17.919381;3.2653916
20079.0547030163;17.980469;3.2648904
20080.0547030042;17.980469;3.2647903
20081.0547029921;18.065311;3.2653916
20092.0547028589;18.027979;3.2653415
20093.0547028468;18.048342;3.2648404
20099.0547027742;18.095854;3.265141
20100.0547027621;18.068703;3.2656925
20101.05470275;18.068703;3.2649908
20104.0547027137;18.109428;3.265542
20105.0547027016;18.058523;3.2649407
20139.0547022899;18.078885;3.2653916
20140.0547022778;17.983861;3.2648404
20148.0547021809;17.973682;3.2648404
20149.0547021688;17.929563;3.265542
20150.0547021567;18.01101;3.2649908
20151.0547021446;18.024586;3.2653415
20152.0547021325;17.9635;3.2647903
20175.0547018541;18.095854;3.2651913
20176.0547018419;18.034766;3.2646399
20189.0547016846;17.973682;3.2648904
20190.0547016724;18.065311;3.2653916
20191.0547016603;17.987256;3.265492
20192.0547016482;18.065311;3.2649908
20212.0547014061;18.034766;3.2646399
20213.054701394;18.044947;3.265141
20226.0547012366;18.034766;3.265141
20227.0547012245;17.990648;3.2646399
20238.0547010913;18.102641;3.2647402
20239.0547010792;18.08567;3.2652414
20247.0547009823;18.061916;3.2650909
20248.0547009702;17.949926;3.2645898
20257.0547008613;18.078885;3.2652414
20258.0547008492;17.997436;3.2645397
20262.0547008007;18.072098;3.2645397
20263.0547007886;18.119607;3.2650909
20266.0547007523;18.116215;3.2646902
20267.0547007402;18.041553;3.2652414
20268.0547007281;17.990648;3.2647402
20291.0547004496;17.9635;3.2645898
20292.0547004375;18.024586;3.2650909
20293.0547004254;18.061916;3.2645898
20377.0546994084;17.960105;3.2649908
20378.0546993963;18.034766;3.2644393
20402.0546991057;17.960105;3.2645397
20403.0546990936;17.990648;3.2650409
20428.0546987909;18.072098;3.2649407
20429.0546987788;17.994043;3.2643392
20436.0546986941;18.133182;3.2648404
20437.054698682;18.106033;3.2642391
20456.0546984519;17.949926;3.2642891
20457.0546984398;18.007619;3.2649407
20458.0546984277;18.027979;3.2641888
20459.0546984156;18.004223;3.2649908
20479.0546981735;18.143363;3.2642391
20480.0546981614;17.956713;3.2647402
20484.0546981129;18.058523;3.2642391
20485.0546981008;18.055129;3.2649407
20496.0546979676;18.058523;3.2641888
20497.0546979555;17.973682;3.2646902
20504.0546978708;18.03816;3.2648904
20505.0546978587;18.014406;3.2642891
20508.0546978224;18.197662;3.2649908
20509.0546978102;18.051734;3.2644393
20588.0546968538;17.994043;3.2645397
20589.0546968417;17.994043;3.2639382
20590.0546968296;18.109428;3.2646399
20596.0546967569;18.034766;3.2641888
20597.0546967448;18.109428;3.2648404
20598.0546967327;17.977074;3.2641888
20610.0546965874;18.082277;3.2640886
20611.0546965753;18.163725;3.2645898
20613.0546965511;17.973682;3.2642891
20614.054696539;18.014406;3.2647903
20615.0546965269;18.072098;3.2642391
20642.0546962;18.095854;3.2645898
20643.0546961879;18.03816;3.2639382
20644.0546961758;17.997436;3.2645397
20708.0546954009;18.034766;3.2647903
20709.0546953888;18.027979;3.2640386
20737.0546950498;17.980469;3.2639382
20738.0546950377;17.970285;3.2645397
20778.0546945534;18.048342;3.263788
20779.0546945413;18.099246;3.2644897
20792.0546943839;18.092457;3.263788
20793.0546943718;18.143363;3.2643893
20794.0546943597;17.977074;3.2638381
20811.0546941539;18.099246;3.2637379
20812.0546941418;18.00083;3.2642891
20837.0546938391;18.055129;3.2638381
20838.054693827;18.068703;3.2643392
20875.054693379;18.089066;3.2640886
20876.0546933669;18.092457;3.2635875
20908.0546929795;17.990648;3.263788
20909.0546929674;18.106033;3.2642891
20924.0546927858;18.044947;3.2640386
20925.0546927737;18.065311;3.2635374
20942.0546925678;17.970285;3.2635875
20943.0546925557;17.868477;3.2642391
20945.0546925315;18.065311;3.2638881
20946.0546925194;17.980469;3.2633369
20992.0546919625;18.024586;3.2635875
20993.0546919504;18.058523;3.2641387
21018.0546916477;17.977074;3.2639885
21019.0546916356;18.07549;3.2634871
21044.0546913329;17.980469;3.2633369
21045.0546913208;18.004223;3.2638381
21069.0546910302;18.01101;3.2635875
21070.0546910181;18.095854;3.2640886
21090.054690776;18.15015;3.2639382
21091.0546907639;18.136576;3.263437
21094.0546907275;18.055129;3.263788
21095.0546907154;18.08567;3.2632868
21110.0546905338;17.932957;3.263437
21111.0546905217;18.099246;3.2639885
21129.0546903038;18.03816;3.2630863
21130.0546902917;18.197662;3.2635875
21146.054690098;17.966895;3.2638881
21147.0546900859;18.017799;3.2632868
21150.0546900495;18.055129;3.263437
21151.0546900374;18.051734;3.2628357
21152.0546900253;18.031373;3.2635374
21186.0546896137;18.058523;3.2630863
21187.0546896016;17.953318;3.2635875
21206.0546893715;18.078885;3.2636375
21207.0546893594;17.939744;3.2631364
21232.0546890567;18.01101;3.2632868
21233.0546890446;17.949926;3.2638381
21296.0546882819;18.024586;3.2632365
21297.0546882698;18.03816;3.2637379
21298.0546882577;17.977074;3.2628858
21299.0546882456;17.980469;3.2634871
21310.0546881124;18.139971;3.2630363
21311.0546881003;17.990648;3.2635374
21315.0546880519;18.187482;3.2629359
21316.0546880397;17.939744;3.263437
21329.0546878824;17.997436;3.2634871
21330.0546878702;18.099246;3.2629859
21354.0546875797;18.08567;3.263437
21355.0546875676;18.03816;3.2629359
21357.0546875433;18.190875;3.2628858
21358.0546875312;18.004223;3.2635374
21371.0546873738;18.048342;3.2628357
21372.0546873617;18.00083;3.263437
21389.0546871559;18.058523;3.2635374
21390.0546871438;18.095854;3.2630363
21398.054687047;18.014406;3.2626352
21399.0546870348;18.007619;3.2632868
21400.0546870227;18.116215;3.2627857
21415.0546868411;17.987256;3.2631364
21416.054686829;17.871871;3.2623346
21417.0546868169;17.929563;3.2629359
21471.0546861631;18.017799;3.2625852
21472.054686151;18.017799;3.2630863
21497.0546858483;17.987256;3.2629359
21498.0546858362;18.061916;3.2624347
21527.0546854851;18.139971;3.2623847
21528.054685473;18.102641;3.2629359
21531.0546854367;18.08567;3.2627857
21532.0546854246;18.024586;3.2632868
21533.0546854125;17.980469;3.2627354
21559.0546850977;17.946531;3.2624347
21560.0546850856;18.027979;3.2631364
21561.0546850735;17.990648;3.2622342
21586.0546847708;18.092457;3.2622843
21587.0546847587;18.01101;3.2628357
21591.0546847103;18.051734;3.2624347
21592.0546846982;17.915988;3.2629859
21593.0546846861;18.051734;3.2624347
21599.0546846134;18.153545;3.2628858
21600.0546846013;17.980469;3.2623847
21603.054684565;18.01101;3.2629859
21604.0546845529;18.055129;3.2624848
21647.0546840323;18.017799;3.2626853
21648.0546840202;18.004223;3.2621841
21651.0546839838;17.983861;3.2621841
21652.0546839717;18.078885;3.2627354
21683.0546835964;18.15015;3.2622843
21684.0546835843;18.017799;3.2628357
21693.0546834753;18.03816;3.2627354
21694.0546834632;18.065311;3.2620337
21709.0546832816;17.997436;3.2621841
21710.0546832695;18.08567;3.2627354
21720.0546831484;17.990648;3.2625349
21721.0546831363;18.048342;3.2620337
21722.0546831242;18.109428;3.2627354
21759.0546826763;18.01101;3.2618835
21760.0546826641;18.082277;3.2625349
21771.054682531;18.03816;3.2625349
21772.0546825189;18.082277;3.2620337
21776.0546824704;18.044947;3.2618835
21777.0546824583;18.061916;3.2624848
21787.0546823373;17.983861;3.2617331
21788.0546823251;17.997436;3.2623346
21815.0546819983;18.15015;3.2619336
21816.0546819861;18.078885;3.2625349
21817.054681974;18.126395;3.2620337
21905.0546809086;18.00083;3.2622843
21906.0546808965;17.932957;3.2617331
21908.0546808723;18.041553;3.2617331
21909.0546808602;17.977074;3.2622843
21973.0546800853;17.966895;3.2621341
21974.0546800732;18.044947;3.2616329
21996.0546798069;18.017799;3.2616329
21997.0546797947;18.143363;3.2621341
22027.0546794315;18.099246;3.2616329
22028.0546794194;17.946531;3.2621841
22029.0546794073;18.065311;3.261683
22073.0546788746;17.929563;3.2618334
22074.0546788625;17.997436;3.261332
22087.0546787051;18.126395;3.2618835
22088.054678693;18.041553;3.261332
22094.0546786203;18.078885;3.2612319
22095.0546786082;18.041553;3.2618334
22115.0546783661;18.03816;3.2612319
22116.054678354;18.058523;3.2618334
22117.0546783419;17.861691;3.261332
22143.0546780271;18.034766;3.2617831
22144.054678015;18.024586;3.2612319
22150.0546779423;18.01101;3.2614324
22151.0546779302;18.078885;3.2620337
22152.0546779181;18.11282;3.2615325
22153.054677906;18.027979;3.2610314
22154.0546778939;17.956713;3.2615826
22178.0546776033;18.041553;3.2612319
22179.0546775912;18.00083;3.2617831
22180.0546775791;18.099246;3.261282
22210.0546772159;18.078885;3.2610815
22211.0546772038;18.027979;3.2616329
22241.0546768406;18.072098;3.2613823
22242.0546768285;17.990648;3.2608812
22254.0546766832;18.00083;3.2607808
22255.0546766711;18.03816;3.2616329
22320.0546758841;17.987256;3.2614324
22321.054675872;18.123002;3.2607307
22364.0546753514;18.092457;3.2608309
22365.0546753393;18.068703;3.2614324
22367.0546753151;18.014406;3.2613823
22368.054675303;18.048342;3.2607808
22440.0546744313;18.031373;3.2609813
22441.0546744192;18.136576;3.2602797
22444.0546743828;18.044947;3.2605803
22445.0546743707;18.109428;3.2612319
22477.0546739833;18.01101;3.2609813
22478.0546739712;18.055129;3.2603798
22508.054673608;17.956713;3.2609313
22509.0546735959;17.983861;3.2604301
22528.0546733658;18.03816;3.2603798
22529.0546733537;17.939744;3.2609813
22530.0546733416;18.031373;3.2604301
22552.0546730753;18.061916;3.2607307
22553.0546730631;17.987256;3.2600791
22561.0546729663;18.027979;3.2607808
22562.0546729542;18.061916;3.2602797
22634.0546720825;18.126395;3.2603798
22635.0546720704;18.027979;3.2598786
22644.0546719614;18.139971;3.259979
22645.0546719493;18.051734;3.2605803
22667.0546716829;18.068703;3.2598286
22668.0546716708;17.953318;3.2604301
22678.0546715497;17.987256;3.2600791
22679.0546715376;17.956713;3.2595279
22680.0546715255;18.07549;3.2601292
22685.054671465;18.133182;3.2598786
22686.0546714529;18.089066;3.2603798
22693.0546713681;18.055129;3.2596281
22694.054671356;17.987256;3.2602296
22728.0546709444;17.902414;3.2601292
22729.0546709323;17.902414;3.259578
22730.0546709202;17.946531;3.2601795
22735.0546708596;18.129791;3.2596781
22736.0546708475;17.977074;3.2603798
22774.0546703875;17.987256;3.2603297
22775.0546703753;18.007619;3.259578
22834.054669661;18.041553;3.2599289
22835.0546696489;18.092457;3.2593775
22844.05466954;18.065311;3.2600291
22845.0546695278;18.044947;3.2593775
22863.0546693099;18.068703;3.2592773
22864.0546692978;18.048342;3.2597785
22874.0546691767;17.997436;3.2592773
22875.0546691646;18.044947;3.2597785
22893.0546689467;17.994043;3.2593274
22894.0546689346;17.9635;3.2598786
22895.0546689225;17.960105;3.2592773
22901.0546688498;18.126395;3.2595279
22902.0546688377;18.129791;3.2590268
22903.0546688256;18.092457;3.2595279
22921.0546686077;18.061916;3.2590768
22922.0546685956;17.929563;3.259578
22938.0546684019;18.034766;3.2596781
22939.0546683898;18.03816;3.2591269
22961.0546681234;18.092457;3.2588763
22962.0546681113;18.092457;3.2593775
22963.0546680992;18.041553;3.2588763
22987.0546678086;18.007619;3.2593274
22988.0546677965;18.041553;3.2588263
22989.0546677844;17.997436;3.2596281
22990.0546677723;18.041553;3.2590768
23044.0546671185;18.014406;3.2592273
23045.0546671064;17.980469;3.2587259
23075.0546667432;17.980469;3.2588263
23076.0546667311;18.065311;3.2593274
23077.054666719;18.024586;3.2586758
23132.0546660531;18.065311;3.2590268
23133.054666041;17.899021;3.2584753
23162.0546656899;18.048342;3.2588763
23163.0546656778;18.136576;3.2582247
23182.0546654477;18.041553;3.2588263
23183.0546654356;17.990648;3.2582247
23184.0546654235;17.990648;3.2580245
23185.0546654114;18.007619;3.2585256
23208.0546651329;17.929563;3.258275
23209.0546651208;18.007619;3.2588263
23212.0546650845;18.092457;3.2584252
23213.0546650724;18.051734;3.2579241
23214.0546650603;18.07549;3.2585757
23220.0546649876;17.994043;3.2586257
23221.0546649755;18.027979;3.2581246
23222.0546649634;17.960105;3.2586257
23275.0546643218;18.11282;3.2584753
23276.0546643096;18.034766;3.2579741
23286.0546641886;18.065311;3.2579241
23287.0546641765;18.044947;3.2584753
23305.0546639585;18.044947;3.2584753
23306.0546639464;17.980469;3.2578239
23327.0546636922;18.092457;3.2583251
23328.0546636801;17.960105;3.2577736
23340.0546635348;18.051734;3.2577736
23341.0546635227;18.034766;3.258275
23342.0546635106;17.987256;3.2577236
23345.0546634742;18.01101;3.2576234
23346.0546634621;18.007619;3.2581246
23393.0546628931;17.92617;3.2581246
23394.054662881;18.041553;3.2576234
23445.0546622635;18.116215;3.2572725
23446.0546622514;18.177301;3.2579241
23470.0546619608;18.051734;3.2571723
23471.0546619487;17.987256;3.2578239
23510.0546614766;18.034766;3.2571223
23511.0546614645;18.031373;3.2576234
23569.0546607622;18.092457;3.2569718
23570.0546607501;17.973682;3.257473
23573.0546607138;18.065311;3.2574229
23574.0546607017;18.051734;3.2569218
23592.0546604838;18.095854;3.2573228
23593.0546604717;18.024586;3.2567713
23621.0546601327;18.017799;3.2572224
23622.0546601206;18.102641;3.2566712
23623.0546601084;18.055129;3.2574229
23657.0546596968;18.051734;3.2569718
23658.0546596847;18.095854;3.2564707
23698.0546592004;18.048342;3.2568717
23699.0546591883;17.994043;3.2563705
23706.0546591036;18.007619;3.2562702
23707.0546590914;17.970285;3.2568717
23748.054658595;18.027979;3.2569218
23749.0546585829;18.109428;3.25612
23765.0546583892;18.041553;3.2569218
23766.0546583771;18.102641;3.2563705
23813.0546578081;18.160332;3.2563705
23814.054657796;18.01101;3.2558692
23826.0546576507;18.027979;3.2557189
23827.0546576386;18.126395;3.2563202
23828.0546576265;18.072098;3.2559695
23829.0546576144;18.00083;3.2565207
23830.0546576023;18.048342;3.2560196
23872.0546570938;18.031373;3.2556689
23873.0546570817;18.102641;3.2562702
23908.0546566579;18.177301;3.2555184
23909.0546566458;17.997436;3.2560196
23935.054656331;17.949926;3.2559695
23936.0546563189;18.102641;3.2554684
23975.0546558467;17.983861;3.2558692
23976.0546558346;18.01101;3.255368
24004.0546554956;18.082277;3.2555184
24005.0546554835;18.095854;3.2549672
24006.0546554714;18.139971;3.2555184
24019.054655314;18.051734;3.2556689
24020.0546553019;18.106033;3.2551677
24049.0546549508;18.07549;3.2554684
24050.0546549387;18.044947;3.2549169
24151.0546537159;18.072098;3.2554684
24152.0546537037;18.065311;3.2542655
24153.0546536916;17.997436;3.2550173
24159.054653619;18.139971;3.2547667
24160.0546536069;18.034766;3.2552679
24165.0546535463;17.956713;3.2551677
24166.0546535342;18.07549;3.2545662
24217.0546529168;17.983861;3.2546663
24218.0546529047;18.163725;3.254015
24219.0546528926;18.102641;3.2547166
24226.0546528078;18.167119;3.2544661
24227.0546527957;17.936352;3.2550173
24228.0546527836;18.136576;3.2544158
24311.0546517787;18.095854;3.2538145
24312.0546517666;17.973682;3.2543156
24327.054651585;18.207842;3.2542655
24328.0546515729;18.044947;3.2537644
24361.0546511733;18.034766;3.253664
24362.0546511612;18.119607;3.2542155
24365.0546511249;18.034766;3.2535639
24366.0546511128;18.065311;3.2541151
24370.0546510644;18.00083;3.254015
24371.0546510523;17.990648;3.2534635
24405.0546506406;17.943139;3.254065
24406.0546506285;17.929563;3.2534635
24434.0546502895;18.078885;3.2533133
24435.0546502774;17.983861;3.2538645
24436.0546502653;18.068703;3.2532632
24450.0546500958;18.014406;3.2536139
24451.0546500837;18.031373;3.2531128
24466.0546499021;18.021193;3.2529624
24467.05464989;18.00083;3.2534635
24483.0546496963;18.133182;3.253664
24484.0546496842;17.983861;3.2531629
24495.054649551;17.960105;3.253664
24496.0546495389;18.041553;3.2531629
24513.054649333;17.932957;3.2535639
24514.0546493209;18.133182;3.2530124
24535.0546490667;17.997436;3.2526617
24536.0546490546;18.126395;3.2533133
24545.0546489456;18.024586;3.2533634
24546.0546489335;17.970285;3.2528121
24549.0546488972;17.936352;3.2533634
24550.0546488851;18.051734;3.2525616
24551.054648873;17.871871;3.2530627
24586.0546484492;18.061916;3.2530124
24587.0546484371;17.899021;3.2523611
24599.0546482918;18.058523;3.2529123
24600.0546482797;18.078885;3.2524111
24606.0546482071;17.977074;3.2529624
24607.054648195;18.034766;3.2523611
24623.0546480013;18.095854;3.2530124
24624.0546479891;18.021193;3.252311
24627.0546479528;18.021193;3.252311
24628.0546479407;18.034766;3.2528121
24678.0546473354;18.095854;3.2526116
24679.0546473233;18.058523;3.2520602
24694.0546471416;17.990648;3.2524612
24695.0546471295;18.106033;3.25191
24743.0546465484;18.051734;3.2516594
24744.0546465363;18.03816;3.2524111
24745.0546465242;18.034766;3.25191
24756.054646391;18.068703;3.2522106
24757.0546463789;18.119607;3.251559
24758.0546463668;18.014406;3.251509
24759.0546463547;18.163725;3.2520602
24772.0546461973;17.915988;3.2522607
24773.0546461852;17.987256;3.2516093
24786.0546460278;18.11282;3.2522607
24787.0546460157;18.034766;3.2516594
24798.0546458825;18.089066;3.2521105
24799.0546458704;18.078885;3.251509
24821.054645604;18.004223;3.2513587
24822.0546455919;18.01101;3.25191
24830.0546454951;17.980469;3.2518599
24831.054645483;18.027979;3.2513587
24834.0546454466;18.106033;3.2517095
24835.0546454345;18.048342;3.2512083
24842.0546453498;18.065311;3.251559
24843.0546453377;17.977074;3.2510579
24850.0546452529;17.990648;3.2516093
24851.0546452408;18.017799;3.2510078
24872.0546449866;18.102641;3.2511582
24873.0546449745;18.03816;3.2516594
24886.0546448171;18.092457;3.2512584
24887.054644805;17.990648;3.2517595
24888.0546447928;18.126395;3.2510078
24931.0546442722;18.136576;3.2513587
24932.0546442601;18.044947;3.2508073
24950.0546440422;18.123002;3.2508574
24951.0546440301;18.102641;3.2513587
24952.054644018;18.03816;3.2508073
24969.0546438122;18.068703;3.2504065
24970.0546438001;18.051734;3.2509577
24973.0546437637;18.156938;3.2508574
24974.0546437516;18.01101;3.2513587
24975.0546437395;18.133182;3.2510078
24976.0546437274;17.882051;3.2504566
25009.0546433279;17.994043;3.250206
25010.0546433158;18.051734;3.2507071
25039.0546429647;18.044947;3.2502561
25040.0546429526;18.044947;3.2507572
25062.0546426862;17.9635;3.2506068
25063.0546426741;18.034766;3.2500055
25082.0546424441;18.034766;3.249805
25083.054642432;18.024586;3.2503562
25142.0546417176;17.919381;3.249805
25143.0546417055;18.007619;3.2503061
25151.0546416087;18.092457;3.2496545
25152.0546415966;18.048342;3.2501557
25171.0546413665;17.960105;3.2500055
25172.0546413544;17.960105;3.2490532
25173.0546413423;17.990648;3.249805
25250.0546404101;18.15015;3.2488527
25251.054640398;18.00083;3.2494543
25266.0546402163;17.960105;3.2495544
25267.0546402042;17.997436;3.2490032
25326.0546394899;17.987256;3.2491033
25327.0546394778;17.936352;3.2485521
25345.0546392599;18.027979;3.2489028
25346.0546392478;18.00083;3.2484016
25353.054639163;18.034766;3.2485521
25354.0546391509;17.997436;3.2491033
25355.0546391388;18.01101;3.2484517
25380.0546388361;18.048342;3.2487526
25381.054638824;18.065311;3.2481511
25412.0546384487;18.116215;3.2488527
25413.0546384366;18.07549;3.2483516
25450.0546379886;18.068703;3.2482011
25451.0546379765;18.014406;3.2477
25466.0546377949;18.03816;3.24775
25467.0546377828;18.126395;3.2482512
25494.0546374559;18.004223;3.2480509
25495.0546374438;18.055129;3.2475498
25529.0546370322;18.15015;3.2475498
25530.05463702;18.055129;3.2470484
25531.0546370079;18.072098;3.2476499
25550.0546367779;18.01101;3.2473493
25551.0546367658;18.014406;3.2478504
25552.0546367537;18.078885;3.2471988
25572.0546365115;18.092457;3.2469983
25573.0546364994;18.11282;3.2474995
25594.0546362452;18.133182;3.247299
25595.0546362331;18.078885;3.2467477
25600.0546361725;18.014406;3.2475498
25601.0546361604;17.960105;3.2467477
25602.0546361483;17.909201;3.2473493
25604.0546361241;17.973682;3.2475498
25605.054636112;18.072098;3.2468481
25611.0546360394;17.956713;3.247299
25612.0546360273;18.106033;3.2466977
25613.0546360151;18.106033;3.2472489
25632.0546357851;18.061916;3.2466476
25633.054635773;18.078885;3.2471488
25651.0546355551;18.017799;3.246397
25652.054635543;17.946531;3.2470484
25673.0546352887;18.08567;3.2462966
25674.0546352766;18.00083;3.2468481
25687.0546351192;18.048342;3.2463467
25688.0546351071;17.922775;3.2468982
25689.054635095;18.03816;3.2461965
25716.0546347681;18.082277;3.2468481
25717.054634756;18.051734;3.2462966
25754.054634308;18.102641;3.246397
25755.0546342959;18.017799;3.2456954
25766.0546341627;17.915988;3.2462966
25767.0546341506;17.973682;3.2457454
25793.0546338359;17.994043;3.2461965
25794.0546338237;18.034766;3.2455449
25796.0546337995;17.977074;3.245996
25797.0546337874;18.014406;3.2454448
25818.0546335332;18.031373;3.2459459
25819.0546335211;18.044947;3.2454448
25820.054633509;18.106033;3.2459459
25825.0546334484;18.03816;3.2455449
25826.0546334363;18.072098;3.2460961
25858.0546330489;18.102641;3.2458456
25859.0546330368;17.939744;3.2452943
25862.0546330005;17.980469;3.2454948
25863.0546329883;18.133182;3.2448933
25864.0546329762;18.089066;3.2456954
25865.0546329641;18.099246;3.2451942
25878.0546328067;18.031373;3.2450438
25879.0546327946;18.082277;3.2457955
25908.0546324435;18.068703;3.2447932
25909.0546324314;18.014406;3.2453444
25910.0546324193;17.983861;3.2447431
25912.0546323951;17.987256;3.2448933
25913.054632383;18.055129;3.2454448
25924.0546322498;18.109428;3.2446427
25925.0546322377;18.03816;3.2454448
25926.0546322256;18.041553;3.2445927
25929.0546321893;18.051734;3.2451439
25930.0546321772;17.983861;3.2446427
25944.0546320077;18.061916;3.2445927
25945.0546319956;18.15015;3.2451439
25946.0546319835;18.065311;3.2446427
25951.0546319229;17.987256;3.2451942
25952.0546319108;18.058523;3.2445426
25962.0546317897;18.031373;3.2444925
25963.0546317776;18.007619;3.2450438
25964.0546317655;17.970285;3.2443922
25971.0546316808;18.031373;3.2444925
25972.0546316687;18.061916;3.2449937
26018.0546311117;18.109428;3.2445927
26019.0546310996;18.017799;3.2440915
26020.0546310875;18.136576;3.2446427
26021.0546310754;18.119607;3.2440915
26037.0546308817;17.970285;3.2443922
26038.0546308696;18.07549;3.243891
26081.054630349;18.082277;3.2438409
26082.0546303369;17.987256;3.2443922
26083.0546303248;17.970285;3.2436905
26086.0546302884;18.024586;3.2440915
26087.0546302763;17.92617;3.2435403
26090.05463024;18.068703;3.2438409
26091.0546302279;18.007619;3.2432897
26098.0546301432;17.980469;3.2433898
26099.0546301311;18.119607;3.243891
26101.0546301068;18.007619;3.243891
26102.0546300947;18.136576;3.2432897
26103.0546300826;18.061916;3.243891
26104.0546300705;17.892234;3.2431393
26105.0546300584;18.08567;3.2436905
26129.0546297678;18.07549;3.24349
26130.0546297557;18.116215;3.2429388
26131.0546297436;18.129791;3.2438409
26198.0546289324;17.970285;3.2426882
26199.0546289203;18.102641;3.2431893
26204.0546288598;17.92617;3.2430892
26205.0546288477;17.994043;3.2424877
26206.0546288356;18.00083;3.2430391
26208.0546288114;18.08567;3.2424376
26209.0546287993;18.058523;3.2430391
26294.0546277701;18.078885;3.242187
26295.054627758;18.068703;3.2426882
26305.054627637;18.055129;3.2416358
26306.0546276249;18.01101;3.242137
26323.054627419;17.932957;3.2416859
26324.0546274069;18.106033;3.2422371
26327.0546273706;18.160332;3.242187
26328.0546273585;18.051734;3.2416859
26349.0546271043;18.048342;3.2414854
26350.0546270921;18.068703;3.2420869
26374.0546268016;18.106033;3.2413349
26375.0546267895;18.068703;3.2418864
26379.054626741;17.977074;3.2412348
26380.0546267289;17.973682;3.2418864
26402.0546264626;18.072098;3.2417359
26403.0546264505;18.119607;3.2411346
26407.054626402;18.034766;3.2413852
26408.0546263899;18.123002;3.2406836
26409.0546263778;18.07549;3.2410843
26410.0546263657;18.116215;3.2415855
26417.054626281;18.102641;3.2410343
26418.0546262689;17.977074;3.2415855
26437.0546260388;18.024586;3.2407336
26438.0546260267;18.03816;3.2413349
26442.0546259783;18.007619;3.2408841
26443.0546259662;18.01101;3.2413852
26457.0546257967;18.027979;3.2406332
26458.0546257846;18.044947;3.2411346
26460.0546257604;17.919381;3.2405331
26461.0546257482;18.041553;3.2410343
26467.0546256756;18.014406;3.2411346
26468.0546256635;17.990648;3.240483
26476.0546255666;18.024586;3.2408841
26477.0546255545;18.068703;3.2401824
26478.0546255424;18.07549;3.2408338
26496.0546253245;18.133182;3.2407837
26497.0546253124;18.106033;3.2402825
26527.0546249492;18.055129;3.2406836
26528.0546249371;18.007619;3.2401321
26543.0546247555;18.021193;3.2401321
26544.0546247434;18.055129;3.2406332
26545.0546247312;18.034766;3.240082
26546.0546247191;18.03816;3.2402825
26547.054624707;18.007619;3.2397313
26549.0546246828;18.204449;3.2399318
26550.0546246707;18.031373;3.2405331
26558.0546245739;18.08567;3.2401824
26559.0546245617;18.065311;3.239681
26560.0546245496;18.082277;3.2395809
26561.0546245375;18.044947;3.2402825
26566.054624477;17.946531;3.2402825
26567.0546244649;18.068703;3.239681
26586.0546242348;18.017799;3.2402325
26587.0546242227;18.061916;3.2395809
26591.0546241743;17.994043;3.2394304
26592.0546241622;18.044947;3.240032
26596.0546241138;18.01101;3.2396309
26597.0546241017;18.004223;3.2402325
26604.0546240169;18.01101;3.240032
26605.0546240048;17.994043;3.2394807
26617.0546238595;18.106033;3.2394304
26618.0546238474;18.089066;3.2399318
26682.0546230726;18.065311;3.2395308
26683.0546230605;18.126395;3.2389293
26721.0546226004;18.102641;3.2385786
26722.0546225883;18.004223;3.2391298
26724.0546225641;17.973682;3.2390797
26725.0546225519;18.08567;3.2384782
26726.0546225398;18.044947;3.2388792
26727.0546225277;17.949926;3.238378
26744.0546223219;18.072098;3.2384281
26745.0546223098;18.034766;3.2390797
26746.0546222977;18.15015;3.238378
26752.0546222251;18.007619;3.2388291
26753.0546222129;18.017799;3.238328
26771.054621995;18.024586;3.238328
26772.0546219829;18.068703;3.2378268
26773.0546219708;17.848115;3.2386787
26778.0546219103;18.065311;3.2387288
26779.0546218982;18.129791;3.2381275
26904.0546203848;17.977074;3.2371252
26905.0546203727;17.956713;3.2376263
26933.0546200337;18.021193;3.2368746
26934.0546200215;18.082277;3.2373757
26945.0546198884;18.01101;3.2365737
26946.0546198763;18.068703;3.2370751
26961.0546196947;17.997436;3.2367241
26962.0546196825;17.994043;3.2374258
26963.0546196704;18.007619;3.2364736
27029.0546188714;18.017799;3.2366741
27030.0546188593;17.946531;3.2361729
27056.0546185445;18.119607;3.2359724
27057.0546185324;18.099246;3.2365236
27058.0546185203;18.129791;3.2359223
27067.0546184113;18.017799;3.2360725
27068.0546183992;18.072098;3.2355213
27069.0546183871;17.943139;3.2360225
27105.0546179512;17.960105;3.2361729
27106.0546179391;18.048342;3.2355714
27108.0546179149;17.946531;3.2359724
27109.0546179028;18.01101;3.2354712
27134.0546176001;18.089066;3.2353709
27135.054617588;18.014406;3.235872
27171.0546171521;18.058523;3.2350202
27172.05461714;18.027979;3.2355714
27191.05461691;18.044947;3.2354212
27192.0546168979;18.048342;3.2348697
27197.0546168374;18.078885;3.2354212
27198.0546168252;18.058523;3.2349198
27212.0546166557;18.027979;3.2350202
27213.0546166436;18.027979;3.2344689
27214.0546166315;18.027979;3.2351203
27250.0546161957;18.065311;3.2349198
27251.0546161836;17.997436;3.2344186
27252.0546161715;18.01101;3.2349198
27265.0546160141;18.044947;3.2347696
27266.054616002;17.943139;3.2341681
27301.0546155782;18.01101;3.2341681
27302.0546155661;18.007619;3.2346692
27320.0546153482;17.983861;3.2339675
27321.0546153361;18.024586;3.2346191
27322.054615324;18.034766;3.234118
27365.0546148033;18.004223;3.2336168
27366.0546147912;18.00083;3.234118
27376.0546146702;18.048342;3.2332661
27377.0546146581;18.072098;3.2337673
27383.0546145854;18.058523;3.2338173
27384.0546145733;18.004223;3.2332661
27397.0546144159;18.08567;3.2337673
27398.0546144038;18.180695;3.2330656
27399.0546143917;17.9635;3.2339675
27412.0546142343;18.017799;3.2329152
27413.0546142222;17.966895;3.2334163
27422.0546141132;18.133182;3.2336669
27423.0546141011;18.055129;3.2331657
27434.0546139679;18.116215;3.2334664
27435.0546139558;17.980469;3.2329652
27447.0546138106;18.03816;3.2329152
27448.0546137984;18.034766;3.2335668
27462.0546136289;18.089066;3.2330656
27463.0546136168;18.004223;3.2325644
27488.0546133142;17.932957;3.2324641
27489.0546133021;17.997436;3.2331657
27555.054612503;18.044947;3.2323639
27556.0546124909;17.997436;3.2318125
27586.0546121277;17.966895;3.2325644
27587.0546121155;18.03816;3.232013
27612.0546118129;18.08567;3.2322135
27613.0546118008;17.905809;3.2317123
27614.0546117887;17.936352;3.2315118
27615.0546117765;18.051734;3.2320631
27623.0546116797;18.078885;3.2319129
27624.0546116676;18.061916;3.2324641
27625.0546116555;17.994043;3.2317624
27670.0546111107;18.044947;3.2312613
27671.0546110985;17.956713;3.2317624
27672.0546110864;18.014406;3.2312112
27674.0546110622;18.061916;3.2317123
27675.0546110501;18.089066;3.2312112
27676.054611038;18.03816;3.2318125
27704.054610699;18.021193;3.2315619
27705.0546106869;18.082277;3.2310607
27713.05461059;17.9635;3.2314618
27714.0546105779;17.983861;3.23071
27715.0546105658;17.895627;3.2313616
27719.0546105174;17.980469;3.2315619
27720.0546105053;17.953318;3.2310107
27760.054610021;17.956713;3.2312613
27761.0546100089;18.034766;3.2305596
27763.0546099847;17.994043;3.2311108
27764.0546099726;18.089066;3.2306097
27769.054609912;17.960105;3.2303591
27770.0546098999;17.9635;3.2309105
27784.0546097304;18.014406;3.2308102
27785.0546097183;18.092457;3.230309
27792.0546096336;18.058523;3.2310607
27793.0546096215;18.061916;3.2305095
27807.054609452;18.089066;3.23066
27808.0546094399;18.00083;3.2299583
27809.0546094278;18.099246;3.23066
27810.0546094156;18.024586;3.2302089
27811.0546094035;17.983861;3.2307601
27860.0546088103;18.031373;3.2298579
27861.0546087982;18.061916;3.2305095
27862.0546087861;17.882051;3.2298579
27877.0546086045;17.990648;3.2303591
27878.0546085924;18.01101;3.2298579
27908.0546082291;17.994043;3.2302589
27909.054608217;17.990648;3.2297578
27956.054607648;17.9635;3.2300584
27957.0546076359;18.044947;3.2292063
27958.0546076238;17.980469;3.2298579
28037.0546066673;18.048342;3.2291563
28038.0546066552;18.139971;3.2285049
28039.0546066431;18.031373;3.2290061
28051.0546064978;18.055129;3.2291062
28052.0546064857;17.936352;3.228605
28060.0546063888;18.08567;3.2287555
28061.0546063767;18.136576;3.2293067
28062.0546063646;18.08567;3.2287555
28079.0546061588;18.15015;3.228605
28080.0546061467;18.048342;3.2291563
28087.054606062;18.031373;3.2290561
28088.0546060498;17.966895;3.2285049
28093.0546059893;18.031373;3.2290561
28094.0546059772;17.875264;3.2284045
28113.0546057472;17.919381;3.2281539
28114.0546057351;17.966895;3.2288556
28115.0546057229;18.109428;3.2282541
28116.0546057108;18.048342;3.2280538
28117.0546056987;18.034766;3.2286551
28138.0546054445;18.089066;3.2285049
28139.0546054324;18.017799;3.2279034
28167.0546050934;17.960105;3.2276528
28168.0546050813;18.027979;3.2284045
28182.0546049118;18.095854;3.2282541
28183.0546048997;18.031373;3.2277529
28240.0546042096;18.106033;3.2278533
28241.0546041974;18.126395;3.2273018
28255.0546040279;17.943139;3.2276027
28256.0546040158;17.987256;3.2270513
28257.0546040037;18.007619;3.2278032
28258.0546039916;18.044947;3.2273018
28266.0546038948;17.9635;3.2271016
28267.0546038827;18.017799;3.2276027
28282.054603701;18.065311;3.2271016
28283.0546036889;17.994043;3.2276027
28285.0546036647;17.909201;3.2277029
28286.0546036526;18.041553;3.2270513
28287.0546036405;17.960105;3.2275023
28288.0546036284;17.987256;3.2269011
28347.0546029141;18.027979;3.2265501
28348.054602902;18.024586;3.2270513
28357.054602793;18.072098;3.2269011
28358.0546027809;17.9635;3.2262995
28359.0546027688;18.092457;3.2268007
28363.0546027204;17.915988;3.2266505
28364.0546027083;17.895627;3.2260489
28365.0546026962;18.017799;3.2267005
28370.0546026356;17.973682;3.22645
28371.0546026235;18.014406;3.2270513
28377.0546025509;18.11282;3.2266004
28378.0546025388;18.048342;3.2271016
28379.0546025267;18.116215;3.2265501
28405.0546022119;18.044947;3.2266505
28406.0546021998;17.997436;3.2260489
28411.0546021392;18.051734;3.2267506
28412.0546021271;18.034766;3.2260489
28434.0546018608;17.943139;3.2267506
28435.0546018486;18.109428;3.2261994
28439.0546018002;18.058523;3.22645
28440.0546017881;17.994043;3.2259488
28460.054601546;18.146758;3.2257984
28461.0546015339;18.065311;3.22645
28484.0546012554;18.129791;3.226099
28485.0546012433;18.109428;3.2255478
28496.0546011101;17.922775;3.2259989
28497.054601098;18.034766;3.2254977
28498.0546010859;18.027979;3.2261493
28545.0546005169;18.08567;3.2257483
28546.0546005047;18.167119;3.2251971
28561.0546003231;17.9635;3.2253973
28562.054600311;17.892234;3.2248461
28577.0546001294;18.034766;3.2250967
28578.0546001173;18.078885;3.2256482
28579.0546001052;17.929563;3.2249465
28585.0546000326;17.92617;3.2251468
28586.0546000205;18.017799;3.2256482
28587.0546000084;18.004223;3.2248962
28596.0545998994;18.082277;3.2254477
28597.0545998873;18.109428;3.2248962
28614.0545996815;18.123002;3.2247961
28615.0545996694;18.136576;3.2255478
28616.0545996572;18.072098;3.2248461
28627.0545995241;18.095854;3.2247961
28628.054599512;18.055129;3.2242949
28650.0545992456;17.997436;3.2249465
28651.0545992335;18.031373;3.224395
28682.0545988582;18.068703;3.2241945
28683.0545988461;18.07549;3.2247961
28691.0545987492;17.960105;3.2238939
28692.0545987371;18.078885;3.224395
28754.0545979865;18.058523;3.2235432
28755.0545979743;18.048342;3.2241445
28802.0545974053;18.044947;3.2237937
28803.0545973932;18.058523;3.2232926
28816.0545972358;18.004223;3.2237937
28817.0545972237;17.960105;3.2232926
28840.0545969452;18.051734;3.2235432
28841.0545969331;18.048342;3.223042
28861.054596691;17.973682;3.2232926
28862.0545966789;17.987256;3.2227914
28880.0545964609;17.973682;3.2230921
28881.0545964488;18.133182;3.2224905
28905.0545961583;18.021193;3.223042
28906.0545961462;18.031373;3.2224405
28907.0545961341;18.061916;3.2229917
28921.0545959646;18.044947;3.2226911
28922.0545959524;18.15015;3.2220898
28923.0545959403;18.072098;3.22229
28924.0545959282;18.133182;3.2227914
28947.0545956498;18.014406;3.2221899
28948.0545956377;17.932957;3.2226911
28953.0545955771;18.048342;3.2221899
28954.054595565;18.048342;3.2227411
28957.0545955287;18.055129;3.2221398
28958.0545955166;18.082277;3.2226911
28959.0545955045;18.099246;3.2220898
28982.054595226;18.061916;3.2224405
28983.0545952139;18.07549;3.2216887
28984.0545952018;17.956713;3.22229
28985.0545951897;18.01101;3.2225909
28986.0545951776;17.953318;3.2220395
29006.0545949354;17.990648;3.2217388
29007.0545949233;17.854904;3.2223403
29047.054594439;18.055129;3.2219894
29048.0545944269;17.960105;3.2214382
29059.0545942938;17.936352;3.2211876
29060.0545942817;18.00083;3.2220395
29061.0545942695;18.058523;3.2215383
29063.0545942453;18.044947;3.2211375
29064.0545942332;17.936352;3.2220898
29065.0545942211;17.994043;3.2214882
29070.0545941606;17.987256;3.2212377
29071.0545941485;17.953318;3.2219393
29072.0545941364;18.034766;3.2212377
29078.0545940637;18.041553;3.2216387
29079.0545940516;18.153545;3.2210872
29095.0545938579;18.106033;3.2215383
29096.0545938458;18.068703;3.2210371
29097.0545938337;18.068703;3.2217889
29098.0545938216;18.092457;3.2212877
29128.0545934584;17.970285;3.2211876
29129.0545934463;17.9635;3.220536
29138.0545933373;18.129791;3.2212377
29139.0545933252;18.082277;3.2206361
29147.0545932283;17.919381;3.2203856
29148.0545932162;17.943139;3.220937
29181.0545928167;17.970285;3.2205861
29182.0545928046;18.048342;3.2200849
29186.0545927561;17.987256;3.2207866
29187.054592744;18.01101;3.2202854
29188.0545927319;18.055129;3.2207866
29189.0545927198;18.065311;3.2202353
29202.0545925624;18.03816;3.2205861
29203.0545925503;18.007619;3.2200348
29204.0545925382;17.973682;3.2205861
29207.0545925019;18.041553;3.220536
29208.0545924898;18.092457;3.2200348
29232.0545921992;18.024586;3.2201853
29233.0545921871;18.089066;3.2196839
29245.0545920418;17.987256;3.2195837
29246.0545920297;17.997436;3.2202353
29253.054591945;18.024586;3.2194836
29254.0545919329;18.072098;3.2199848
29282.0545915939;18.007619;3.2196839
29283.0545915817;18.034766;3.2191827
29304.0545913275;18.004223;3.2198844
29305.0545913154;17.973682;3.2192831
29306.0545913033;17.946531;3.2190826
29307.0545912912;17.977074;3.2196338
29328.0545910369;17.987256;3.2195837
29329.0545910248;17.936352;3.2189825
29342.0545908674;18.119607;3.2189322
29343.0545908553;18.146758;3.2195837
29344.0545908432;18.078885;3.218832
29355.05459071;18.004223;3.2185814
29356.0545906979;18.014406;3.2190826
29382.0545903831;18.08567;3.2185814
29383.054590371;18.017799;3.2193332
29385.0545903468;17.994043;3.2190325
29386.0545903347;17.915988;3.2182808
29410.0545900441;17.973682;3.2187316
29411.054590032;18.106033;3.2181804
29417.0545899594;18.08567;3.2184811
29418.0545899473;18.055129;3.2178798
29440.0545896809;18.03816;3.2183309
29441.0545896688;18.07549;3.2177293
29472.0545892935;17.966895;3.2180803
29473.0545892814;18.061916;3.2175791
29484.0545891482;17.939744;3.2179799
29485.0545891361;18.034766;3.2172782
29519.0545887245;17.970285;3.2170277
29520.0545887123;17.932957;3.2177794
29565.0545881675;18.027979;3.2169776
29566.0545881554;17.990648;3.2164764
29570.054588107;18.082277;3.2171781
29571.0545880949;18.072098;3.216677
29592.0545878406;18.078885;3.216326
29593.0545878285;18.021193;3.2168775
29646.0545871868;18.08567;3.2159252
29647.0545871747;17.990648;3.2164764
29653.0545871021;18.095854;3.216326
29654.05458709;18.03816;3.2158248
29665.0545869568;18.092457;3.2156243
29666.0545869447;18.099246;3.2161257
29672.054586872;18.00083;3.2161758
29673.0545868599;18.01101;3.2156746
29681.0545867631;17.980469;3.2154741
29682.054586751;18.007619;3.2160254
29694.0545866057;18.099246;3.2154741
29695.0545865936;18.082277;3.2159753
29705.0545864725;18.034766;3.2158248
29706.0545864604;18.065311;3.2151735
29724.0545862425;18.021193;3.215023
29725.0545862304;17.977074;3.2155242
29757.0545858429;18.065311;3.2147224
29758.0545858308;18.119607;3.2153237
29767.0545857219;18.024586;3.2150731
29768.0545857098;18.00083;3.2145219
29806.0545852497;18.106033;3.2144718
29807.0545852376;18.061916;3.214973
29808.0545852255;18.089066;3.2143714
29814.0545851528;17.977074;3.2145219
29815.0545851407;18.099246;3.2140207
29816.0545851286;17.919381;3.2147224
29871.0545844627;18.01101;3.2139704
29872.0545844506;18.099246;3.2134192
29873.0545844385;18.03816;3.2140708
29878.054584378;18.129791;3.2138202
29879.0545843659;18.044947;3.2132688
29889.0545842448;18.034766;3.2138703
29890.0545842327;17.9635;3.2132688
29902.0545840874;18.065311;3.2137198
29903.0545840753;18.153545;3.2131186
29907.0545840269;17.987256;3.2137198
29908.0545840148;17.956713;3.2131686
29924.054583821;18.106033;3.212868
29925.0545838089;18.048342;3.2134192
29939.0545836394;17.973682;3.2128179
29940.0545836273;18.099246;3.2133691
29941.0545836152;18.106033;3.2128179
29948.0545835305;18.092457;3.212918
29949.0545835184;17.997436;3.2134192
29950.0545835062;18.078885;3.212918
29962.054583361;18.089066;3.2129681
29963.0545833489;18.03816;3.2124169
29964.0545833367;17.909201;3.2132187
29968.0545832883;17.994043;3.2130685
29969.0545832762;17.973682;3.212467
29971.054583252;18.021193;3.2123668
29972.0545832399;17.977074;3.212868
29973.0545832278;17.929563;3.2122664
29985.0545830825;17.966895;3.2124169
29986.0545830704;18.021193;3.2119157
30007.0545828161;17.987256;3.212868
30008.054582804;18.017799;3.2123165
30076.0545819807;18.048342;3.2112641
30077.0545819686;17.9635;3.2117653
30125.0545813875;18.017799;3.2106628
30126.0545813754;18.065311;3.2113643
30127.0545813633;18.082277;3.2108631
30143.0545811696;18.027979;3.2113142
30144.0545811575;18.03816;3.2105625
30150.0545810848;18.065311;3.2105124
30151.0545810727;18.07549;3.2110636
30194.0545805521;18.106033;3.2099612
30195.05458054;18.048342;3.210813
30224.0545801889;18.109428;3.2102618
30225.0545801768;18.072098;3.2095602
30229.0545801283;18.031373;3.2094097
30230.0545801162;18.014406;3.2099109
30283.0545794746;18.014406;3.2098107
30284.0545794624;18.058523;3.209059
30312.0545791234;18.01101;3.2087584
30313.0545791113;18.01101;3.2093096
30314.0545790992;17.973682;3.2092092
30315.0545790871;18.116215;3.2085578
30361.0545785302;18.065311;3.2081568
30362.0545785181;18.139971;3.208658
30374.0545783728;17.973682;3.2079563
30375.0545783607;18.007619;3.2085075
30400.054578058;18.078885;3.2082069
30401.0545780459;18.143363;3.207355
30402.0545780338;18.044947;3.2078562
30413.0545779006;17.994043;3.2081568
30414.0545778885;18.021193;3.2074051
30415.0545778764;18.058523;3.2079563
30416.0545778643;18.024586;3.2071545
30417.0545778522;17.983861;3.2076557
30418.0545778401;17.966895;3.2076056
30419.054577828;18.048342;3.2081068
30433.0545776585;17.9635;3.2076557
30434.0545776464;18.007619;3.2070541
30435.0545776343;18.068703;3.2077057
30450.0545774527;18.082277;3.206954
30451.0545774405;18.055129;3.2074552
30457.0545773679;17.987256;3.2071545
30458.0545773558;18.072098;3.2076557
30459.0545773437;18.139971;3.2067034
30528.0545765083;17.990648;3.2061019
30529.0545764962;18.078885;3.2066031
30555.0545761814;18.153545;3.2065029
30556.0545761693;18.055129;3.2059517
30649.0545750433;18.07549;3.2053001
30650.0545750312;18.007619;3.2046485
30651.0545750191;18.184088;3.20525
30741.0545739295;18.078885;3.2038467
30742.0545739174;18.153545;3.2045484
30743.0545739052;17.960105;3.2035961
30744.0545738931;17.987256;3.2041473
30769.0545735905;18.061916;3.2040472
30770.0545735784;18.061916;3.203546
30774.0545735299;17.929563;3.2034957
30775.0545735178;17.92617;3.2041473
30776.0545735057;17.939744;3.2040472
30777.0545734936;18.024586;3.203546
30805.0545731546;18.187482;3.2034457
30806.0545731425;18.044947;3.2028944
30811.054573082;18.068703;3.2036462
30812.0545730698;18.133182;3.203145
30818.0545729972;18.00083;3.2029445
30819.0545729851;18.034766;3.203546
30829.054572864;18.061916;3.2029445
30830.0545728519;18.072098;3.2034957
30831.0545728398;17.9635;3.2034457
30832.0545728277;18.078885;3.202744
30833.0545728156;18.048342;3.2032452
30866.0545724161;18.061916;3.2029445
30867.054572404;18.027979;3.2024434
30911.0545718712;17.956713;3.2023933
30912.0545718591;18.03816;3.2018921
30921.0545717502;18.048342;3.2023432
30922.0545717381;18.08567;3.2018418
30961.0545712659;18.143363;3.2018921
30962.0545712538;18.017799;3.2013407
30963.0545712417;18.024586;3.2019923
30964.0545712296;18.184088;3.201441
30967.0545711932;17.990648;3.2018418
30968.0545711811;17.966895;3.2011905
30969.054571169;18.092457;3.2018418
30974.0545711085;18.133182;3.2012906
30975.0545710964;18.07549;3.2019422
30976.0545710843;18.116215;3.2011905
31027.0545704668;18.082277;3.2007394
31028.0545704547;18.00083;3.2012906
31040.0545703094;17.960105;3.20099
31041.0545702973;18.082277;3.2003384
31042.0545702852;18.129791;3.2008896
31047.0545702247;18.007619;3.20104
31048.0545702126;17.983861;3.2005389
31051.0545701762;18.136576;3.2004387
31052.0545701641;18.089066;3.2011905
31065.0545700067;18.014406;3.2002883
31066.0545699946;18.014406;3.2009399
31097.0545696193;18.078885;3.2004387
31098.0545696072;18.068703;3.1999373
31116.0545693893;17.932957;3.1999373
31117.0545693772;18.068703;3.2007394
31118.054569365;17.970285;3.1998873
31150.0545689776;17.977074;3.1995866
31151.0545689655;18.095854;3.2001882
31152.0545689534;18.048342;3.1995866
31172.0545687113;18.095854;3.199286
31173.0545686992;18.065311;3.1997871
31176.0545686628;18.031373;3.1997371
31177.0545686507;18.041553;3.1992359
31203.0545683359;17.875264;3.1994865
31204.0545683238;18.143363;3.198935
31208.0545682754;18.061916;3.1992359
31209.0545682633;18.106033;3.1987345
31222.0545681059;18.109428;3.198885
31223.0545680938;18.024586;3.1994362
31237.0545679243;18.031373;3.1986845
31238.0545679122;17.983861;3.1993361
31239.0545679001;17.997436;3.1985843
31240.054567888;18.082277;3.1985343
31241.0545678759;18.065311;3.1990354
31250.0545677669;18.058523;3.198935
31251.0545677548;18.014406;3.1983838
31255.0545677064;18.082277;3.1983337
31256.0545676943;17.997436;3.1990354
31257.0545676821;18.041553;3.1987848
31258.05456767;18.007619;3.1982837
31268.054567549;18.034766;3.1987848
31269.0545675369;17.987256;3.1982334
31282.0545673795;18.11282;3.1982334
31283.0545673674;18.082277;3.1987345
31284.0545673553;18.03816;3.1983838
31285.0545673431;18.027979;3.1978827
31287.0545673189;17.9635;3.1980832
31288.0545673068;18.055129;3.1985843
31304.0545671131;18.00083;3.1979327
31305.054567101;17.966895;3.1984339
31306.0545670889;17.909201;3.1979327
31311.0545670284;18.065311;3.1978326
31312.0545670163;18.034766;3.1983337
31313.0545670041;17.997436;3.1984339
31314.054566992;18.143363;3.1979327
31356.0545664835;18.034766;3.1976821
31357.0545664714;18.07549;3.197181
31363.0545663988;18.021193;3.1977322
31364.0545663867;17.854904;3.1972311
31368.0545663382;18.024586;3.1972311
31369.0545663261;18.024586;3.1977823
31404.0545659024;17.953318;3.197181
31405.0545658903;17.929563;3.1966298
31417.054565745;18.07549;3.1966298
31418.0545657329;18.055129;3.1971309
31419.0545657208;18.146758;3.1965795
31430.0545655876;17.970285;3.1963289
31431.0545655755;18.095854;3.1969304
31446.0545653939;18.058523;3.1963289
31447.0545653818;18.044947;3.19683
31466.0545651517;18.034766;3.1960282
31467.0545651396;18.058523;3.19683
31472.0545650791;18.024586;3.1958778
31473.054565067;18.058523;3.1965294
31478.0545650065;18.055129;3.1959782
31479.0545649944;18.034766;3.1964793
31489.0545648733;17.946531;3.1957276
31490.0545648612;18.08567;3.1962788
31498.0545647643;18.031373;3.1957777
31499.0545647522;18.03816;3.1963289
31505.0545646796;18.119607;3.1958277
31506.0545646675;17.987256;3.1963289
31507.0545646553;17.932957;3.1955271
31516.0545645464;18.078885;3.1960282
31517.0545645343;17.977074;3.1955271
31538.05456428;18.055129;3.1956272
31539.0545642679;17.987256;3.195076
31560.0545640137;17.983861;3.195477
31561.0545640016;18.058523;3.1949255
31563.0545639773;18.061916;3.195477
31564.0545639652;18.058523;3.1948755
31579.0545637836;17.902414;3.1953766
31580.0545637715;17.997436;3.1948254
31589.0545636626;18.11282;3.194675
31590.0545636505;18.089066;3.1952765
31625.0545632267;18.099246;3.1946249
31626.0545632146;17.977074;3.1940236
31627.0545632025;18.024586;3.1947753
31653.0545628877;18.082277;3.1941237
31654.0545628756;17.973682;3.1946249
31655.0545628635;17.960105;3.1941237
31684.0545625124;17.966895;3.1938732
31685.0545625003;17.997436;3.1932216
31686.0545624882;18.07549;3.193773
31695.0545623792;17.841328;3.1938732
31696.0545623671;17.966895;3.1933219
31705.0545622581;18.078885;3.1934221
31706.054562246;18.126395;3.1939733
31707.0545622339;17.973682;3.1930714
31708.0545622218;18.004223;3.193773
31722.0545620523;18.08567;3.1936727
31723.0545620402;18.082277;3.1931214
31753.054561677;18.072098;3.193372
31754.0545616649;18.065311;3.1927705
31788.0545612532;18.024586;3.1922693
31789.0545612411;18.11282;3.1927705
31793.0545611927;18.099246;3.1919687
31794.0545611806;18.024586;3.1925199
31806.0545610353;18.03816;3.1924198
31807.0545610232;18.041553;3.1919186
31814.0545609384;18.123002;3.1924198
31815.0545609263;17.970285;3.1919186
31833.0545607084;17.994043;3.1920688
31834.0545606963;18.034766;3.1915677
31835.0545606842;18.048342;3.1921692
31840.0545606237;18.102641;3.1914675
31841.0545606115;18.102641;3.1919687
31857.0545604178;18.048342;3.1914675
31858.0545604057;17.994043;3.1919687
31860.0545603815;18.055129;3.1917682
31861.0545603694;18.014406;3.191267
31864.0545603331;17.994043;3.1919186
31865.054560321;18.041553;3.1914175
31886.0545600667;18.058523;3.1912169
31887.0545600546;17.953318;3.1906657
31891.0545600062;18.061916;3.1915176
31892.0545599941;18.051734;3.1910164
31896.0545599457;17.953318;3.1914175
31897.0545599335;18.136576;3.1907659
31935.0545594735;18.021193;3.1908159
31936.0545594614;18.092457;3.1902647
31945.0545593524;18.031373;3.1903648
31946.0545593403;17.997436;3.190866
31947.0545593282;18.03816;3.1901643
31948.0545593161;18.11282;3.1905653
31949.054559304;17.892234;3.1900642
31979.0545589408;18.190875;3.1904149
31980.0545589286;17.987256;3.1897635
31992.0545587834;17.946531;3.1899641
31993.0545587713;18.099246;3.1894627
32031.0545583112;18.072098;3.1890118
32032.0545582991;18.126395;3.189563
32043.0545581659;18.116215;3.1893125
32044.0545581538;18.021193;3.1888113
32100.0545574758;17.980469;3.1886108
32101.0545574637;18.03816;3.1880596
32103.0545574395;18.068703;3.1883101
32104.0545574274;18.089066;3.1877086
32105.0545574152;18.058523;3.1882598
32122.0545572094;18.017799;3.1882598
32123.0545571973;18.072098;3.1876585
32125.0545571731;18.007619;3.1879592
32126.054557161;17.990648;3.187408
32127.0545571489;17.997436;3.1880596
32135.054557052;18.007619;3.1881597
32136.0545570399;18.044947;3.1876085
32144.0545569431;18.07549;3.1875081
32145.054556931;18.065311;3.1869068
32146.0545569189;18.034766;3.1875081
32148.0545568946;18.027979;3.1872075
32149.0545568825;17.9635;3.1877086
32162.0545567251;18.058523;3.1876085
32163.054556713;18.017799;3.187057
32164.0545567009;18.03816;3.1876585
32165.0545566888;18.031373;3.1867063
32180.0545565072;17.994043;3.1872075
32181.0545564951;18.00083;3.1866059
32202.0545562409;18.021193;3.1862552
32203.0545562287;17.9635;3.1869068
32241.0545557687;18.004223;3.1861048
32242.0545557566;18.058523;3.1854534
32243.0545557445;18.092457;3.1863554
32251.0545556476;18.099246;3.1856036
32252.0545556355;17.987256;3.1861551
32274.0545553691;18.03816;3.1856036
32275.054555357;18.156938;3.1850524
32276.0545553449;17.966895;3.1856036
32329.0545547032;17.994043;3.1844509
32330.0545546911;17.994043;3.1850023
32346.0545544974;18.173906;3.1842506
32347.0545544853;18.024586;3.1836491
32348.0545544732;18.08567;3.1842506
32357.0545543642;17.943139;3.1844008
32358.0545543521;18.014406;3.1838996
32360.0545543279;18.021193;3.1846013
32361.0545543158;18.044947;3.184
32367.0545542432;18.133182;3.1841002
32368.0545542311;17.946531;3.1834486
32370.0545542068;18.072098;3.183599
32371.0545541947;18.01101;3.1841502
32373.0545541705;18.119607;3.1833484
32374.0545541584;18.095854;3.1838996
32375.0545541463;18.014406;3.1833985
32376.0545541342;17.980469;3.1841502
32377.0545541221;17.892234;3.1835489
32419.0545536136;18.027979;3.1830978
32420.0545536015;18.031373;3.1825464
32434.054553432;18.129791;3.1830478
32435.0545534199;18.072098;3.1825464
32452.0545532141;18.058523;3.1819952
32453.0545532019;18.048342;3.1825464
32463.0545530809;18.024586;3.1819952
32464.0545530688;17.977074;3.1824963
32486.0545528024;17.936352;3.1815441
32487.0545527903;18.051734;3.1820955
32565.0545518459;17.977074;3.1801407
32566.0545518338;18.014406;3.1807423
32567.0545518217;18.03816;3.180191
32576.0545517128;17.960105;3.1802411
32577.0545517007;18.139971;3.17974
32578.0545516885;18.031373;3.1804416
32592.054551519;18.044947;3.1796896
32593.0545515069;17.960105;3.1804416
32594.0545514948;17.943139;3.1798401
32641.0545509258;18.07549;3.1787374
32642.0545509137;18.133182;3.179389
32667.054550611;18.139971;3.1789379
32668.0545505989;18.08567;3.1783867
32672.0545505505;18.065311;3.1781862
32673.0545505384;18.00083;3.1787374
32688.0545503568;18.133182;3.1782866
32689.0545503446;18.014406;3.1787877
32693.0545502962;17.994043;3.1786873
32694.0545502841;18.07549;3.1781862
32735.0545497877;18.051734;3.1779356
32736.0545497756;18.051734;3.1773844
32738.0545497514;18.11282;3.1779356
32739.0545497393;18.03816;3.1773844
32758.0545495093;18.017799;3.1771839
32759.0545494971;18.055129;3.177685
32768.0545493891;18.078885;3.1768832
32769.054549391;18.03816;3.1773844
32779.0545494096;18.089066;3.1768832
32780.0545494115;18.072098;3.1773844
32781.0545494133;18.082277;3.1768832
32819.0545494841;18.034766;3.1769333
32820.054549486;17.997436;3.1764321
32822.0545494897;17.997436;3.1760812
32823.0545494916;17.949926;3.1765823
32883.0545496033;18.017799;3.1762817
32884.0545496052;18.095854;3.17553
32895.0545496257;18.099246;3.175931
32896.0545496275;17.990648;3.1753795
32899.0545496331;18.021193;3.175981
32900.054549635;18.08567;3.1753795
32904.0545496424;17.987256;3.175931
32905.0545496443;18.058523;3.1753294
32914.0545496611;18.061916;3.1754799
32915.0545496629;17.980469;3.1760311
33025.0545498678;18.156938;3.1746278
33026.0545498697;18.017799;3.1751289
33056.0545499256;17.949926;3.1747782
33057.0545499274;18.021193;3.1742268
33068.0545499479;18.089066;3.1747782
33069.0545499498;18.109428;3.1741767
33096.0545500001;17.9635;3.173876
33097.0545500019;18.082277;3.1744776
33101.0545500094;18.058523;3.1739762
33102.0545500112;18.007619;3.1744776
33107.0545500205;18.109428;3.1739261
33108.0545500224;18.092457;3.1744273
33122.0545500485;18.092457;3.1739762
33123.0545500503;18.048342;3.1745777
33124.0545500522;18.092457;3.1739261
33143.0545500876;18.014406;3.1743271
33144.0545500895;17.878658;3.173826
33168.0545501342;18.177301;3.1735754
33169.054550136;18.058523;3.1740766
33180.0545501565;18.027979;3.173826
33181.0545501584;18.065311;3.1732244
33199.0545501919;17.983861;3.1732244
33200.0545501938;18.027979;3.1737759
33210.0545502124;18.106033;3.1731744
33211.0545502143;18.072098;3.1737759
33212.0545502161;17.9635;3.1731744
33217.0545502254;18.014406;3.1733248
33218.0545502273;18.048342;3.173876
33219.0545502292;18.102641;3.1732244
33232.0545502534;18.072098;3.1730742
33233.0545502552;17.895627;3.1739261
33234.0545502571;17.912596;3.1731744
33235.054550259;17.868477;3.1735253
33236.0545502608;18.021193;3.1727734
33237.0545502627;17.912596;3.1733749
33254.0545502944;18.068703;3.1732244
33255.0545502962;18.021193;3.1737256
33256.0545502981;18.03816;3.1731744
33264.054550313;18.078885;3.1733248
33265.0545503148;18.03816;3.1728237
33266.0545503167;17.960105;3.173425
33267.0545503186;18.027979;3.1728737
33269.0545503223;18.044947;3.1732244
33270.0545503242;18.07549;3.1727233
33290.0545503614;17.953318;3.1729238
33291.0545503633;18.007619;3.173475
33320.0545504173;17.960105;3.1726232
33321.0545504192;18.058523;3.1731243
33332.0545504396;18.051734;3.1732244
33333.0545504415;18.068703;3.1726732
33334.0545504434;18.078885;3.1725228
33335.0545504452;18.119607;3.1731243
33336.0545504471;18.034766;3.1726232
33359.0545504899;17.980469;3.1729238
33360.0545504918;18.048342;3.1723726
33378.0545505253;17.973682;3.1728237
33379.0545505272;17.912596;3.172122
33380.054550529;17.858297;3.1729739
33382.0545505328;18.017799;3.1728737
33383.0545505346;18.058523;3.1723726
33390.0545505477;18.031373;3.1724226
33391.0545505495;18.07549;3.1729238
33396.0545505589;18.078885;3.1727233
33397.0545505607;18.017799;3.1722221
33399.0545505644;18.092457;3.1728237
33400.0545505663;18.089066;3.1723223
33403.0545505719;18.089066;3.1725731
33404.0545505738;18.106033;3.1720216
33420.0545506036;18.072098;3.1725731
33421.0545506054;18.106033;3.1720216
33433.0545506278;17.92617;3.1720717
33434.0545506296;18.08567;3.1727233
33435.0545506315;18.017799;3.1725228
33436.0545506334;17.939744;3.1720216
33438.0545506371;17.936352;3.1719215
33439.0545506389;17.902414;3.1725228
33481.0545507172;18.11282;3.171771
33482.054550719;18.061916;3.1723223
33505.0545507619;18.027979;3.1718211
33506.0545507637;17.973682;3.1723223
33531.0545508103;18.021193;3.1722722
33532.0545508122;18.109428;3.171771
33580.0545509016;17.892234;3.1716208
33581.0545509034;18.01101;3.1711195
33582.0545509053;17.970285;3.1719215
33585.0545509109;18.007619;3.1719215
33586.0545509128;17.9635;3.1711698
33587.0545509146;18.034766;3.1716709
33622.0545509798;17.973682;3.171771
33623.0545509817;18.007619;3.1711698
33628.054550991;17.9635;3.1712699
33629.0545509928;18.004223;3.1718714
33656.0545510431;17.997436;3.1714203
33657.054551045;17.929563;3.1719215
33658.0545510469;17.953318;3.1710694
33661.0545510525;18.014406;3.1710193
33662.0545510543;17.871871;3.1716208
33665.0545510599;18.017799;3.1715205
33666.0545510618;18.031373;3.1710193
33668.0545510655;17.973682;3.1714704
33669.0545510674;18.048342;3.1709192
33678.0545510841;18.102641;3.17137
33679.054551086;18.00083;3.1708689
33682.0545510916;18.041553;3.17137
33683.0545510934;17.943139;3.1707687
33691.0545511083;18.092457;3.1709192
33692.0545511102;18.177301;3.1714704
33700.0545511251;17.960105;3.1712198
33701.054551127;17.892234;3.1706183
33745.0545512089;18.021193;3.1704178
33746.0545512108;17.970285;3.1710694
33818.0545513449;18.078885;3.1701171
33819.0545513468;18.082277;3.1706686
33832.054551371;17.966895;3.1706183
33833.0545513728;17.997436;3.1701171
33835.0545513766;18.146758;3.1705682
33836.0545513784;18.095854;3.1700671
33844.0545513933;18.109428;3.1705682
33845.0545513952;18.034766;3.170017
33883.054551466;17.997436;3.1702175
33884.0545514678;18.133182;3.169616
33897.054551492;18.116215;3.1703176
33898.0545514939;18.068703;3.1698165
33901.0545514995;18.021193;3.1702676
33902.0545515013;17.977074;3.1697164
33911.0545515181;18.01101;3.1697164
33912.05455152;17.966895;3.1702676
33940.0545515721;18.221418;3.1698666
33941.054551574;17.905809;3.1693654
33944.0545515796;17.943139;3.1701171
33945.0545515814;18.03816;3.1695659
33984.0545516541;18.065311;3.1697664
33985.0545516559;17.983861;3.1691649
33994.0545516727;18.061916;3.1698165
33995.0545516746;18.048342;3.1693153
33998.0545516802;18.119607;3.1697164
33999.054551682;18.106033;3.1691148
34000.0545516839;18.041553;3.169616
34008.0545516988;18.044947;3.1692653
34009.0545517007;18.024586;3.1697664
34030.0545517398;18.03816;3.1687138
34031.0545517416;18.109428;3.1693153
34044.0545517658;18.044947;3.1688643
34045.0545517677;17.919381;3.1694155
34064.0545518031;18.163725;3.1687641
34065.054551805;18.024586;3.1692653
34093.0545518571;18.109428;3.1690648
34094.054551859;18.065311;3.1685636
34127.0545519204;17.895627;3.1690147
34128.0545519223;17.960105;3.1685133
34129.0545519242;18.004223;3.1685133
34130.054551926;18.017799;3.1690147
34147.0545519577;18.106033;3.1683631
34148.0545519596;17.977074;3.1688643
34190.0545520378;17.922775;3.1685636
34191.0545520397;18.017799;3.1680121
34192.0545520415;17.980469;3.1686137
34198.0545520527;18.01101;3.1685636
34199.0545520546;18.08567;3.1680624
34225.054552103;17.994043;3.1676114
34226.0545521048;18.106033;3.1683631
34253.0545521551;17.932957;3.1682127
34254.054552157;17.983861;3.1677115
34255.0545521589;17.878658;3.1682627
34287.0545522185;18.099246;3.1674609
34288.0545522203;18.136576;3.1681626
34289.0545522222;18.106033;3.1672604
34309.0545522594;17.973682;3.1678119
34310.0545522613;18.01101;3.1672103
34311.0545522632;17.980469;3.1677616
34326.0545522911;18.007619;3.1672103
34327.054552293;18.068703;3.1677115
34328.0545522948;18.03816;3.1672103
34352.0545523395;18.068703;3.1674609
34353.0545523414;18.03816;3.1669097
34406.0545524401;17.9635;3.1669598
34407.054552442;18.139971;3.1664586
34408.0545524438;18.055129;3.1671603
34410.0545524476;18.027979;3.1664586
34411.0545524494;18.089066;3.1669598
34412.0545524513;18.102641;3.1664586
34480.054552578;18.004223;3.1661077
34481.0545525798;18.055129;3.1666591
34490.0545525966;18.027979;3.1659575
34491.0545525984;18.044947;3.1664586
34492.0545526003;18.058523;3.1659074
34595.0545527922;17.997436;3.1656566
34596.054552794;18.065311;3.1651554
34623.0545528443;17.960105;3.1654563
34624.0545528462;18.180695;3.1648548
34634.0545528648;18.007619;3.1651053
34635.0545528667;18.034766;3.1646042
34647.054552889;17.932957;3.1648548
34648.0545528909;18.034766;3.1643035
34649.0545528927;17.922775;3.1648548
34653.0545529002;18.109428;3.1652057
34654.0545529021;18.061916;3.1646543
34655.0545529039;18.058523;3.1652057
34675.0545529412;18.061916;3.1644037
34676.054552943;18.034766;3.1649048
34677.0545529449;18.024586;3.1644037
34710.0545530064;17.912596;3.1644537
34711.0545530082;17.977074;3.1637521
34712.0545530101;17.949926;3.1644037
34731.0545530455;18.051734;3.1644537
34732.0545530473;18.058523;3.1639526
34742.054553066;17.970285;3.1640029
34743.0545530678;18.034766;3.1635015
34744.0545530697;18.11282;3.164103
34807.054553187;17.943139;3.1630507
34808.0545531889;18.034766;3.1636519
34821.0545532131;18.051734;3.1632009
34822.054553215;18.068703;3.1626997
34842.0545532522;18.072098;3.1630003
34843.0545532541;18.129791;3.1624992
34862.0545532895;18.034766;3.1622486
34863.0545532914;18.061916;3.1627498
34893.0545533472;17.994043;3.1624491
34894.0545533491;18.08567;3.1618979
34928.0545534124;18.123002;3.1612964
34929.0545534143;17.902414;3.161948
34948.0545534497;18.007619;3.1616473
34949.0545534515;18.095854;3.1610458
34950.0545534534;18.004223;3.1616974
34953.054553459;17.9635;3.1611962
34954.0545534609;18.068703;3.161948
34955.0545534627;17.994043;3.161597
34956.0545534646;18.024586;3.1610959
34959.0545534702;18.11282;3.1608453
34960.054553472;18.089066;3.1614969
34974.0545534981;18.00083;3.1613464
34975.0545535;18.055129;3.1607952
34976.0545535018;18.004223;3.1612463
34977.0545535037;18.055129;3.1606448
35011.054553567;18.014406;3.1601939
35012.0545535689;18.095854;3.1606951
35029.0545536006;18.089066;3.159893
35030.0545536024;18.024586;3.1603942
35065.0545536676;17.953318;3.1592417
35066.0545536695;17.9635;3.1599431
35092.0545537179;18.106033;3.1593919
35093.0545537198;18.058523;3.1587906
35098.0545537291;18.024586;3.1592917
35099.0545537309;18.051734;3.1587906
35100.0545537328;18.007619;3.1593418
35115.0545537607;18.095854;3.1583896
35116.0545537626;18.072098;3.1590412
35120.0545537701;18.102641;3.1586401
35121.0545537719;18.082277;3.158139
35122.0545537738;18.021193;3.1586902
35123.0545537756;18.031373;3.1589408
35124.0545537775;18.072098;3.1582391
35125.0545537794;18.017799;3.1589909
35126.0545537812;18.007619;3.1584897
35138.0545538036;18.082277;3.1585901
35139.0545538054;18.027979;3.1579885
35140.0545538073;18.109428;3.1579385
35141.0545538092;18.024586;3.1584396
35142.054553811;17.987256;3.1579385
35182.0545538855;18.004223;3.1569362
35183.0545538874;18.017799;3.1574373
35187.0545538948;18.014406;3.1569862
35188.0545538967;17.990648;3.1574874
35195.0545539097;18.143363;3.1567357
35196.0545539116;18.014406;3.1574373
35197.0545539135;17.994043;3.1568861
35209.0545539358;17.987256;3.1564851
35210.0545539377;18.01101;3.1570864
35216.0545539489;18.106033;3.1565852
35217.0545539507;18.078885;3.156034
35223.0545539619;17.919381;3.1563849
35224.0545539638;17.987256;3.1568861
35225.0545539656;18.014406;3.1561844
35241.0545539954;18.014406;3.1561341
35242.0545539973;17.980469;3.1555328
35254.0545540196;18.089066;3.1552823
35255.0545540215;18.092457;3.1559839
35276.0545540606;18.03816;3.154731
35277.0545540625;18.017799;3.1552322
35278.0545540643;18.034766;3.154731
35282.0545540718;18.08567;3.1550817
35283.0545540737;17.943139;3.1545806
35287.0545540811;18.021193;3.1544802
35288.054554083;18.041553;3.1550817
35299.0545541035;18.116215;3.1547811
35300.0545541053;18.051734;3.1542296
35337.0545541742;18.08567;3.153528
35338.0545541761;18.194268;3.1528265
35339.054554178;18.170514;3.153528
35361.0545542189;18.078885;3.1526761
35362.0545542208;18.004223;3.1521749
35371.0545542376;18.078885;3.1524756
35372.0545542394;18.139971;3.1518743
35388.0545542692;18.004223;3.1516738
35389.0545542711;18.11282;3.1508718
35390.054554273;18.024586;3.1515734
35415.0545543195;18.051734;3.1501701
35416.0545543214;18.099246;3.1507716
35434.0545543549;18.109428;3.15007
35435.0545543568;17.949926;3.1495187
35438.0545543624;18.031373;3.1492682
35439.0545543642;18.065311;3.1497693
35477.054554435;18.065311;3.147965
35478.0545544369;17.987256;3.1473134
35479.0545544387;18.014406;3.1478145
35505.0545544872;18.099246;3.146261
35506.054554489;17.943139;3.1467621
35512.0545545002;17.997436;3.1461105
35513.0545545021;18.092457;3.146662
35514.0545545039;18.061916;3.1460605
35522.0545545188;18.109428;3.1454089
35523.0545545207;18.078885;3.14591
35524.0545545226;18.004223;3.1454089
35544.0545545598;18.017799;3.1449077
35545.0545545617;18.048342;3.1443565
35551.0545545729;18.017799;3.1446071
35552.0545545747;18.068703;3.1440558
35558.0545545859;18.03816;3.1439054
35559.0545545878;18.017799;3.1434042
35573.0545546138;17.997436;3.1433542
35574.0545546157;18.021193;3.1426525
35585.0545546362;18.007619;3.1420009
35586.054554638;18.024586;3.1425021
35603.0545546697;18.102641;3.1410487
35604.0545546716;17.987256;3.1417003
35605.0545546734;17.956713;3.1408482
35607.0545546772;18.004223;3.1411488
35608.054554679;17.956713;3.1403971
35612.0545546865;18.119607;3.1407981
35613.0545546883;17.994043;3.1402969
35614.0545546902;18.027979;3.1409485
35615.0545546921;18.014406;3.1402969
35621.0545547032;18.031373;3.1402469
35622.0545547051;18.061916;3.1396954
35642.0545547424;18.024586;3.1389937
35643.0545547442;18.07549;3.1384926
35644.0545547461;18.092457;3.1388936
35645.0545547479;17.960105;3.1383424
35738.0545549212;18.143363;3.132278
35739.054554923;18.109428;3.1317768
35757.0545549566;18.058523;3.1310251
35758.0545549584;18.034766;3.1303234
35772.0545549845;18.014406;3.1300228
35773.0545549864;18.139971;3.1295216
35786.0545550106;17.977074;3.1283689
35787.0545550124;18.068703;3.12887
35791.0545550199;18.068703;3.1286695
35792.0545550217;18.078885;3.1281683
35794.0545550255;18.024586;3.1280682
35795.0545550273;18.048342;3.1275167
35807.0545550497;17.919381;3.127116
35808.0545550516;18.00083;3.1265645
35851.0545551316;17.919381;3.1230061
35852.0545551335;17.953318;3.1235576
35880.0545551857;18.089066;3.1214025
35881.0545551875;18.048342;3.120851
35892.054555208;18.061916;3.1204503
35893.0545552099;18.08567;3.1195481
35901.0545552248;18.109428;3.1195481
35902.0545552266;18.024586;3.1188464
35911.0545552434;18.102641;3.1180444
35912.0545552453;18.082277;3.1185458
35914.054555249;18.092457;3.1185958
35915.0545552509;18.07549;3.1179442
35920.0545552602;18.021193;3.1180444
35921.054555262;18.139971;3.1175432
35941.0545552993;18.044947;3.1161902
35942.0545553011;18.044947;3.1156387
35959.0545553328;18.099246;3.1144359
35960.0545553347;18.051734;3.1139348
35968.0545553496;18.099246;3.1132331
35969.0545553514;18.00083;3.1139348
35970.0545553533;18.061916;3.1132331
35973.0545553589;18.007619;3.112782
35974.0545553608;18.041553;3.1133335
35975.0545553626;18.017799;3.1128323
35984.0545553794;18.051734;3.1123309
35985.0545553812;18.055129;3.1117797
35992.0545553943;17.997436;3.111479
35993.0545553961;18.021193;3.1109779
36018.0545554427;18.051734;3.1088228
36019.0545554446;18.014406;3.109324
36020.0545554464;18.027979;3.1082714
36021.0545554483;18.048342;3.1088729
36025.0545554557;18.082277;3.1085722
36026.0545554576;18.058523;3.1080208
36053.0545555079;18.048342;3.1060162
36054.0545555098;18.11282;3.1054649
36058.0545555172;18.089066;3.1054146
36059.0545555191;18.027979;3.1048634
36060.0545555209;17.977074;3.1052644
36061.0545555228;18.055129;3.1047633
36064.0545555284;18.00083;3.1049635
36065.0545555303;18.095854;3.1043122
36085.0545555675;17.922775;3.1029589
36086.0545555694;17.987256;3.1023073
36114.0545556215;18.051734;3.1002526
36115.0545556234;18.01101;3.099601
36117.0545556271;18.017799;3.0992501
36118.054555629;18.034766;3.0997515
36146.0545556811;17.977074;3.0971453
36147.054555683;17.980469;3.0966439
36158.0545557035;18.027979;3.095742
36159.0545557053;18.061916;3.0952408
36164.0545557147;18.143363;3.095391
36165.0545557165;17.915988;3.0948398
36172.0545557296;18.021193;3.0942886
36173.0545557314;18.034766;3.0936871
36178.0545557407;18.106033;3.0936871
36179.0545557426;17.990648;3.0931358
36196.0545557743;17.994043;3.0922337
36197.0545557761;17.966895;3.0914819
36246.0545558674;17.994043;3.0868208
36247.0545558693;18.024586;3.0863197
36251.0545558767;18.11282;3.0864201
36252.0545558786;18.048342;3.0859187
36254.0545558823;18.109428;3.0863197
36255.0545558842;17.956713;3.0856681
36295.0545559587;18.051734;3.081759
36296.0545559605;18.082277;3.0812578
36309.0545559847;18.044947;3.0801051
36310.0545559866;18.068703;3.0795035
36315.0545559959;18.15015;3.0794034
36316.0545559978;18.099246;3.0787518
36319.0545560034;18.034766;3.0792029
36320.0545560052;17.956713;3.0787017
36323.0545560108;18.051734;3.0787518
36324.0545560127;18.082277;3.0781004
36333.0545560294;18.061916;3.077599
36334.0545560313;18.129791;3.0770478
36337.0545560369;18.099246;3.0769978
36338.0545560388;17.977074;3.0763962
36354.0545560686;18.021193;3.0753438
36355.0545560704;17.970285;3.0747926
36363.0545560853;17.953318;3.0741911
36364.0545560872;18.041553;3.0735898
36385.0545561263;18.167119;3.0717354
36386.0545561282;17.929563;3.0712342
36394.0545561431;18.095854;3.0707331
36395.0545561449;18.024586;3.0701816
36412.0545561766;17.919381;3.0689788
36413.0545561785;18.041553;3.0684776
36414.0545561803;18.055129;3.0685277
36415.0545561822;18.004223;3.067776
36416.054556184;18.034766;3.0681269
36417.0545561859;18.058523;3.0675254
36419.0545561896;18.017799;3.0682271
36420.0545561915;18.082277;3.0676758
36430.0545562101;18.123002;3.0666232
36431.054556212;18.187482;3.066072
36441.0545562306;18.099246;3.0652702
36442.0545562325;18.106033;3.0646687
36456.0545562585;17.912596;3.0637665
36457.0545562604;17.973682;3.0630648
36464.0545562734;18.004223;3.0625136
36465.0545562753;18.051734;3.0620124
36483.0545563088;18.00083;3.0603585
36484.0545563107;17.953318;3.0598574
36493.0545563275;18.119607;3.0592058
36494.0545563293;18.078885;3.0587046
36495.0545563312;18.014406;3.0582035
36496.0545563331;17.983861;3.0587046
36505.0545563498;18.119607;3.0576019
36506.0545563517;18.01101;3.0571008
36523.0545563833;18.089066;3.0555472
36524.0545563852;18.01101;3.0550461
36527.0545563908;18.034766;3.0550961
36528.0545563927;18.041553;3.0543444
36533.054556402;18.072098;3.054194
36534.0545564038;17.943139;3.0536427
36543.0545564206;18.051734;3.0529912
36544.0545564225;18.065311;3.0523899
36555.0545564429;18.007619;3.0516882
36556.0545564448;17.936352;3.0506356
36570.0545564709;17.970285;3.0489817
36571.0545564727;17.987256;3.0495832
36581.0545564914;18.007619;3.0481799
36582.0545564932;18.021193;3.0474782
36592.0545565119;17.949926;3.0467265
36593.0545565137;18.11282;3.0462253
36601.0545565286;18.065311;3.0457742
36602.0545565305;18.03816;3.0452228
36611.0545565473;18.07549;3.044421
36612.0545565491;18.072098;3.0439198
36615.0545565547;18.119607;3.0439699
36616.0545565566;17.92617;3.0434687
36644.0545566087;17.970285;3.0403113
36645.0545566106;17.949926;3.0396097
36651.0545566218;18.153545;3.0394092
36652.0545566236;18.11282;3.0387576
36656.0545566311;17.977074;3.038507
36657.0545566329;18.065311;3.0378554
36669.0545566553;18.03816;3.036803
36670.0545566572;18.065311;3.0361013
36674.0545566646;18.119607;3.0362518
36675.0545566665;18.03816;3.0357506
36685.0545566851;18.15015;3.0349486
36686.054556687;17.848115;3.0338962
36699.0545567112;18.031373;3.0328436
36700.054556713;18.099246;3.0322924
36704.0545567205;18.065311;3.0321419
36705.0545567223;18.051734;3.0316408
36737.0545567819;18.031373;3.0272806
36738.0545567838;18.034766;3.0267794
36743.0545567931;17.936352;3.0267293
36744.054556795;18.109428;3.0261779
36752.0545568099;18.072098;3.0255265
36753.0545568118;18.163725;3.024925
36757.0545568192;17.953318;3.0246243
36758.0545568211;18.102641;3.0240731
36765.0545568341;17.977074;3.0238726
36766.054556836;18.03816;3.0233212
36770.0545568434;18.123002;3.0231209
36771.0545568453;18.061916;3.0225194
36776.0545568546;17.868477;3.0220683
36777.0545568565;18.014406;3.021467
36781.0545568639;17.912596;3.0213165
36782.0545568658;17.902414;3.0208154
36823.0545569421;18.027979;3.0156531
36824.054556944;17.92617;3.0150518
36826.0545569477;18.021193;3.0150518
36827.0545569496;18.034766;3.0143001
36833.0545569608;17.980469;3.0137987
36834.0545569626;18.078885;3.0132976
36844.0545569813;18.194268;3.0121951
36845.0545569831;18.007619;3.011694
36853.054556998;18.007619;3.0108418
36854.0545569999;18.119607;3.0102403
36856.0545570036;18.068703;3.0104408
36857.0545570055;18.034766;3.0098896
36859.0545570092;18.07549;3.0098896
36860.0545570111;17.915988;3.0093884
36868.054557026;18.007619;3.0083358
36869.0545570278;18.089066;3.0078347
36892.0545570707;18.065311;3.0048778
36893.0545570725;18.027979;3.0043766
36900.0545570856;18.007619;3.0038755
36901.0545570874;18.061916;3.0033743
36902.0545570893;18.061916;3.0028229
36907.0545570986;18.065311;3.0024722
36908.0545571005;18.106033;3.0017204
36911.054557106;18.055129;3.001971
36912.0545571079;18.044947;3.0013194
36938.0545571563;18.007619;2.997761
36939.0545571582;17.902414;2.9972599
36941.0545571619;18.03816;2.9973099
36942.0545571638;18.034766;2.9967587
36957.0545571917;18.024586;2.9948542
36958.0545571936;17.953318;2.9941025
36959.0545571955;18.058523;2.9941525
36960.0545571973;18.03816;2.993551
36961.0545571992;18.027979;2.993952
36962.054557201;17.953318;2.9932003
36999.05455727;18.027979;2.9880381
37000.0545572718;17.990648;2.9873364
37002.0545572755;17.987256;2.9875369
37003.0545572774;18.048342;2.9867351
37007.0545572849;18.07549;2.9865346
37008.0545572867;18.102641;2.9859331
37013.054557296;18.021193;2.9856324
37014.0545572979;17.899021;2.9850812
37017.0545573035;18.01101;2.9845297
37018.0545573054;18.07549;2.9840286
37026.0545573203;18.058523;2.9834273
37027.0545573221;18.017799;2.9828258
37032.0545573314;18.014406;2.9821241
37033.0545573333;18.00083;2.9816229
37040.0545573463;18.126395;2.9807711
37041.0545573482;18.007619;2.9802699
37046.0545573575;18.017799;2.979969
37047.0545573594;18.089066;2.9794178
37056.0545573761;17.922775;2.9780645
37057.054557378;18.123002;2.9774132
37063.0545573892;18.078885;2.9770622
37064.054557391;18.106033;2.9765611
37068.0545573985;17.983861;2.9759095
37069.0545574003;18.044947;2.9753082
37080.0545574208;18.095854;2.9739048
37081.0545574227;18.014406;2.9734037
37086.054557432;18.07549;2.9728022
37087.0545574339;18.051734;2.972301
37090.0545574395;17.980469;2.9720504
37091.0545574413;18.021193;2.9714489
37093.0545574451;18.004223;2.9715993
37094.0545574469;18.014406;2.9710982
37110.0545574767;18.00083;2.9685421
37111.0545574786;17.953318;2.9680409
37118.0545574916;17.987256;2.9671388
37119.0545574935;18.051734;2.9665375
37132.0545575177;18.027979;2.9646831
37133.0545575196;18.102641;2.9640315
37140.0545575326;18.07549;2.9630291
37141.0545575345;18.146758;2.962528
37148.0545575475;17.888838;2.9618263
37149.0545575494;17.932957;2.9611247
37151.0545575531;18.00083;2.9610245
37152.0545575549;18.068703;2.9605234
37154.0545575587;18.051734;2.9607739
37155.0545575605;18.044947;2.9602728
37160.0545575698;18.058523;2.9594707
37161.0545575717;18.034766;2.9586189
37163.0545575754;18.065311;2.9589696
37164.0545575773;18.177301;2.958318
37171.0545575903;18.024586;2.9573157
37172.0545575922;18.00083;2.9567144
37192.0545576295;18.116215;2.9533563
37193.0545576313;17.9635;2.952755
37196.0545576369;17.994043;2.9526045
37197.0545576388;18.004223;2.9520032
37198.0545576406;17.994043;2.952354
37199.0545576425;17.970285;2.9517527
37200.0545576444;17.983861;2.9517527
37201.0545576462;18.048342;2.9511011
37231.0545577021;18.027979;2.945538
37232.054557704;18.041553;2.9449866
37235.0545577095;17.987256;2.9449866
37236.0545577114;18.082277;2.9444354
37241.0545577207;17.983861;2.9438338
37242.0545577226;18.058523;2.942982
37246.05455773;18.109428;2.9425809
37247.0545577319;18.034766;2.9420798
37253.0545577431;18.004223;2.9413781
37254.0545577449;18.044947;2.9407265
37255.0545577468;17.92617;2.941278
37256.0545577487;17.895627;2.9405763
37259.0545577542;18.031373;2.9402757
37260.0545577561;18.089066;2.9396241
37267.0545577692;18.051734;2.9384212
37268.054557771;18.048342;2.9379201
37269.0545577729;18.051734;2.9381707
37270.0545577747;18.092457;2.9375191
37272.0545577785;18.095854;2.9374189
37273.0545577803;18.072098;2.9368174
37284.0545578008;18.014406;2.9348629
37285.0545578027;18.007619;2.9341612
37288.0545578083;17.919381;2.9342113
37289.0545578101;17.983861;2.93361
37291.0545578139;18.017799;2.9334095
37292.0545578157;18.03816;2.932858
37296.0545578232;18.078885;2.9324572
37297.054557825;18.00083;2.9317555
37301.0545578325;18.03816;2.931555
37302.0545578343;18.08567;2.9310539
37316.0545578604;18.034766;2.9281971
37317.0545578623;18.109428;2.9276457
37321.0545578697;18.116215;2.9273951
37322.0545578716;18.021193;2.9265432
37323.0545578735;18.102641;2.9267437
37324.0545578753;18.129791;2.9260921
37329.0545578846;18.055129;2.9254405
37330.0545578865;18.01101;2.924789
37339.0545579033;18.061916;2.9234359
37340.0545579051;17.929563;2.9227843
37349.0545579219;17.932957;2.9211304
37350.0545579238;18.068703;2.9205291
37353.0545579293;17.983861;2.920078
37354.0545579312;18.095854;2.9195769
37358.0545579387;18.051734;2.9191258
37359.0545579405;18.082277;2.9185743
37363.054557948;18.014406;2.917923
37364.0545579498;18.095854;2.9173715
37366.0545579536;18.095854;2.9174216
37367.0545579554;18.089066;2.9168203
37368.0545579573;18.055129;2.9170208
37369.0545579591;17.912596;2.9162188
37380.0545579796;18.017799;2.9144647
37381.0545579815;18.078885;2.9138131
37384.0545579871;18.061916;2.9134123
37385.0545579889;18.129791;2.9129112
37392.054558002;18.072098;2.911608
37393.0545580038;17.966895;2.9108562
37399.054558015;18.021193;2.9097536
37400.0545580169;18.021193;2.9092524
37405.0545580262;18.11282;2.9084506
37406.0545580281;18.126395;2.907799
37408.0545580318;18.048342;2.9075484
37409.0545580336;17.970285;2.9070473
37417.0545580485;18.021193;2.9055939
37418.0545580504;18.014406;2.9049423
37428.054558069;18.007619;2.9030879
37429.0545580709;18.021193;2.9025867
37433.0545580783;17.929563;2.901835
37434.0545580802;18.061916;2.9012334
37436.0545580839;18.065311;2.9012334
37437.0545580858;18.058523;2.9002812
37441.0545580933;18.102641;2.89978
37442.0545580951;17.966895;2.8992288
37448.0545581063;18.024586;2.8985772
37449.0545581082;17.943139;2.8971739
37450.05455811;18.044947;2.8975749
37451.0545581119;18.065311;2.8970737
37452.0545581137;18.007619;2.8971238
37453.0545581156;17.973682;2.8966227
37457.0545581231;18.078885;2.8960714
37458.0545581249;18.004223;2.8953698
37462.0545581324;18.024586;2.8947682
37463.0545581342;17.970285;2.8939664
37468.0545581435;18.11282;2.8934152
37469.0545581454;18.119607;2.892513
37471.0545581491;18.07549;2.8926132
37472.054558151;18.08567;2.8919618
37481.0545581678;18.021193;2.8900573
37482.0545581696;18.065311;2.8895559
37486.0545581771;18.08567;2.8885536
37487.0545581789;18.133182;2.8880525
37488.0545581808;18.08567;2.888303
37489.0545581827;18.017799;2.8878019
37490.0545581845;18.041553;2.8880024
37491.0545581864;18.044947;2.8873508
37493.0545581901;17.929563;2.8868496
37494.054558192;17.949926;2.8863485
37495.0545581938;18.058523;2.8863986
37496.0545581957;18.058523;2.8858974
37497.0545581976;17.977074;2.8860478
37498.0545581994;18.095854;2.8855467
37501.054558205;17.977074;2.8849952
37502.0545582069;18.116215;2.8842936
37506.0545582143;18.07549;2.8835418
37507.0545582162;18.08567;2.8829906
37513.0545582274;17.885447;2.8817377
37514.0545582292;17.983861;2.8810861
37515.0545582311;17.946531;2.8814368
37516.0545582329;17.990648;2.8804846
37517.0545582348;17.932957;2.8807352
37518.0545582367;18.03816;2.8799834
37522.0545582441;18.041553;2.8796327
37523.054558246;18.03816;2.8790312
37526.0545582516;18.126395;2.87848
37527.0545582534;18.092457;2.8778284
37530.054558259;18.078885;2.8774273
37531.0545582609;18.027979;2.8768761
37532.0545582628;18.048342;2.8767259
37533.0545582646;18.099246;2.8761244
37535.0545582683;18.014406;2.8760242
37536.0545582702;18.072098;2.8754227
37546.0545582888;17.9635;2.8729169
37547.0545582907;18.156938;2.8723655
37553.0545583019;18.051734;2.8713131
37554.0545583037;18.061916;2.8707116
37560.0545583149;17.983861;2.8693082
37561.0545583168;18.004223;2.8688071
37564.0545583224;18.041553;2.8682058
37565.0545583242;18.034766;2.8677046
37566.0545583261;18.004223;2.8677046
37567.0545583279;18.027979;2.8672035
37568.0545583298;18.099246;2.8671532
37569.0545583317;18.123002;2.866652
37572.0545583373;18.024586;2.8658001
37573.0545583391;18.027979;2.8649981
37580.0545583522;18.044947;2.8637953
37581.054558354;18.126395;2.863194
37585.0545583615;18.027979;2.8625424
37586.0545583633;18.15015;2.8617406
37590.0545583708;18.082277;2.8611891
37591.0545583726;17.994043;2.8604374
37593.0545583764;18.014406;2.8600364
37594.0545583782;18.065311;2.859385
37595.0545583801;17.966895;2.8595352
37596.054558382;18.03816;2.8589339
37599.0545583875;18.00083;2.8585329
37600.0545583894;18.044947;2.8577311
37602.0545583931;18.068703;2.8573802
37603.054558395;18.099246;2.856879
37604.0545583969;18.139971;2.8562274
37609.0545584062;18.061916;2.8555257
37610.054558408;18.106033;2.8548241
37614.0545584155;17.946531;2.8540223
37615.0545584174;17.9635;2.8533206
37619.0545584248;18.146758;2.8523684
37620.0545584267;18.061916;2.8517671
37625.054558436;18.133182;2.8508148
37626.0545584378;18.065311;2.8501632
37628.0545584416;18.00083;2.8497121
37629.0545584434;18.072098;2.8491609
37632.054558449;17.885447;2.8485093
37633.0545584509;17.994043;2.8480082
37638.0545584602;18.03816;2.8468554
37639.0545584621;18.160332;2.8460536
37640.0545584639;18.082277;2.8463542
37641.0545584658;18.068703;2.845402
37644.0545584714;18.11282;2.845001
37645.0545584732;18.00083;2.8443997
37649.0545584807;18.139971;2.8433471
37650.0545584825;18.08567;2.8426454
37657.0545584956;18.109428;2.8410418
37658.0545584974;17.9635;2.8404903
37662.0545585049;17.960105;2.8391874
37663.0545585068;18.106033;2.8386862
37664.0545585086;18.03816;2.8388364
37665.0545585105;18.072098;2.8382852
37666.0545585123;18.041553;2.8383353
37667.0545585142;18.058523;2.8375335
37670.0545585198;18.048342;2.8370323
37671.0545585217;18.078885;2.8360801
37672.0545585235;18.07549;2.8363307
37673.0545585254;17.919381;2.8353283
37678.0545585347;18.065311;2.8342757
37679.0545585366;18.01101;2.8333235
37683.054558544;18.065311;2.8326218
37684.0545585459;18.099246;2.8320205
37685.0545585477;18.136576;2.8320205
37686.0545585496;18.044947;2.831419
37690.054558557;18.163725;2.8305671
37691.0545585589;17.990648;2.8300657
37697.0545585701;18.027979;2.8282616
37698.054558572;17.932957;2.8277605
37703.0545585813;18.078885;2.8262568
37704.0545585831;18.082277;2.8256555
37705.054558585;18.007619;2.8251042
37711.0545585962;17.946531;2.8235505
37712.054558598;18.044947;2.8229992
37713.0545585999;18.034766;2.8228488
37714.0545586018;18.061916;2.8220971
37716.0545586055;17.983861;2.821696
37717.0545586073;18.109428;2.8211949
37719.0545586111;17.997436;2.8206437
37720.0545586129;18.160332;2.8199921
37724.0545586204;18.004223;2.8191402
37725.0545586222;18.024586;2.8184385
37728.0545586278;18.072098;2.8177369
37729.0545586297;17.936352;2.8172357
37731.0545586334;18.095854;2.8168347
37732.0545586353;17.9635;2.8163335
37733.0545586371;17.990648;2.815732
37740.0545586502;18.021193;2.8133764
37741.054558652;18.03816;2.8127751
37753.0545586744;17.902414;2.8087656
37754.0545586763;17.960105;2.808064
37755.0545586781;18.024586;2.8079638
37756.05455868;18.129791;2.8073123
37757.0545586818;18.078885;2.8073623
37758.0545586837;18.041553;2.8066106
37760.0545586874;18.034766;2.8064601
37761.0545586893;17.9635;2.8056083
37766.0545586986;18.173906;2.8041549
37767.0545587005;18.160332;2.8036535
37768.0545587023;17.994043;2.8036034
37769.0545587042;18.163725;2.802501
37770.0545587061;18.065311;2.8027515
37771.0545587079;17.970285;2.8020999
37772.0545587098;18.024586;2.8014483
37774.0545587135;17.946531;2.8010976
37775.0545587154;18.082277;2.800045
37776.0545587172;18.014406;2.8003459
37777.0545587191;18.065311;2.7995439
37780.0545587247;18.055129;2.7989426
37781.0545587266;18.106033;2.7983911
37784.0545587321;18.139971;2.7975392
37785.054558734;18.017799;2.7969377
37786.0545587359;18.119607;2.796587
37787.0545587377;18.07549;2.7959354
37788.0545587396;18.095854;2.7953842
37792.054558747;18.021193;2.7942815
37793.0545587489;17.980469;2.7936802
37794.0545587508;18.102641;2.7935798
37795.0545587526;18.004223;2.7929282
37798.0545587582;18.065311;2.7921765
37799.0545587601;18.034766;2.7916753
37801.0545587638;18.123002;2.7909737
37802.0545587657;18.058523;2.7904725
37806.0545587731;18.004223;2.7892697
37807.054558775;17.997436;2.7884176
37810.0545587806;18.133182;2.7874653
37811.0545587824;18.089066;2.7869642
37812.0545587843;18.133182;2.7866135
37813.0545587862;18.123002;2.7859118
37816.0545587917;18.044947;2.7849596
37817.0545587936;18.014406;2.784308
37818.0545587955;18.041553;2.7842579
37819.0545587973;18.014406;2.7837067
37821.0545588011;18.00083;2.7832055
37822.0545588029;18.01101;2.7825038
37823.0545588048;18.027979;2.7823033
37824.0545588066;18.027979;2.7815516
37825.0545588085;18.044947;2.7810504
37826.0545588104;18.102641;2.7809
37827.0545588122;18.034766;2.7803988
37828.0545588141;18.146758;2.7800982
37829.054558816;18.061916;2.7795968
37830.0545588178;18.01101;2.7788951
37831.0545588197;18.11282;2.7787449
37832.0545588215;18.014406;2.7782438
37833.0545588234;18.11282;2.7784443
37834.0545588253;18.095854;2.777492
37835.0545588271;18.01101;2.7773917
37836.054558829;18.031373;2.7767904
37837.0545588309;17.970285;2.7760887
37838.0545588327;17.994043;2.775387
37841.0545588383;17.994043;2.774986
37842.0545588402;18.051734;2.7743344
37843.054558842;18.00083;2.7739837
37844.0545588439;18.092457;2.7733822
37845.0545588458;18.027979;2.7731817
37846.0545588476;18.061916;2.7723799
37851.0545588569;18.021193;2.7706258
37852.0545588588;18.095854;2.7698741
37855.0545588644;18.061916;2.7689719
37856.0545588662;17.939744;2.7682703
37859.0545588718;17.909201;2.7672176
37860.0545588737;18.024586;2.7663658
37861.0545588756;18.024586;2.7657642
37863.0545588793;18.082277;2.7654636
37864.0545588811;18.007619;2.7647619
37865.054558883;18.099246;2.7640102
37867.0545588867;18.051734;2.763509
37868.0545588886;18.126395;2.7629075
37869.0545588905;18.082277;2.7626569
37870.0545588923;18.017799;2.7621558
37871.0545588942;18.044947;2.7617047
37872.0545588961;18.051734;2.7612035
37873.0545588979;18.092457;2.7609529
37874.0545588998;18.068703;2.7603014
37875.0545589016;18.078885;2.7600508
37876.0545589035;18.024586;2.7591989
37877.0545589054;18.03816;2.759299
37878.0545589072;18.021193;2.7583969
37880.054558911;18.055129;2.7576451
37881.0545589128;17.902414;2.757144
37882.0545589147;18.07549;2.7568934
37883.0545589165;17.909201;2.7561417
37884.0545589184;18.041553;2.7561417
37885.0545589203;18.102641;2.7556405
37886.0545589221;18.044947;2.7548888
37887.054558924;17.994043;2.7544377
37888.0545589259;17.997436;2.7538362
37889.0545589277;18.068703;2.7535355
37890.0545589296;18.099246;2.7530344
37891.0545589314;18.072098;2.752934
37892.0545589333;17.949926;2.7522323
37893.0545589352;18.126395;2.7519317
37894.054558937;18.034766;2.7513804
37895.0545589389;17.987256;2.7509794
37896.0545589408;17.980469;2.7504783
37897.0545589426;18.068703;2.7503278
37898.0545589445;17.936352;2.7492754
37902.0545589519;18.061916;2.747772
37903.0545589538;18.068703;2.7471704
37904.0545589557;18.072098;2.7465189
37905.0545589575;18.089066;2.7458675
37907.0545589612;18.146758;2.745316
37908.0545589631;18.051734;2.7446144
37912.0545589706;18.051734;2.7432113
37913.0545589724;18.055129;2.741858
37915.0545589761;18.048342;2.7417076
37916.054558978;18.024586;2.7407553
37919.0545589836;18.041553;2.739753
37920.0545589855;18.048342;2.7389009
37921.0545589873;17.980469;2.7386003
37922.0545589892;17.994043;2.737999
37923.054558991;18.017799;2.7371969
37925.0545589948;18.027979;2.7366457
37926.0545589966;18.027979;2.7360442
37927.0545589985;18.004223;2.7357936
37928.0545590004;18.061916;2.7347412
37929.0545590022;17.997436;2.7345407
37930.0545590041;18.095854;2.7338891
37931.0545590059;18.061916;2.7335885
37932.0545590078;18.082277;2.7329369
37934.0545590115;18.129791;2.7320349
37935.0545590134;18.051734;2.7312829
37936.0545590153;18.089066;2.7310827
37937.0545590171;17.92617;2.7304311
37938.054559019;17.936352;2.7301805
37939.0545590208;18.089066;2.729579
37940.0545590227;17.946531;2.7290277
37941.0545590246;18.027979;2.7282259
37942.0545590264;17.994043;2.7279251
37943.0545590283;18.068703;2.7274239
37944.0545590302;18.055129;2.7264216
37946.0545590339;18.07549;2.7258704
37947.0545590357;17.970285;2.7253692
37948.0545590376;17.9635;2.7245171
37950.0545590413;18.095854;2.7239156
37951.0545590432;18.129791;2.7233143
37952.0545590451;18.072098;2.7227128
37953.0545590469;18.08567;2.7218609
37954.0545590488;18.061916;2.7214599
37955.0545590507;18.021193;2.7209086
37956.0545590525;17.983861;2.7204576
37957.0545590544;17.990648;2.7199564
37958.0545590562;18.027979;2.7193549
37959.0545590581;17.977074;2.7190042
37960.05455906;18.021193;2.718152
37961.0545590618;18.014406;2.7180519
37962.0545590637;17.973682;2.7174504
37963.0545590656;18.027979;2.7165985
37964.0545590674;18.119607;2.7162476
37965.0545590693;18.08567;2.7155459
37966.0545590711;17.977074;2.7150948
37967.054559073;18.146758;2.7143931
37968.0545590749;18.146758;2.7140424
37969.0545590767;18.024586;2.7135413
37970.0545590786;17.973682;2.7127895
37971.0545590805;18.07549;2.7122884
37972.0545590823;18.167119;2.7115364
37973.0545590842;18.061916;2.7110856
37974.054559086;18.102641;2.710083
37975.0545590879;18.072098;2.7100329
37976.0545590898;18.031373;2.7092812
37977.0545590916;18.021193;2.70873
37978.0545590935;17.943139;2.7081285
37979.0545590954;17.912596;2.7074268
37980.0545590972;17.970285;2.7069256
37981.0545590991;18.058523;2.7063243
37982.0545591009;18.092457;2.7061238
37983.0545591028;18.007619;2.7054222
37984.0545591047;18.051734;2.7049711
37985.0545591065;18.126395;2.7040188
37986.0545591084;18.017799;2.7035677
37987.0545591103;18.044947;2.7029161
37988.0545591121;18.07549;2.7021644
37989.054559114;18.061916;2.7021143
37990.0545591158;18.078885;2.7014627
37991.0545591177;18.07549;2.7005606
37992.0545591196;18.11282;2.7000093
37993.0545591214;18.092457;2.6993077
37994.0545591233;17.990648;2.6994581
37995.0545591252;18.014406;2.6983554
37996.054559127;17.922775;2.6979043
37997.0545591289;18.017799;2.6967516
37998.0545591307;17.960105;2.6963005
37999.0545591326;18.055129;2.6957994
38000.0545591345;18.082277;2.6952481
38001.0545591363;18.021193;2.6945965
38002.0545591382;17.92617;2.6935942
38003.0545591401;18.129791;2.6931431
38004.0545591419;18.082277;2.6925919
38005.0545591438;18.07549;2.6920907
38006.0545591456;18.133182;2.691339
38007.0545591475;18.031373;2.6906374
38008.0545591494;17.9635;2.6902363
38009.0545591512;18.123002;2.689184
38011.054559155;17.966895;2.688432
38012.0545591568;18.048342;2.6872292
38013.0545591587;18.044947;2.6869786
38014.0545591605;18.078885;2.6861768
38015.0545591624;17.997436;2.6857758
38016.0545591643;17.980469;2.6850741
38017.0545591661;18.01101;2.6839213
38018.054559168;17.956713;2.6838713
38019.0545591699;18.00083;2.6826184
38020.0545591717;17.994043;2.6824179
38021.0545591736;17.919381;2.6814156
38022.0545591754;17.915988;2.6809645
38023.0545591773;18.027979;2.6803629
38024.0545591792;18.15015;2.6792104
38026.0545591829;18.027979;2.6784084
38027.0545591848;18.00083;2.6773059
38028.0545591866;18.051734;2.6766543
38029.0545591885;18.048342;2.6763034
38030.0545591903;18.173906;2.6752009
38031.0545591922;18.07549;2.67485
38032.0545591941;17.970285;2.6742487
38033.0545591959;18.061916;2.6733465
38034.0545591978;18.072098;2.6724944
38035.0545591997;17.983861;2.6715925
38036.0545592015;18.03816;2.6709409
38037.0545592034;18.044947;2.6702893
38038.0545592052;18.041553;2.6695375
38039.0545592071;17.960105;2.6690364
38040.054559209;17.953318;2.6680841
38041.0545592108;18.078885;2.6675329
38042.0545592127;18.014406;2.6666307
38043.0545592146;18.027979;2.6662297
38044.0545592164;17.994043;2.665478
38045.0545592183;18.03816;2.6646762
38046.0545592202;18.099246;2.6637239
38047.054559222;18.021193;2.6631224
38048.0545592239;18.072098;2.6625211
38049.0545592257;18.004223;2.661669
38050.0545592276;18.078885;2.6606667
38051.0545592295;18.048342;2.6601152
38052.0545592313;18.126395;2.6592133
38053.0545592332;18.031373;2.6583111
38054.0545592351;18.143363;2.6577599
38055.0545592369;18.07549;2.6567574
38056.0545592388;18.004223;2.6564066
38057.0545592406;17.973682;2.6550033
38058.0545592425;18.068703;2.6542516
38059.0545592444;17.997436;2.6540511
38060.0545592462;18.00083;2.6527982
38061.0545592481;18.109428;2.6521466
38062.05455925;18.00083;2.6512945
38063.0545592518;18.123002;2.6503925
38064.0545592537;17.966895;2.6496909
38065.0545592555;18.061916;2.6489892
38066.0545592574;18.027979;2.6478364
38067.0545592593;18.068703;2.6470344
38068.0545592611;18.082277;2.646333
38069.054559263;18.177301;2.6453304
38070.0545592649;18.061916;2.6444285
38071.0545592667;18.089066;2.6434259
38072.0545592686;18.027979;2.6426742
38073.0545592704;18.031373;2.6418724
38074.0545592723;18.048342;2.6411207
38075.0545592742;18.024586;2.6402185
38076.054559276;18.00083;2.6393163
38077.0545592779;18.01101;2.6382639
38078.0545592798;18.027979;2.6374118
38079.0545592816;17.9635;2.6367602
38080.0545592835;18.07549;2.6355574
38081.0545592853;18.058523;2.6345551
38082.0545592872;18.017799;2.6337533
38083.0545592891;18.082277;2.6329012
38084.0545592909;17.990648;2.6319489
38085.0545592928;18.061916;2.6308463
38086.0545592947;17.980469;2.6300445
38087.0545592965;17.980469;2.6292427
38088.0545592984;18.051734;2.6284406
38089.0545593002;17.973682;2.6275887
38090.0545593021;18.139971;2.6262856
38091.054559304;18.004223;2.6253333
38092.0545593058;18.126395;2.624331
38093.0545593077;18.007619;2.6233788
38094.0545593096;18.129791;2.6224766
38095.0545593114;17.977074;2.6217749
38096.0545593133;18.021193;2.620522
38097.0545593151;18.03816;2.6195197
38098.054559317;18.004223;2.6182668
38099.0545593189;18.01101;2.6172643
38100.0545593207;18.041553;2.6164625
38101.0545593226;18.078885;2.6155603
38102.0545593245;18.08567;2.6145079
38103.0545593263;17.919381;2.613255
38104.0545593282;18.082277;2.6126034
38105.05455933;18.143363;2.61115
38106.0545593319;18.027979;2.6100974
38107.0545593338;18.163725;2.6093457
38108.0545593356;18.095854;2.6079423
38109.0545593375;18.119607;2.6071906
38110.0545593394;18.092457;2.6058373
38111.0545593412;18.177301;2.6049855
38112.0545593431;17.939744;2.6043339
38113.0545593449;18.058523;2.6028304
38114.0545593468;18.00083;2.6018782
38115.0545593487;17.994043;2.600575
38116.0545593505;18.014406;2.5998232
38117.0545593524;18.01101;2.5985203
38118.0545593543;18.078885;2.5973175
38119.0545593561;18.095854;2.5965655
38120.054559358;18.089066;2.595413
38121.0545593598;17.977074;2.5940096
38122.0545593617;18.058523;2.592907
38123.0545593636;18.116215;2.5920548
38124.0545593654;18.024586;2.5906014
38125.0545593673;18.082277;2.5893986
38126.0545593692;18.014406;2.5881457
38127.054559371;17.987256;2.5871935
38128.0545593729;17.973682;2.5862412
38129.0545593748;18.106033;2.5847878
38130.0545593766;18.078885;2.5837355
38131.0545593785;18.099246;2.5822318
38132.0545593803;18.102641;2.581079
38133.0545593822;18.07549;2.5802772
38134.0545593841;18.11282;2.5790744
38135.0545593859;18.089066;2.5778215
38136.0545593878;18.072098;2.5761676
38137.0545593897;18.044947;2.5752654
38138.0545593915;18.058523;2.5739622
38139.0545593934;18.106033;2.5727594
38140.0545593952;18.072098;2.5713563
38141.0545593971;18.078885;2.5701532
38142.054559399;17.980469;2.5689003
38143.0545594008;18.078885;2.5677979
38144.0545594027;17.854904;2.5664446
38145.0545594046;18.014406;2.5650914
38146.0545594064;18.03816;2.5638885
38147.0545594083;18.082277;2.5625353
38148.0545594101;18.089066;2.5612824
38149.054559412;18.061916;2.5599794
38150.0545594139;18.089066;2.558526
38151.0545594157;18.068703;2.5572729
38152.0545594176;18.11282;2.555619
38153.0545594195;18.167119;2.5545166
38154.0545594213;18.034766;2.5528626
38155.0545594232;17.909201;2.5520606
38156.054559425;18.014406;2.5503066
38157.0545594269;18.00083;2.5488031
38158.0545594288;18.044947;2.5472493
38159.0545594306;17.997436;2.5457959
38160.0545594325;17.970285;2.5444427
38161.0545594344;18.11282;2.5430396
38162.0545594362;18.03816;2.5412352
38163.0545594381;18.034766;2.5400324
38164.0545594399;18.055129;2.538178
38165.0545594418;18.136576;2.5368247
38166.0545594437;17.997436;2.5354216
38167.0545594455;17.987256;2.5338678
38168.0545594474;18.099246;2.5317628
38169.0545594493;18.055129;2.5311615
38170.0545594511;18.051734;2.5293572
38171.054559453;18.034766;2.5277534
38172.0545594548;18.133182;2.5257487
38173.0545594567;18.072098;2.5241449
38174.0545594586;18.021193;2.5221903
38175.0545594604;18.031373;2.5207369
38176.0545594623;17.983861;2.5191331
38177.0545594642;18.065311;2.5172787
38178.054559466;18.055129;2.5155246
38179.0545594679;18.099246;2.5138707
38180.0545594697;18.065311;2.5120664
38181.0545594716;18.082277;2.5101619
38182.0545594735;18.109428;2.5086083
38183.0545594753;18.044947;2.5065534
38184.0545594772;17.997436;2.5043983
38185.0545594791;17.973682;2.5025439
38186.0545594809;18.034766;2.5003388
38186.4053594815;18.021193;2.4999881
38186.4065594816;18.676168;2.4998877
38187.4065594834;15.581153;2.4998877
38188.4065594853;13.809666;2.4996371
38189.4065594871;12.628674;2.4996371
38190.406559489;11.67845;2.4997876
38191.4065594909;10.860578;2.4997876
38192.4065594927;10.242935;2.4997876
38193.4065594946;9.6761934;2.4998376
38194.742959497;9.1060586;2.4997876
38194.8415594972;-0;2.5037823
38195.8415594991;-0;2.5077062
38196.841559501;-0;2.5094602
38197.8415595028;-0;2.511014
38198.8415595047;-0;2.5123672
38199.8415595066;-0;2.5132692
38200.8415595084;-0;2.5149231
38201.8415595103;-0;2.5164268
38202.8415595121;-0;2.5167775
38203.841559514;-0;2.5176296
38204.8415595159;-0;2.5184314
38205.8415595177;-0;2.5191832
38206.8415595196;-0;2.5198348
38207.8415595215;-0;2.5209374
38208.8415595233;-0;2.5213382
38209.8415595252;-0;2.5222404
38210.841559527;-0;2.5231926
38212.8415595308;-0;2.5238943
38213.8415595326;-0;2.524997
38214.8415595345;-0;2.5255983
38215.8415595364;-0;2.5260994
38216.8415595382;-0;2.5266509
38217.8415595401;-0;2.5272522
38218.8415595419;-0;2.5275528
38219.8415595438;-0;2.5281043
38220.8415595457;-0;2.5287559
38221.8415595475;-0;2.5289562
38222.8415595494;-0;2.5296578
38223.8415595513;-0;2.530159
