time/s;current/A;battery voltage/V
115335.079430862;-0;2.5350206
115335.079630862;-0.87807513;2.5362601
115336.079630623;-179.778;2.6213238
115337.079630385;-179.75423;2.6453807
115338.079630147;-179.80853;2.6632226
115339.079629908;-179.87981;2.6792605
115340.07962967;-179.93413;2.6940453
115341.079629431;-179.81872;2.706625
115342.079629193;-179.79497;2.7203071
115343.079628955;-179.84586;2.7314835
115344.079628716;-180.29045;2.7407053
115345.079628478;-179.86963;2.7509794
115346.079628239;-179.93413;2.7609029
115347.079628003;-179.73728;2.7696736
115348.079627768;-180.13092;2.777492
115349.079627533;-179.76442;2.786814
115350.079627299;-180.33455;2.7930787
115351.079627064;-180.21239;2.8002956
115352.079626829;-179.72369;2.8080139
115353.079626595;-179.99858;2.8139279
115354.07962636;-180.00877;2.8208442
115355.079626125;-179.99858;2.8275599
115356.07962589;-180.18184;2.8328223
115357.079625656;-179.78478;2.8400393
115358.079625421;-180.14452;2.8452516
115359.079625186;-180.23953;2.8502133
115360.079624952;-180.1072;2.8562274
115361.079624717;-180.15128;2.8611891
115362.079624482;-179.87302;2.8675041
115363.079624248;-179.97822;2.8723655
115364.079624013;-180.01556;2.8764751
115365.079623778;-179.98502;2.8817878
115366.079623544;-179.81872;2.8878019
115367.079623309;-179.93748;2.8916109
115368.079623074;-179.96125;2.8959711
115369.079622839;-179.92053;2.9002812
115370.079622605;-179.81872;2.9053433
115371.07962237;-179.80514;2.9094529
115372.079622135;-180.01216;2.9147153
115373.079621901;-179.97144;2.9167202
115374.079621663;-179.85945;2.9216816
115375.079621424;-180.00197;2.9255409
115376.079621186;-179.90358;2.9285979
115377.079620947;-179.75764;2.9337101
115378.079620709;-180.02573;2.9369175
115379.079620471;-179.95448;2.9410274
115380.079620232;-180.24633;2.9442348
115381.079619994;-180.37189;2.9477432
115382.079619755;-179.71352;2.9516022
115383.079619517;-180.1038;2.954459
115384.079619279;-179.97822;2.9588695
115385.07961904;-180.00538;2.9613252
115386.079618802;-179.88659;2.9657354
115387.079618563;-179.95108;2.9682915
115388.079618325;-179.73388;2.9720004
115389.079618086;-179.98841;2.9747567
115390.079617848;-179.84927;2.9787662
115391.079617609;-179.85266;2.9813724
115392.079617371;-179.77122;2.9844797
115393.079617133;-179.90695;2.9872363
115394.079616894;-180.02233;2.9901431
115395.079616656;-179.90017;2.9921477
115396.079616417;-179.778;2.9959567
115397.079616179;-179.79836;2.9984627
115398.07961594;-179.82891;3.0012693
115399.079615702;-180.1072;3.0039256
115400.079615466;-180.06984;3.0073335
115401.079615232;-180.33117;3.0087869
115402.079614997;-180.21239;3.011694
115403.079614762;-179.78817;3.0145004
115404.079614528;-180.04948;3.016856
115405.079614293;-179.84248;3.0203142
115406.079614058;-179.63547;3.0224192
115407.079613824;-179.94767;3.0249751
115408.079613589;-180.21917;3.0268295
115409.079613354;-179.84586;3.028784
115410.079613119;-179.73728;3.0320418
115411.079612885;-179.83909;3.0356503
115412.07961265;-179.97822;3.0371037
115413.079612415;-180.04609;3.038908
115414.079612181;-179.7305;3.0415642
115415.079611946;-179.93072;3.0442705
115416.079611711;-179.99858;3.0458744
115417.079611477;-180.2022;3.0473278
115418.079611242;-179.90695;3.0508862
115419.079611007;-179.94767;3.0529411
115420.079610773;-179.9443;3.0552967
115421.079610538;-180.1072;3.0565996
115422.079610303;-180.11056;3.0586545
115423.079610068;-180.02573;3.060559
115424.079609834;-179.90695;3.0635159
115425.079609599;-179.81533;3.065671
115426.079609364;-179.72031;3.0686281
115427.079609126;-180.08003;3.0698309
115428.079608888;-179.84586;3.0713344
115429.079608649;-179.87641;3.0726376
115430.079608411;-179.8832;3.0749428
115431.079608172;-179.81872;3.0774488
115432.079607934;-180.03931;3.0795538
115433.079607695;-180.02573;3.0815084
115434.079607457;-180.02913;3.0833628
115435.079607219;-179.80514;3.0853674
115436.07960698;-179.9918;3.086019
115437.079606742;-180.03931;3.0887754
115438.079606503;-180.33795;3.0901787
115439.079606265;-179.86963;3.0928349
115440.079606027;-179.88659;3.0943887
115441.079605788;-180.08344;3.0955415
115442.07960555;-180.00538;3.0972955
115443.079605311;-180.07325;3.0991499
115444.079605073;-179.6253;3.1023576
115445.079604834;-179.95784;3.1029088
115446.079604596;-179.85266;3.1056151
115447.079604358;-180.03931;3.1059661
115448.079604119;-180.06984;3.1088228
115449.079603881;-179.97484;3.1097248
115450.079603642;-180.14792;3.1128824
115451.079603404;-179.93413;3.1122308
115452.079603166;-179.68297;3.115288
115453.07960293;-179.75764;3.1163404
115454.079602696;-180.16828;3.1171424
115455.079602461;-180.12756;3.1185958
115456.079602226;-180.16828;3.1206505
115457.079601992;-179.73728;3.123307
115458.079601757;-179.84927;3.1238081
115459.079601522;-180.14792;3.1249607
115460.079601288;-180.15469;3.1265144
115461.079601053;-179.99858;3.1287696
115462.079600818;-179.9443;3.1300228
115463.079600583;-180.01216;3.1312757
115464.079600349;-180.14452;3.1328795
115465.079600114;-179.77461;3.1346836
115466.079599879;-180.02233;3.1356359
115467.079599645;-179.87981;3.1376407
115468.07959941;-179.94767;3.1393447
115469.079599175;-179.95108;3.1404974
115470.079598941;-180.11397;3.1417003
115471.079598706;-180.00538;3.144156
115472.079598471;-180.14111;3.1448076
115473.079598236;-179.89677;3.1452086
115474.079598002;-180.13773;3.1473134
115475.079597767;-179.87981;3.1504207
115476.079597532;-179.98502;3.150521
115477.079597298;-179.85266;3.1526761
115478.079597063;-180.06308;3.153528
115479.079596828;-179.82213;3.1545305
115480.079596589;-179.75764;3.1561844
115481.079596351;-179.98841;3.1572368
115482.079596113;-179.94767;3.1586401
115483.079595874;-180.17845;3.1594923
115484.079595636;-179.93748;3.1607451
115485.079595397;-179.96125;3.162349
115486.079595159;-179.77461;3.1645041
115487.079594921;-179.8255;3.1657069
115488.079594682;-180.01556;3.1651053
115489.079594444;-179.88998;3.1674109
115490.079594205;-179.91375;3.1700671
115491.079593967;-180.19541;3.1697664
115492.079593728;-180.19202;3.1710694
115493.07959349;-179.99858;3.1731744
115494.079593252;-179.96466;3.173826
115495.079593013;-180.07325;3.1741767
115496.079592775;-179.73728;3.1771338
115497.079592536;-180.03931;3.1765823
115498.079592298;-180.03253;3.1787374
115499.079592059;-179.8323;3.1792388
115500.079591821;-180.02913;3.1811934
115501.079591583;-180.05289;3.1816444
115502.079591344;-180.304;3.1823962
115503.079591106;-179.8255;3.1839497
115504.079590867;-179.85605;3.1859546
115505.079590629;-179.82891;3.1867063
115506.079590394;-179.94089;3.187458
115507.07959016;-180.18523;3.1881597
115508.079589925;-179.79158;3.1905153
115509.07958969;-179.93748;3.191668
115510.079589456;-180.1072;3.1922693
115511.079589221;-179.85266;3.1941237
115512.079588986;-179.94089;3.1945248
115513.079588751;-180.01216;3.1956272
115514.079588517;-179.75764;3.1974816
115515.079588282;-179.80853;3.1983337
115516.079588047;-179.90695;3.1992359
115517.079587813;-179.84586;3.2001379
115518.079587578;-179.8832;3.2008395
115519.079587343;-180.0427;3.201441
115520.079587109;-180.00877;3.2037966
115521.079586874;-179.92394;3.2034457
115522.079586639;-179.91375;3.2052
115523.079586405;-179.79836;3.2063525
115524.07958617;-179.79497;3.2070541
115525.079585935;-179.7305;3.2087584
115526.0795857;-179.95108;3.2077057
115527.079585466;-179.73388;3.210362
115528.079585231;-179.95108;3.2118154
115529.079584996;-180.33795;3.2121162
115530.079584762;-180.02913;3.2134192
115531.079584527;-180.03592;3.214973
115532.079584291;-179.86284;3.2149227
115533.079584053;-180.25652;3.2161758
115534.079583815;-179.91375;3.217078
115535.079583576;-179.80177;3.2182808
115536.079583338;-179.94767;3.2185314
115537.079583099;-179.72709;3.2205861
115538.079582861;-179.778;3.2210371
115539.079582622;-180.29045;3.2208869
115540.079582384;-180.03931;3.2229416
115541.079582146;-179.82213;3.2244954
115542.079581907;-180.08344;3.224345
115543.079581669;-180.09361;3.2251468
115544.07958143;-180.02913;3.2263999
115545.079581192;-180.02233;3.2275023
115546.079580953;-180.03592;3.2283044
115547.079580715;-179.95784;3.2299583
115548.079580477;-180.00877;3.2308102
115549.079580238;-179.9443;3.2313616
115550.07958;-179.86963;3.2323639
115551.079579761;-180.01216;3.2325644
115552.079579523;-179.97484;3.2344689
115553.079579285;-179.84586;3.234118
115554.079579046;-180.03592;3.2359223
115555.079578808;-179.9952;3.2377264
115556.079578569;-180.03253;3.2376764
115557.079578331;-179.8832;3.2392302
115558.079578093;-179.79158;3.2398314
115559.079577858;-180.03253;3.240082
115560.079577624;-179.76105;3.2416859
115561.079577389;-180.05628;3.2414854
115562.079577154;-179.97144;3.2426381
115563.079576919;-179.73728;3.244242
115564.079576685;-180.00197;3.2428887
115565.07957645;-179.81872;3.2453945
115566.079576215;-179.78817;3.2457955
115567.079575981;-179.83569;3.2467477
115568.079575746;-180.38884;3.247299
115569.079575511;-179.86622;3.248502
115570.079575277;-180.14111;3.2489529
115571.079575042;-180.09702;3.2502561
115572.079574807;-179.90695;3.2514088
115573.079574573;-179.82891;3.2521105
115574.079574338;-180.01556;3.2525113
115575.079574103;-179.96125;3.2532632
115576.079573868;-179.81533;3.2539647
115577.079573634;-179.85945;3.2547166
115578.079573399;-179.76442;3.2563202
115579.079573164;-179.93413;3.2557189
115580.07957293;-179.76781;3.2576234
115581.079572695;-179.99858;3.2580745
115582.07957246;-179.96125;3.2589767
115583.079572226;-179.85266;3.2595279
115584.079571991;-179.9918;3.2592273
115585.079571754;-179.85266;3.2612319
115586.079571516;-180.13433;3.2609313
115587.079571277;-179.76781;3.2624848
115588.079571039;-179.76781;3.2640886
115589.079570801;-179.91713;3.263387
115590.079570562;-179.96805;3.2635875
115591.079570324;-180.04609;3.2648904
115592.079570085;-179.98502;3.2658427
115593.079569847;-179.95108;3.2660432
115594.079569608;-179.95108;3.2666447
115595.07956937;-180.0902;3.267246
115596.079569132;-180.56872;3.2674966
115597.079568893;-180.04609;3.2684488
115598.079568655;-179.70673;3.2698021
115599.079568416;-179.99858;3.2709548
115600.079568178;-180.05967;3.2700026
115601.07956794;-179.79497;3.2715061
115602.079567701;-179.84586;3.2713559
115603.079567463;-180.16488;3.2720072
115604.079567224;-180.38547;3.2723582
115605.079566986;-180.06645;3.2738616
115608.079566271;-180.209;3.2742627
115609.079566032;-179.78141;3.2751648
115610.079565794;-180.00538;3.275666
115611.079565556;-179.77461;3.2762673
115614.079564852;-180.07664;3.2765179
115615.079564617;-180.00538;3.2776206
115617.079564148;-180.22936;3.277771
115618.079563913;-179.78141;3.2785227
115620.079563444;-180.05628;3.2788234
115621.079563209;-179.6253;3.2805274
115624.079562505;-180.1038;3.2796755
115625.079562271;-180.15469;3.2810786
115627.079561801;-179.91713;3.2809284
115628.079561566;-179.91036;3.2818806
115629.079561332;-179.90017;3.2813292
115631.079560862;-180.09361;3.2815297
115632.079560628;-180.02573;3.2821312
115633.079560393;-179.71691;3.2829831
115634.079560158;-180.01216;3.2824819
115635.079559924;-179.97822;3.2820811
115636.079559689;-179.95108;3.2836347
115637.079559454;-179.92394;3.2824819
115638.079559217;-179.98161;3.2825322
115639.079558978;-179.97144;3.2831836
115640.07955874;-179.88998;3.2841859
115641.079558502;-180.0902;3.2831335
115642.079558263;-180.00538;3.2831836
115643.079558025;-180.16828;3.2840357
115644.079557786;-180.01894;3.2848876
115645.079557548;-180.34472;3.2827325
115646.079557309;-179.90695;3.2840858
115647.079557071;-179.97484;3.2839856
115648.079556833;-180.03253;3.2832839
115649.079556594;-179.97144;3.2852886
115650.079556356;-179.96466;3.2847373
115651.079556117;-179.8255;3.2843864
115652.079555879;-179.90358;3.2851884
115654.079555402;-179.87302;3.2853889
115655.079555164;-179.96466;3.2845368
115662.079553495;-179.81194;3.2853386
115663.079553256;-180.37528;3.285439
115664.079553019;-179.778;3.2864413
115665.079552785;-179.94089;3.2860904
115666.07955255;-179.71014;3.2873936
115667.079552315;-179.85266;3.2869925
115668.07955208;-180.0427;3.2859902
115669.079551846;-179.97144;3.2854891
115670.079551611;-180.03253;3.2860403
115671.079551376;-179.82891;3.2865415
115672.079551142;-179.69995;3.286742
115673.079550907;-180.26669;3.2862909
115674.079550672;-179.85945;3.2857397
115675.079550438;-180.17166;3.2857397
115676.079550203;-179.87302;3.2863913
115677.079549968;-179.88659;3.287544
115678.079549734;-179.78817;3.2870426
115679.079549499;-180.0902;3.2863913
115680.079549264;-179.71014;3.287544
115681.079549029;-179.67619;3.2875941
115682.079548795;-179.95108;3.2869425
115683.07954856;-180.39903;3.2865918
115684.079548325;-179.88998;3.2876441
115686.079547856;-180.37189;3.2872431
115687.079547621;-180.14111;3.2862909
115688.079547387;-180.15469;3.2870426
115692.079546441;-179.92053;3.2871931
115693.079546202;-179.9918;3.2879448
115694.079545964;-179.78141;3.2884459
115696.079545487;-179.72709;3.2882457
115697.079545249;-179.92053;3.2876942
115702.079544057;-179.82213;3.287143
115703.079543818;-179.85605;3.2882957
115704.07954358;-180.11397;3.2874436
115705.079543341;-179.97822;3.2884459
115706.079543103;-179.9918;3.2880452
115707.079542865;-180.06984;3.2893481
115709.079542388;-179.93072;3.2885463
115710.079542149;-179.7305;3.2891979
115711.079541911;-179.86284;3.2896991
115712.079541673;-179.85605;3.2891476
115715.079540957;-179.93413;3.2893481
115716.079540719;-179.74745;3.2900498
115717.079540483;-180.13092;3.2890975
115718.079540248;-180.52461;3.2885964
115719.079540013;-179.93748;3.2891979
115720.079539779;-179.70673;3.2897992
115721.079539544;-180.14111;3.2893982
115722.079539309;-180.13092;3.2900999
115723.079539075;-180.47708;3.2891476
115724.07953884;-179.64566;3.2898493
115725.079538605;-180.03253;3.2893481
115726.07953837;-179.95448;3.2899997
115728.079537901;-180.03592;3.2896991
115729.079537666;-179.90695;3.2906513
115730.079537432;-179.93748;3.2901502
115731.079537197;-180.02913;3.290601
115732.079536962;-179.86622;3.2898493
115733.079536728;-179.83909;3.2914531
115734.079536493;-179.85605;3.2902002
115735.079536258;-179.98502;3.290952
115740.079535085;-180.04609;3.2907515
115741.07953485;-180.29383;3.2902002
115742.079534615;-180.01216;3.2904007
115743.079534381;-180.12416;3.2913027
115745.079533904;-180.0427;3.2914531
115746.079533665;-179.81533;3.2907014
115748.079533189;-180.17505;3.2910521
115749.07953295;-179.65922;3.2921548
115750.079532712;-180.08681;3.2908015
115751.079532473;-179.66941;3.2923052
115752.079532235;-180.21917;3.2911525
115753.079531997;-179.94767;3.291353
115754.079531758;-180.03253;3.2908015
115755.07953152;-180.06984;3.292706
115756.079531281;-180.04948;3.2921047
115757.079531043;-179.93748;3.2918038
115758.079530804;-179.85266;3.2928565
115759.079530566;-180.01894;3.2921548
115762.079529851;-179.97484;3.2923553
115763.079529612;-179.80177;3.2934077
115764.079529374;-180.03592;3.2924554
115765.079529136;-179.83569;3.2946606
115766.079528897;-179.97822;3.2928565
115767.079528659;-179.78478;3.2936082
115769.079528182;-180.07664;3.2936082
115770.079527946;-179.91036;3.2925055
115771.079527712;-179.90358;3.2933576
115772.079527477;-179.69995;3.2943599
115773.079527242;-180.18184;3.2930069
115774.079527007;-180.08344;3.2937586
115775.079526773;-180.05628;3.2936082
115776.079526538;-180.0427;3.2947109
115777.079526303;-179.87641;3.2935081
115778.079526069;-179.87302;3.2948611
115779.079525834;-179.96125;3.2939088
115780.079525599;-180.08681;3.2938588
115781.079525365;-179.75423;3.295212
115782.07952513;-180.11056;3.2939591
115783.079524895;-179.9952;3.2943099
115784.07952466;-179.90358;3.2956128
115785.079524426;-179.97144;3.2943099
115786.079524191;-180.02233;3.2946105
115787.079523956;-179.91713;3.2958636
115788.079523722;-179.82891;3.2949615
115790.079523252;-179.91713;3.295212
115791.079523018;-179.66602;3.2963145
115792.079522783;-179.89677;3.2947609
115793.079522548;-180.22256;3.2955127
115795.079522079;-179.84927;3.2961142
115796.079521844;-180.00877;3.2955127
115797.079521605;-179.87981;3.2965651
115798.079521367;-179.78817;3.296515
115799.079521128;-179.84927;3.2953122
115800.07952089;-180.02233;3.2957633
115801.079520652;-180.20559;3.2962644
115802.079520413;-179.88998;3.2971165
115805.079519698;-180.30741;3.2963648
115806.07951946;-180.01556;3.2972167
115807.079519221;-179.74745;3.29862
115808.079518983;-180.03253;3.2968659
115809.079518744;-179.86284;3.2975173
115811.079518267;-180.16828;3.2971666
115812.079518029;-179.98161;3.2980688
115813.079517791;-180.00877;3.2975173
115816.079517075;-180.29383;3.2973671
115817.079516837;-180.01894;3.2981689
115820.079516122;-179.82891;3.2977681
115821.079515883;-179.99858;3.29862
115822.079515645;-179.778;3.2988205
115823.07951541;-180.08681;3.2979684
115824.079515175;-179.89339;3.2998228
115825.07951494;-179.72369;3.2986701
115826.079514706;-179.78141;3.29862
115827.079514471;-180.04609;3.2992215
115828.079514236;-179.64225;3.3002238
115829.079514002;-179.80853;3.2993717
115830.079513767;-180.1072;3.2992215
115831.079513532;-179.85945;3.2999732
115832.079513297;-179.92731;3.2994218
115833.079513063;-179.98841;3.2999732
115834.079512828;-180.05967;3.3006749
115838.079511889;-179.87641;3.3013766
115839.079511655;-180.08681;3.3006248
115840.07951142;-179.91375;3.300374
115841.079511185;-179.72369;3.301126
115846.079510012;-179.78141;3.3012762
115847.079509777;-180.304;3.3013766
115849.079509307;-180.21577;3.3015771
115850.079509068;-179.86963;3.302429
115851.07950883;-180.2022;3.3021283
115852.079508591;-180.14452;3.3029802
115853.079508353;-179.79158;3.3032811
115854.079508115;-179.7305;3.3026295
115855.079507876;-180.05967;3.3035316
115856.079507638;-179.93413;3.3022285
115857.079507399;-179.90017;3.3035316
115859.079506923;-179.90695;3.3030305
115860.079506684;-179.95448;3.3040328
115861.079506446;-179.90358;3.3034313
115862.079506207;-179.79836;3.3042333
115867.079505015;-180.06984;3.3035316
115868.079504777;-180.27008;3.3043334
115872.079503823;-180.15128;3.304534
115873.079503585;-180.2022;3.3052857
115874.079503346;-180.08003;3.3046341
115876.079502873;-180.14792;3.3042834
115877.079502638;-180.08681;3.3059874
115882.079501465;-180.07664;3.3059373
115883.07950123;-179.81872;3.306689
115885.079500761;-179.9918;3.3060875
115886.079500526;-180.1072;3.3068895
115887.079500292;-179.97822;3.3065386
115888.079500057;-179.76781;3.3083429
115889.079499822;-179.97484;3.3078918
115890.079499587;-179.83909;3.3069897
115891.079499353;-179.97484;3.3076413
115895.079498414;-180.35153;3.3074908
115896.079498179;-180.14452;3.3089945
115897.079497945;-180.09702;3.3076413
115898.07949771;-179.76442;3.3091447
115908.079495339;-180.03931;3.3091447
115909.0794951;-179.84586;3.3103979
115913.079494147;-179.86622;3.3102975
115914.079493908;-180.03253;3.3107986
115915.07949367;-179.71352;3.3110995
115916.079493431;-179.95108;3.3101974
115917.079493193;-180.06984;3.3100469
115918.079492955;-179.85266;3.3112998
115919.079492716;-179.90695;3.3119013
115920.079492478;-179.93072;3.3112998
115923.079491762;-179.98502;3.3121519
115924.079491524;-179.9443;3.3116007
115925.079491286;-180.01556;3.3120015
115926.079491047;-179.97822;3.313004
115927.079490809;-179.7305;3.3129537
115928.079490571;-180.11056;3.3138559
115929.079490336;-179.98841;3.3127031
115930.079490101;-180.00877;3.3125529
115931.079489867;-179.78141;3.314307
115932.079489632;-179.86622;3.313906
115933.079489397;-180.06984;3.3131042
115935.079488928;-180.0902;3.313004
115936.079488693;-179.87981;3.314708
115937.079488459;-179.90017;3.3141565
115938.079488224;-180.11397;3.3132546
115939.079487989;-180.00877;3.3148081
115941.07948752;-179.83569;3.3146577
115942.079487285;-179.97484;3.3155098
115944.079486816;-179.79836;3.3154597
115945.079486581;-180.26669;3.3149085
115946.079486346;-180.37867;3.3150587
115947.079486112;-179.96125;3.3161614
115949.079485642;-179.93748;3.316011
115950.079485408;-179.86622;3.3167627
115952.079484938;-180.04948;3.316412
115953.079484704;-179.96805;3.3156099
115954.079484469;-180.00538;3.316813
115955.079484232;-180.03931;3.3161113
115956.079483993;-179.80853;3.3175144
115957.079483755;-180.02233;3.3177652
115958.079483517;-179.94767;3.3166125
115959.079483278;-179.85945;3.3174644
115962.079482563;-180.01216;3.3172638
115963.079482324;-179.64566;3.3191183
115964.079482086;-179.68638;3.3187675
115965.079481848;-179.9918;3.3181159
115966.079481609;-179.96805;3.3187675
115967.079481371;-179.71352;3.3187175
115968.079481132;-180.18523;3.3181159
115969.079480894;-180.24633;3.3182161
115970.079480656;-179.81533;3.3196697
115971.079480417;-180.26328;3.3188176
115972.079480179;-180.31081;3.3188176
115973.07947994;-180.05967;3.3193688
115974.079479702;-180.25991;3.3188677
115975.079479463;-179.97484;3.320271
115976.079479225;-180.03592;3.3194189
115977.079478987;-179.94767;3.320271
115978.079478748;-180.18523;3.3199203
115979.07947851;-180.09702;3.3210728
115980.079478271;-180.1038;3.3196697
115983.079477565;-180.02233;3.3202209
115984.07947733;-179.93413;3.3210227
115985.079477096;-179.94767;3.3207221
115986.079476861;-180.03253;3.3216243
115987.079476626;-179.95108;3.320672
115988.079476391;-179.8323;3.3224261
115993.079475218;-180.02913;3.321975
115994.079474983;-180.25311;3.3225765
115996.079474514;-180.02913;3.322376
115997.079474279;-179.84586;3.3242805
115998.079474045;-179.95108;3.3230276
115999.07947381;-179.79497;3.323679
116002.079473106;-179.73388;3.3234284
116003.079472871;-179.79836;3.3239295
116006.079472167;-180.02233;3.3251324
116007.079471932;-180.00877;3.3237293
116008.079471695;-179.8255;3.3247817
116009.079471456;-179.98841;3.3252828
116012.079470741;-180.00538;3.3252828
116013.079470503;-179.778;3.325834
116014.079470264;-180.06984;3.3248317
116015.079470026;-179.86284;3.3260345
116016.079469787;-179.96805;3.3262851
116017.079469549;-180.00197;3.3254333
116018.079469311;-180.03592;3.3252828
116019.079469072;-179.75764;3.3261349
116022.079468357;-179.79497;3.3263354
116023.079468119;-179.89339;3.3275883
116024.07946788;-180.1038;3.3270872
116025.079467642;-180.03592;3.326586
116026.079467403;-179.83909;3.3281395
116027.079467165;-180.17166;3.326586
116028.079466926;-180.02913;3.3277385
116029.079466688;-179.81194;3.3284905
116030.07946645;-180.04609;3.3268867
116031.079466211;-180.14452;3.3280895
116038.079464559;-180.1038;3.3288412
116039.079464325;-180.21577;3.3281896
116040.07946409;-180.05967;3.3293924
116041.079463855;-179.89677;3.3298936
116042.079463621;-179.79836;3.330044
116043.079463386;-180.04948;3.3292923
116047.079462447;-180.17845;3.3293424
116048.079462213;-180.03253;3.3305452
116049.079461978;-180.28027;3.3298936
116050.079461743;-180.10039;3.3305452
116051.079461508;-180.31081;3.3301945
116052.079461274;-179.83909;3.3311467
116053.079461039;-180.14111;3.3318985
116054.079460804;-179.98841;3.330395
116055.07946057;-179.94767;3.3314974
116056.079460335;-180.19881;3.3309462
116057.0794601;-179.98502;3.3310966
116058.079459866;-179.81872;3.3319986
116059.079459631;-179.82891;3.332099
116060.079459396;-180.31081;3.3312469
116061.079459158;-179.81533;3.3327506
116062.07945892;-180.28705;3.3312969
116063.079458681;-179.78817;3.3331013
116064.079458443;-180.05628;3.3319485
116065.079458205;-179.9952;3.3323996
116066.079457966;-180.03592;3.3315475
116067.079457728;-179.97822;3.3329508
116068.079457489;-180.35491;3.3326502
116069.079457251;-179.95448;3.3335023
116073.079456297;-179.90017;3.3337028
116074.079456059;-179.74745;3.3347552
116078.079455105;-179.91375;3.3345046
116079.079454867;-180.20559;3.3336525
116080.079454628;-179.87641;3.3341036
116081.07945439;-179.8323;3.3348553
116083.079453913;-179.99858;3.334254
116084.079453675;-180.1072;3.3348053
116085.079453436;-179.86963;3.3354068
116087.079452962;-179.90695;3.3351059
116088.079452727;-179.88998;3.3356073
116089.079452493;-179.95448;3.3351059
116090.079452258;-180.16828;3.3349557
116091.079452023;-180.00538;3.336359
116092.079451789;-180.11056;3.3354568
116094.079451319;-179.96125;3.3357575
116095.079451085;-180.04948;3.3365092
116096.07945085;-179.9443;3.336359
116097.079450615;-180.04609;3.3357575
116098.079450381;-179.72709;3.3374114
116101.079449676;-180.08344;3.3367097
116102.079449442;-179.90358;3.3383636
116103.079449207;-180.04948;3.3374615
116104.079448972;-179.95784;3.3368101
116106.079448503;-180.13773;3.3375118
116107.079448268;-179.69995;3.3386142
116108.079448034;-180.40244;3.3377624
116111.07944733;-179.91375;3.3378625
116112.079447095;-179.90358;3.3391654
116115.079446383;-179.91036;3.3390152
116116.079446145;-180.05628;3.3383636
116117.079445906;-180.05289;3.3391654
116119.07944543;-180.0902;3.3391154
116120.079445191;-180.209;3.3385141
116121.079444953;-180.16828;3.3382635
116122.079444714;-180.304;3.3391154
116125.079443999;-180.03592;3.3396668
116126.079443761;-180.19541;3.3391154
116127.079443522;-180.18184;3.3394663
116128.079443284;-179.76781;3.3411202
116129.079443045;-180.09361;3.3399675
116130.079442807;-180.08003;3.3407693
116131.079442569;-179.90017;3.3405187
116132.07944233;-179.95784;3.3412204
116133.079442092;-179.88998;3.3413708
116134.079441853;-179.89677;3.3407192
116135.079441615;-179.79497;3.3416214
116136.079441377;-179.81533;3.3415713
116137.079441138;-180.06308;3.3408194
116138.0794409;-180.03931;3.341521
116139.079440661;-180.03592;3.3421726
116140.079440426;-179.8832;3.3411703
116141.079440191;-179.72369;3.3420222
116144.079439487;-179.76442;3.3418219
116145.079439253;-180.24292;3.3409197
116146.079439018;-179.86284;3.3421726
116147.079438783;-179.76442;3.3425236
116148.079438549;-179.87641;3.3442276
116149.079438314;-180.03253;3.3428743
116150.079438079;-180.01556;3.3422227
116155.079436906;-180.00197;3.3427238
116156.079436671;-179.88659;3.3435259
116157.079436436;-180.03931;3.3434758
116158.079436202;-179.74405;3.3446786
116159.079435967;-179.76781;3.3444781
116160.079435732;-180.10039;3.3435259
116162.079435263;-180.01894;3.3432753
116163.079435028;-179.88659;3.3445282
116164.079434793;-179.85266;3.3451798
116166.079434323;-179.88659;3.3445783
116167.079434085;-180.01216;3.343977
116170.079433369;-179.98841;3.3441272
116171.079433131;-180.02233;3.3449793
116173.079432654;-180.19881;3.3446283
116174.079432416;-179.87981;3.345731
116178.079431462;-180.19541;3.3455806
116179.079431224;-179.77461;3.3464828
116181.079430747;-179.90017;3.3465328
116182.079430508;-179.97144;3.3460317
116183.07943027;-179.99858;3.3458312
116184.079430032;-179.93413;3.3470342
116185.079429793;-179.84248;3.3476355
116186.079429555;-179.92731;3.3459816
116187.079429316;-179.80177;3.347435
116188.079429078;-180.02233;3.3465328
116189.07942884;-179.8323;3.3471844
116190.079428601;-179.89677;3.3476856
116193.07942789;-179.97144;3.3479865
116194.079427655;-179.92394;3.3471344
116195.07942742;-179.96805;3.3485878
116196.079427185;-180.24292;3.3471844
116197.079426951;-179.78817;3.3485377
116198.079426716;-180.29045;3.3472848
116199.079426481;-179.96466;3.3487382
116200.079426247;-179.8323;3.3473349
116201.079426012;-179.87302;3.3480866
116202.079425777;-179.92731;3.3487883
116204.079425308;-179.8832;3.3480866
116205.079425073;-179.95784;3.3491893
116207.079424604;-180.14792;3.3485878
116208.079424369;-179.73728;3.349941
116209.079424134;-179.70673;3.34954
116210.0794239;-179.81872;3.3490388
116211.079423665;-180.27008;3.3493395
116212.07942343;-180.05289;3.3503921
116213.079423196;-179.69655;3.3514445
116214.079422961;-180.03931;3.3504922
116215.079422726;-179.9443;3.3506927
116216.079422492;-179.95448;3.3501916
116217.079422257;-180.18523;3.3501415
116218.079422022;-179.70333;3.3508933
116219.079421786;-179.97822;3.3504922
116220.079421548;-180.22597;3.3498909
116221.079421309;-180.14111;3.3507428
116222.079421071;-179.90017;3.351244
116224.079420594;-180.04609;3.3507428
116225.079420356;-179.93072;3.3514445
116227.079419879;-179.9952;3.3516951
116228.07941964;-180.04609;3.3510435
116229.079419402;-179.98841;3.3510938
116230.079419164;-179.86622;3.3521461
116232.079418686;-180.1072;3.3519456
116233.079418448;-179.78817;3.3528979
116234.07941821;-179.85945;3.3520961
116241.079416541;-179.91036;3.3524969
116242.079416302;-179.66602;3.35375
116243.079416064;-180.07325;3.3530483
116245.079415587;-180.03931;3.3532989
116246.079415353;-179.97822;3.3542011
116247.079415118;-180.05967;3.3534491
116248.079414883;-180.05967;3.3541007
116249.079414649;-180.17166;3.3530483
116250.079414414;-179.81194;3.3545518
116251.079414179;-179.89677;3.3540506
116254.079413475;-179.95108;3.3538001
116255.079413241;-179.78817;3.3550529
116257.079412771;-179.95784;3.3550529
116258.079412536;-180.0427;3.3538501
116259.079412302;-180.08681;3.3549528
116262.079411598;-179.74745;3.355504
116263.079411363;-179.81194;3.3564563
116264.079411128;-179.67278;3.3549528
116265.079410894;-180.15469;3.3547523
116266.079410659;-180.07664;3.3556044
116269.079409955;-180.22256;3.3555541
116270.07940972;-180.00538;3.3564062
116271.079409485;-180.39903;3.355855
116272.079409249;-180.13773;3.3566067
116273.07940901;-180.01556;3.3552535
116274.079408772;-179.9952;3.3560052
116275.079408534;-180.06984;3.3556545
116276.079408295;-179.81533;3.3570578
116277.079408057;-179.93748;3.3563561
116279.07940758;-179.91036;3.3562558
116280.079407342;-179.97484;3.3575089
116281.079407103;-179.91036;3.3570075
116282.079406865;-179.88659;3.3577595
116286.079405911;-179.95784;3.3570075
116287.079405673;-179.97484;3.3588119
116288.079405434;-179.95448;3.3574085
116289.079405196;-180.1038;3.357559
116290.079404957;-180.31081;3.3566568
116291.079404719;-180.06984;3.3573585
116292.079404481;-180.03931;3.3582606
116293.079404242;-180.34136;3.3575089
116294.079404004;-180.22597;3.3578596
116295.079403765;-180.18184;3.3583608
116296.079403527;-180.14792;3.3586113
116297.079403288;-179.7305;3.3594134
116298.079403051;-179.88659;3.3588619
116299.079402817;-180.08003;3.3590624
116300.079402582;-179.85605;3.3583107
116301.079402347;-180.16148;3.3581102
116302.079402113;-179.9918;3.3588119
116303.079401878;-179.88998;3.3583107
116304.079401643;-180.06645;3.3592129
116305.079401409;-180.00877;3.3584611
116306.079401174;-179.77122;3.3596137
116307.079400939;-179.93413;3.3587117
116308.079400704;-179.92053;3.3595135
116313.079399531;-180.03931;3.3599646
116314.079399296;-179.95784;3.3593631
116315.079399062;-179.98161;3.3598142
116316.079398827;-180.00197;3.3604658
116318.079398358;-179.74067;3.3603656
116319.079398123;-179.72031;3.3609669
116320.079397888;-179.68297;3.3606162
116321.079397653;-179.82213;3.3598142
116322.079397419;-180.14792;3.3605158
116323.079397184;-179.9952;3.3601148
116324.079396949;-179.76105;3.3609169
116327.079396236;-179.97484;3.3609669
116328.079395997;-180.00197;3.3617187
116334.079394567;-180.10039;3.3613179
116335.079394328;-179.94089;3.3619692
116338.079393613;-179.86963;3.3622701
116339.079393375;-180.00197;3.3612676
116340.079393136;-179.80853;3.3622701
116341.079392898;-180.15469;3.3611674
116342.079392659;-179.93413;3.3630219
116343.079392421;-179.96466;3.3615181
116344.079392182;-179.89339;3.3624704
116345.079391944;-180.13092;3.3615181
116346.079391706;-179.93413;3.3628213
116347.079391467;-179.88659;3.3625207
116348.079391229;-179.65583;3.3630719
116353.079390046;-180.26669;3.3625207
116354.079389811;-180.11056;3.3631721
116355.079389577;-180.22597;3.3621697
116356.079389342;-179.72709;3.3634226
116357.079389107;-179.87641;3.3635731
116358.079388873;-179.95448;3.3630719
116359.079388638;-179.77461;3.3627713
116360.079388403;-179.68978;3.3637235
116361.079388168;-179.86963;3.3640242
116362.079387934;-180.05628;3.3630219
116363.079387699;-179.81194;3.3644252
116364.079387464;-180.13433;3.3630719
116365.07938723;-179.96125;3.3633726
116366.079386995;-179.8323;3.3641746
116367.07938676;-180.03253;3.3644252
116368.079386526;-180.14452;3.3631721
116369.079386291;-179.78141;3.3646255
116371.079385821;-179.97144;3.3639238
116372.079385587;-180.01556;3.3646255
116373.079385352;-179.96805;3.3638237
116374.079385117;-180.16828;3.3640242
116375.079384883;-179.81194;3.3646255
116376.079384648;-180.31419;3.3638237
116377.079384413;-179.81194;3.3656781
116378.079384176;-179.81872;3.3645754
116379.079383937;-179.77122;3.3654776
116380.079383699;-179.83909;3.3640242
116381.079383461;-179.86284;3.364826
116382.079383222;-179.98841;3.3642247
116383.079382984;-179.8323;3.3654776
116387.07938203;-179.78817;3.3658786
116388.079381792;-179.9952;3.3649263
116389.079381553;-179.97484;3.3657281
116392.079380838;-180.02233;3.365628
116393.0793806;-179.95108;3.3647258
116394.079380361;-180.14792;3.3652771
116395.079380123;-179.95784;3.3667305
116396.079379884;-179.79497;3.3657281
116399.079379169;-180.05289;3.3661792
116400.079378931;-180.13773;3.365227
116401.079378692;-179.8255;3.3659787
116402.079378454;-180.11738;3.3667305
116403.079378215;-179.98161;3.3657281
116404.079377979;-179.86622;3.3663797
116406.07937751;-180.12075;3.3655777
116407.079377275;-179.96125;3.3661292
116408.079377041;-179.85266;3.3674321
116409.079376806;-179.98161;3.3666303
116411.079376336;-179.93413;3.3665299
116412.079376102;-179.80514;3.3674321
116416.079375163;-179.82891;3.3675325
116417.079374928;-179.84927;3.3665802
116418.079374694;-180.02913;3.3680336
116419.079374459;-179.64566;3.367332
116420.079374224;-179.92731;3.3679836
116423.07937352;-179.81872;3.3674321
116424.079373285;-179.62189;3.3680837
116426.079372816;-179.70333;3.3680336
116427.079372581;-179.85266;3.3689859
116428.079372347;-180.07325;3.3678331
116430.079371877;-179.89339;3.3674822
116431.079371639;-179.87302;3.3681839
116432.079371401;-179.92053;3.3677831
116433.079371162;-180.05628;3.366931
116434.079370924;-180.05967;3.3680837
116435.079370686;-179.90017;3.3687854
116438.07936997;-179.84927;3.3683844
116439.079369732;-179.74405;3.369086
116440.079369493;-179.90695;3.3696373
116441.079369255;-179.6117;3.3688855
116442.079369017;-180.25311;3.3679836
116443.079368778;-179.72031;3.3689358
116446.079368063;-180.03253;3.369086
116447.079367824;-180.38208;3.3682342
116448.079367586;-179.88659;3.3689859
116450.079367109;-179.95108;3.3682842
116451.079366871;-179.88998;3.3693366
116452.079366632;-180.01894;3.369036
116453.079366394;-180.01894;3.3695371
116456.079365679;-179.8323;3.3693366
116457.079365443;-179.97484;3.3687353
116459.079364974;-180.209;3.369036
116460.079364739;-180.03931;3.3695872
116463.079364035;-180.12075;3.3693867
116464.0793638;-180.21239;3.3688855
116466.079363331;-180.04948;3.3687353
116467.079363096;-180.1072;3.3701887
116468.079362861;-180.02573;3.3692365
116471.079362157;-179.98161;3.3695371
116472.079361923;-179.92731;3.3704894
116473.079361688;-180.07325;3.3693867
116474.079361453;-180.14452;3.3704393
116478.079360515;-179.84586;3.3705394
116479.07936028;-179.9952;3.3695371
116480.079360045;-179.97144;3.3701887
116481.07935981;-180.00877;3.3704894
116482.079359576;-179.87641;3.3710909
116483.07935934;-179.88998;3.3703892
116485.079358863;-179.97144;3.37079
116486.079358625;-179.98502;3.3700883
116489.07935791;-180.13773;3.3705394
116490.079357671;-179.95448;3.3692865
116491.079357433;-179.84927;3.3705394
116493.079356956;-180.02573;3.3705895
116494.079356718;-179.89677;3.3714917
116495.079356479;-180.19881;3.3701887
116496.079356241;-179.87641;3.371141
116497.079356002;-179.75764;3.3718927
116498.079355764;-179.97484;3.3712411
116500.079355287;-179.81194;3.3712411
116501.079355049;-179.69314;3.3722937
116504.079354333;-179.88998;3.3719928
116505.079354095;-179.9952;3.3713415
116506.079353857;-180.16828;3.3710909
116507.079353618;-179.84586;3.3721933
116508.07935338;-180.00877;3.3709404
116509.079353141;-179.81194;3.3717422
116510.079352906;-179.74745;3.3709404
116511.079352671;-179.75086;3.3714917
116512.079352437;-179.93748;3.3718927
116513.079352202;-180.02913;3.3713915
116514.079351967;-180.05628;3.3718426
116515.079351733;-179.81194;3.3734462
116516.079351498;-180.00877;3.37079
116517.079351263;-180.02233;3.3717926
116518.079351029;-179.66261;3.3722434
116519.079350794;-179.78817;3.3731456
116522.07935009;-179.95108;3.3725944
116523.079349855;-179.75423;3.3720431
116524.07934962;-180.28364;3.372494
116525.079349386;-180.15809;3.3715417
116526.079349151;-180.06645;3.3718927
116527.079348916;-180.24292;3.371141
116528.079348682;-179.65583;3.3735466
116529.079348447;-180.16488;3.3712912
116530.079348212;-179.77122;3.3728449
116533.079347508;-180.12075;3.3723438
116534.079347273;-180.19202;3.371141
116535.079347039;-179.87302;3.3724439
116537.079346564;-180.13433;3.3722434
116538.079346326;-180.11397;3.3727448
116541.079345611;-180.03592;3.3720431
116542.079345372;-179.95784;3.3730454
116543.079345134;-180.1038;3.3718426
116544.079344895;-179.99858;3.3729451
116545.079344657;-179.89677;3.3721433
116546.079344418;-180.18184;3.3715417
116547.07934418;-180.24633;3.3729451
116548.079343942;-179.67278;3.3739977
116549.079343703;-180.19541;3.3728449
116551.079343226;-180.23953;3.3728449
116552.079342988;-179.95448;3.3735466
116553.07934275;-179.66261;3.3737471
116554.079342511;-179.75764;3.374599
116555.079342273;-180.37189;3.3721433
116556.079342034;-179.87981;3.3730454
116563.07934037;-179.91375;3.373246
116564.079340135;-179.87641;3.3741982
116566.079339665;-179.65583;3.3743484
116567.079339431;-179.78141;3.373697
116570.079338727;-180.18184;3.373296
116571.079338492;-180.11738;3.3725944
116572.079338257;-180.19541;3.3723438
116573.079338023;-179.87981;3.3745489
116574.079337788;-180.14111;3.3735967
116575.079337553;-180.17845;3.3733461
116576.079337319;-179.86284;3.3738973
116579.079336614;-179.89677;3.3737471
116580.07933638;-180.03931;3.373246
116581.079336145;-180.08681;3.3733461
116582.07933591;-179.99858;3.3728449
116583.079335676;-179.84586;3.3734965
116584.079335441;-179.71352;3.3739977
116585.079335206;-179.73728;3.3748496
116586.079334972;-180.00197;3.3738472
116587.079334737;-179.95784;3.3737471
116588.079334502;-180.36511;3.3729451
116589.079334266;-179.94089;3.3740478
116590.079334027;-179.90017;3.3744988
116591.079333789;-179.76442;3.3739476
116592.07933355;-179.91036;3.3737471
116593.079333312;-179.85605;3.3742983
116594.079333074;-180.02573;3.3740978
116595.079332835;-180.11397;3.3731956
116596.079332597;-179.93748;3.3737471
116602.079331166;-180.03253;3.3746493
116603.079330928;-180.28705;3.3735967
116604.079330689;-180.02913;3.3747995
116605.079330451;-179.69655;3.3737471
116606.079330213;-180.00538;3.3739476
116607.079329974;-179.79836;3.3750501
116608.079329736;-179.9918;3.3743484
116609.079329497;-179.78478;3.3748496
116610.079329259;-179.92053;3.3734965
116611.07932902;-179.95784;3.3743484
116612.079328782;-179.88659;3.3753006
116613.079328544;-180.00877;3.3736467
116614.079328305;-179.79497;3.3736467
116615.079328068;-179.95784;3.3743985
116616.079327833;-179.76442;3.3739977
116617.079327598;-179.81194;3.3751504
116618.079327364;-179.68978;3.3743484
116619.079327129;-180.27008;3.3737471
116620.079326894;-179.76442;3.374599
116621.07932666;-180.12075;3.3738472
116625.079325721;-179.96466;3.3740978
116626.079325486;-179.82891;3.3746493
116630.079324547;-179.85945;3.3751504
116631.079324313;-179.84927;3.3743484
116632.079324078;-179.8323;3.3745489
116633.079323843;-179.97822;3.3754511
116634.079323609;-179.88998;3.3748496
116635.079323374;-179.93413;3.3748496
116636.079323139;-180.34813;3.3741982
116637.079322904;-179.95108;3.373697
116638.07932267;-180.03592;3.3749499
116640.0793222;-179.71352;3.3752005
116641.079321966;-179.98841;3.374599
116642.079321729;-180.40583;3.3743484
116643.07932149;-179.74745;3.3747995
116645.079321013;-179.68978;3.3752506
116646.079320775;-179.81194;3.3739476
116647.079320537;-180.21917;3.3744488
116648.079320298;-180.08344;3.3737471
116649.07932006;-180.17505;3.3742483
116655.079318629;-180.17845;3.3746493
116656.079318391;-179.81533;3.3758521
116657.079318152;-179.79497;3.3752005
116659.079317676;-180.03931;3.3752506
116660.079317437;-179.97822;3.3743985
116661.079317199;-180.28364;3.3744488
116662.07931696;-180.09361;3.3751504
116667.079315768;-179.79158;3.3758521
116668.079315531;-179.94089;3.3752506
116669.079315297;-180.30741;3.3747494
116670.079315062;-179.75423;3.3753006
116671.079314827;-179.97144;3.3744988
116672.079314592;-179.8255;3.3760023
116673.079314358;-179.94089;3.3758521
116674.079314123;-180.03253;3.3741479
116675.079313888;-179.78141;3.3755012
116676.079313654;-180.07664;3.375
116677.079313419;-179.85945;3.374599
116678.079313184;-179.84927;3.3759522
116679.07931295;-179.74405;3.375401
116680.079312715;-179.89339;3.3770046
116681.07931248;-179.63547;3.3757017
116682.079312245;-180.14111;3.3746493
116683.079312011;-180.00877;3.3756516
116684.079311776;-179.84927;3.3743484
116685.079311541;-180.22936;3.3751504
116686.079311307;-179.9918;3.3751504
116687.079311072;-180.07325;3.3757517
116688.079310837;-180.44655;3.3752506
116689.079310603;-180.04609;3.3747494
116692.079309899;-179.90358;3.3752506
116693.079309664;-180.09702;3.3744488
116694.079309429;-180.03931;3.3752005
116699.079308238;-179.97822;3.3756015
116700.079308;-179.68638;3.3766038
116701.079307761;-179.9952;3.3748999
116702.079307523;-179.71691;3.3758521
116706.079306569;-180.00877;3.3750501
116707.079306331;-180.1072;3.3758018
116708.079306092;-180.16828;3.3750501
116709.079305854;-180.02913;3.3757017
116710.079305615;-179.79836;3.3759022
116711.079305377;-180.00538;3.375401
116712.079305139;-180.25311;3.3752005
116713.0793049;-179.70333;3.3766038
116714.079304662;-180.31759;3.375401
116715.079304423;-179.69995;3.3753507
116716.079304185;-179.96466;3.376303
116718.079303708;-180.15128;3.3757017
116719.07930347;-180.1038;3.3748496
116720.079303231;-179.55061;3.3757017
116721.079302995;-180.14452;3.3744988
116722.07930276;-179.82213;3.3758521
116723.079302525;-179.79158;3.3755012
116724.079302291;-179.93072;3.3765538
116725.079302056;-180.24972;3.3747995
116726.079301821;-179.97144;3.3760023
116727.079301587;-180.03592;3.374599
116728.079301352;-179.96125;3.3756516
116731.079300648;-179.80853;3.3757017
116732.079300413;-180.01216;3.3752005
116733.079300178;-180.1038;3.3752005
116734.079299944;-179.74745;3.3766038
116735.079299709;-180.41261;3.3758018
116736.079299474;-179.78478;3.3764534
116737.07929924;-180.13092;3.3760524
116738.079299005;-179.89339;3.3754511
116739.07929877;-179.93748;3.3752506
116740.079298535;-180.0427;3.376303
116741.079298301;-179.8832;3.3763533
116742.079298066;-180.09702;3.3755512
116743.079297831;-180.01894;3.3761027
116749.079296416;-179.94089;3.3760023
116750.079296178;-179.87641;3.3768044
116751.079295939;-180.12416;3.3768044
116752.079295701;-180.11397;3.3760023
116755.079294986;-179.62869;3.3766038
116756.079294747;-179.93413;3.3756516
116757.079294509;-180.11397;3.3761528
116758.079294271;-180.24972;3.3755512
116759.079294032;-180.2022;3.3753006
116760.079293794;-179.85605;3.3766539
116763.079293078;-179.91375;3.3763533
116764.07929284;-180.12416;3.3756516
116765.079292602;-180.07325;3.3757517
116766.079292363;-179.95108;3.3764534
116768.079291886;-179.84927;3.3768044
116769.079291648;-179.90358;3.3761027
116770.079291409;-180.05289;3.3759022
116771.079291171;-179.85605;3.3766038
116772.079290933;-180.1072;3.3756516
116773.079290694;-180.0427;3.376303
116774.079290458;-179.85605;3.3768544
116775.079290223;-179.9918;3.3768044
116776.079289989;-179.96125;3.376303
116779.079289285;-179.80177;3.3765538
116780.07928905;-180.03592;3.3760524
116782.079288581;-180.03592;3.3760524
116783.079288346;-179.79497;3.3770046
116784.079288111;-179.79836;3.3773055
116785.079287877;-180.08681;3.3763533
116786.079287642;-179.81872;3.3765035
116787.079287407;-180.10039;3.3759522
116788.079287172;-179.84248;3.3764033
116789.079286938;-180.00197;3.3773556
116790.079286703;-180.01894;3.3764033
116792.079286234;-180.36172;3.3764534
116793.079285999;-180.22597;3.3774557
116794.079285764;-179.75423;3.376754
116795.07928553;-179.57438;3.3768044
116796.079285295;-180.26669;3.3758521
116797.07928506;-179.83909;3.3774557
116798.079284825;-179.71352;3.3775561
116799.079284591;-179.79836;3.376704
116801.079284117;-179.85266;3.3768044
116802.079283879;-180.15128;3.3761027
116804.079283402;-179.93413;3.3764033
116805.079283164;-180.10039;3.3755512
116806.079282925;-179.80514;3.3782074
116807.079282687;-179.70673;3.3769546
116808.079282448;-180.13773;3.3761027
116809.07928221;-179.86622;3.3770046
116810.079281971;-180.25652;3.3761027
116811.079281733;-180.13092;3.376704
116812.079281495;-179.97144;3.376704
116813.079281256;-180.30064;3.3758018
116814.079281018;-179.78141;3.3774056
116817.079280303;-180.00538;3.377506
116818.079280064;-180.06308;3.3768044
116819.079279826;-179.86622;3.3769045
116820.079279587;-179.92053;3.3776562
116821.079279349;-179.99858;3.3766539
116822.07927911;-180.05628;3.3762028
116823.079278872;-179.95108;3.3777063
116824.079278634;-179.79158;3.3775561
116825.079278395;-180.05967;3.3770046
116826.079278157;-179.87302;3.3774557
116827.079277921;-179.92394;3.3764534
116828.079277686;-180.07325;3.3762529
116829.079277452;-179.91375;3.377105
116830.079277217;-179.97144;3.3772051
116831.079276982;-180.24972;3.3764534
116832.079276748;-180.03253;3.3776562
116837.079275574;-179.9443;3.3774557
116838.07927534;-180.08003;3.3768044
116839.079275105;-180.03253;3.3765538
116840.07927487;-179.79497;3.3774056
116841.079274635;-179.78141;3.3786085
116842.079274401;-179.69995;3.3780572
116843.079274166;-179.87302;3.376704
116844.079273931;-180.04948;3.377506
116845.079273697;-179.93413;3.3779569
116846.079273462;-180.07325;3.3768044
116851.079272288;-179.8323;3.3773055
116852.079272054;-180.209;3.3768044
116853.079271818;-179.75423;3.377506
116854.07927158;-179.69314;3.3777566
116855.079271341;-180.18523;3.3769045
116856.079271103;-179.99858;3.3773055
116857.079270865;-179.77122;3.3782074
116858.079270626;-179.91375;3.3773556
116859.079270388;-180.0427;3.3772552
116860.079270149;-179.75764;3.3780072
116861.079269911;-179.8323;3.3777063
116862.079269672;-179.81533;3.3782578
116863.079269434;-179.84927;3.3772552
116864.079269196;-179.72709;3.3783579
116865.079268957;-180.28364;3.3771551
116868.079268242;-179.93748;3.3769546
116869.079268003;-179.99858;3.3775561
116870.079267765;-179.68978;3.3783579
116871.079267527;-179.9918;3.3769045
116872.079267288;-179.78478;3.3782074
116874.079266811;-179.71691;3.3776562
116875.079266573;-179.76105;3.3782578
116876.079266335;-179.68297;3.3779569
116877.079266096;-180.01556;3.3772552
116878.079265858;-180.12756;3.3770046
116879.07926562;-179.74745;3.377506
116880.079265385;-180.17505;3.3777566
116881.07926515;-180.17505;3.3770046
116882.079264916;-179.91375;3.3779569
116883.079264681;-179.82213;3.3774557
116885.079264212;-179.65242;3.3779569
116886.079263977;-180.07664;3.3768044
116887.079263742;-179.82891;3.3772051
116888.079263508;-179.82213;3.3790596
116889.079263273;-180.1038;3.3774557
116890.079263038;-179.82891;3.3785083
116891.079262803;-179.83909;3.3787088
116892.079262569;-180.06308;3.3781574
116893.079262334;-179.9443;3.3774557
116894.079262099;-180.00197;3.3771551
116895.079261865;-179.86963;3.3787088
116897.079261395;-179.8323;3.3780572
116898.079261161;-180.0902;3.3775561
116900.079260691;-180.08003;3.377105
116901.079260457;-180.41261;3.3777566
116902.079260222;-179.65583;3.3787589
116903.079259987;-180.00538;3.3777566
116904.079259752;-179.92053;3.3775561
116905.079259518;-180.10039;3.3770549
116906.079259282;-179.89677;3.3784583
116908.079258805;-179.8255;3.378408
116909.079258566;-179.71691;3.3789594
116910.079258328;-179.89339;3.3785083
116911.07925809;-179.88998;3.3779569
116912.079257851;-180.1038;3.3774557
116913.079257613;-179.82891;3.3785083
116914.079257374;-179.8255;3.3780072
116917.079256659;-180.06645;3.3780072
116918.079256421;-179.67278;3.3789091
116919.079256182;-180.01216;3.3779569
116920.079255944;-179.78478;3.378809
116921.079255705;-179.92394;3.3778567
116923.079255229;-180.321;3.3776562
116924.07925499;-179.97144;3.3781574
116925.079254752;-179.8832;3.3776062
116926.079254513;-180.02233;3.3783078
116929.079253798;-179.83569;3.3783579
116930.07925356;-179.69655;3.3790596
116931.079253321;-179.78817;3.3785083
116932.079253084;-180.22256;3.3780072
116933.079252849;-179.71691;3.3791096
116934.079252614;-180.09361;3.3790095
116935.07925238;-179.96125;3.3776562
116936.079252145;-179.96125;3.3787589
116937.07925191;-179.76781;3.3785083
116938.079251676;-179.78817;3.3790095
116939.079251441;-179.81533;3.3790596
116940.079251206;-179.9443;3.3785584
116941.079250971;-180.00197;3.378408
116942.079250737;-180.40244;3.3779068
116943.079250502;-179.85605;3.3785083
116944.079250267;-179.96125;3.378809
116945.079250033;-179.93072;3.3793101
116946.079249798;-179.78478;3.3787088
116947.079249563;-180.22256;3.3773055
116948.079249329;-179.67278;3.378408
116949.079249094;-180.04948;3.3784583
116950.079248859;-180.00538;3.3794105
116951.079248625;-180.1072;3.377506
116952.07924839;-180.04948;3.3786585
116953.079248155;-179.78817;3.378859
116954.07924792;-180.12416;3.3782578
116955.079247686;-179.8832;3.3794606
116956.079247451;-180.33117;3.3780572
116957.079247216;-180.02913;3.378859
116960.079246507;-180.0427;3.3781574
116961.079246268;-179.90017;3.3789594
116965.079245315;-180.1038;3.3789091
116966.079245076;-179.86284;3.3796108
116967.079244838;-179.67619;3.3790596
116969.079244361;-179.97484;3.3793101
116970.079244123;-180.13433;3.3780572
116971.079243884;-179.77461;3.3785083
116972.079243646;-180.45672;3.3785083
116973.079243407;-180.35153;3.378859
116974.079243169;-179.74745;3.3801622
116975.07924293;-179.80514;3.3789594
116976.079242692;-179.76442;3.3797112
116977.079242454;-179.91375;3.3785584
116978.079242215;-179.84927;3.3796611
116979.079241977;-180.23275;3.3791597
116980.079241738;-179.96805;3.3787088
116981.0792415;-179.9918;3.3793101
116982.079241261;-179.98161;3.3790596
116983.079241023;-179.9443;3.3782074
116984.079240785;-179.83909;3.3808639
116985.079240548;-179.90358;3.3785584
116986.079240313;-179.75764;3.3799617
116987.079240078;-179.75764;3.3786585
116988.079239844;-180.1072;3.3785083
116989.079239609;-179.95108;3.3793101
116990.079239374;-180.25991;3.3786585
116991.079239139;-179.77122;3.3795607
116992.079238905;-180.10039;3.3782074
116993.07923867;-179.81872;3.3795106
116994.079238435;-179.91713;3.3800619
116995.079238201;-179.93748;3.3799117
116996.079237966;-179.92053;3.3792601
116999.079237262;-179.91036;3.3796611
117000.079237027;-179.92394;3.3801622
117001.079236793;-179.86284;3.3798614
117002.079236558;-179.99858;3.37921
117003.079236323;-179.9952;3.378859
117004.079236088;-180.02233;3.3794105
117005.079235854;-179.94089;3.3794105
117006.079235619;-180.18184;3.378809
117007.079235384;-179.71691;3.3802624
117008.07923515;-180.02913;3.3796611
117009.079234915;-179.81194;3.3800118
117010.07923468;-180.209;3.37921
117011.079234446;-179.80514;3.3800118
117012.079234209;-180.21577;3.3790596
117013.07923397;-179.76781;3.3806634
117014.079233732;-179.94089;3.3797112
117015.079233493;-180.01556;3.3804128
117016.079233255;-179.79158;3.3803124
117017.079233016;-180.02233;3.3793602
117018.079232778;-179.72709;3.3808639
117019.07923254;-179.86963;3.3794606
117020.079232301;-179.90358;3.3795106
117021.079232063;-180.39903;3.3789594
117022.079231824;-180.17845;3.3795607
117024.079231348;-179.79836;3.3799617
117025.079231109;-180.02913;3.37921
117030.079229917;-179.8323;3.3799117
117031.079229679;-179.97822;3.3789594
117032.07922944;-180.13773;3.380964
117033.079229202;-180.12416;3.3797612
117034.079228963;-179.97822;3.3800619
117035.079228725;-179.83909;3.3807135
117036.079228487;-180.03253;3.380513
117037.079228248;-180.12075;3.3796611
117038.079228012;-179.8255;3.3806133
117041.079227307;-179.72369;3.3803124
117042.079227073;-179.96466;3.3810642
117043.079226838;-180.30741;3.3801119
117044.079226603;-180.38547;3.3794105
117045.079226369;-180.03931;3.3806634
117046.079226134;-180.12416;3.3796611
117050.079225195;-179.96805;3.3797112
117051.079224961;-179.81533;3.3806133
117052.079224726;-179.72369;3.3810141
117053.079224491;-180.0427;3.3802123
117054.079224256;-180.17166;3.3799617
117055.079224022;-179.86963;3.380914
117056.079223787;-179.75086;3.3802123
117057.079223552;-179.74745;3.381315
117058.079223318;-180.01894;3.3806634
117059.079223083;-180.42959;3.3799117
117061.079222614;-179.81872;3.3804629
117062.079222379;-180.43977;3.3804629
117063.079222144;-179.84586;3.381315
117064.07922191;-179.97822;3.3810141
117065.079221672;-179.80853;3.3816156
117068.079220956;-179.98502;3.3807135
117069.079220718;-179.76105;3.3814652
117070.079220479;-180.15469;3.3807135
117072.079220003;-179.97144;3.3806634
117073.079219764;-180.03592;3.3797112
117074.079219526;-180.03931;3.3803124
117075.079219287;-179.94089;3.380964
117077.079218811;-179.86284;3.380914
117078.079218572;-179.85605;3.3804128
117080.079218095;-180.29045;3.380513
117081.079217857;-180.22256;3.3799617
117082.079217618;-179.83569;3.3822169
117083.07921738;-179.72709;3.3816156
117084.079217141;-180.22936;3.3804629
117085.079216903;-179.83909;3.3815153
117086.079216665;-179.82213;3.3817158
117087.079216426;-180.02233;3.3804629
117088.079216188;-180.07325;3.3803124
117089.079215949;-179.95108;3.3818161
117092.07921524;-179.87981;3.3810642
117093.079215005;-180.16828;3.3803124
117094.079214771;-179.93072;3.3813651
117096.079214301;-179.76442;3.3814652
117097.079214067;-179.96125;3.3821669
117098.079213832;-180.19881;3.380964
117099.079213597;-180.29383;3.3804629
117100.079213363;-179.90358;3.3814151
117101.079213128;-179.70673;3.3818662
117102.079212893;-179.71014;3.3823674
117103.079212658;-179.72031;3.3818161
117104.079212424;-179.9918;3.3810642
117106.079211954;-179.71691;3.3818662
117107.07921172;-180.17166;3.380964
117109.07921125;-179.9918;3.3815656
117110.079211016;-179.95448;3.3810141
117111.079210781;-179.92731;3.3816657
117112.079210546;-180.16148;3.380513
117113.079210312;-179.94089;3.3812146
117116.079209607;-180.18523;3.3810642
117117.079209373;-179.77461;3.3823173
117118.079209134;-179.9918;3.3806133
117119.079208896;-179.68978;3.3823674
117120.079208658;-180.03592;3.3815153
117121.079208419;-180.14452;3.3823173
117122.079208181;-180.11397;3.3815153
117123.079207942;-179.97822;3.3822169
117125.079207465;-179.81194;3.3822169
117126.079207227;-179.96805;3.3815656
117127.079206989;-180.12756;3.380513
117128.07920675;-180.00877;3.3811145
117129.079206512;-179.84248;3.3824174
117131.079206035;-179.59473;3.3824174
117132.079205796;-179.92053;3.3819163
117133.079205558;-180.21239;3.3815153
117134.07920532;-179.80853;3.3822672
117135.079205081;-180.08344;3.3815656
117136.079204843;-179.80853;3.3823674
117137.079204604;-179.75423;3.3829687
117138.079204366;-179.90695;3.3829687
117139.079204128;-180.15809;3.3814151
117142.079203412;-179.87302;3.3824675
117143.079203174;-179.91036;3.3818662
117144.079202938;-179.92731;3.3821168
117145.079202704;-179.91036;3.382668
117148.079201999;-180.05628;3.3824174
117149.079201765;-179.98841;3.3818662
117150.07920153;-180.09361;3.3828185
117152.079201061;-180.09702;3.3831191
117153.079200826;-180.13773;3.3810642
117154.079200591;-179.90017;3.382618
117157.079199887;-179.8255;3.383069
117158.079199653;-180.19541;3.3822672
117159.079199418;-179.93072;3.3823674
117160.079199183;-179.70333;3.3834198
117161.079198948;-180.06645;3.3815153
117162.079198714;-179.97484;3.3821669
117163.079198479;-180.20559;3.3817658
117164.079198244;-179.77122;3.3823173
117166.079197775;-180.15128;3.3828685
117167.07919754;-179.85945;3.3835702
117170.079196836;-179.8323;3.382668
117171.079196597;-179.68638;3.3839712
117172.079196359;-179.91713;3.3825679
117173.079196121;-179.75423;3.383069
117174.079195882;-179.75086;3.3836203
117175.079195644;-179.72709;3.3839209
117176.079195405;-179.9443;3.3825679
117177.079195167;-180.04948;3.3831692
117178.079194928;-179.97144;3.3825679
117179.07919469;-179.98841;3.3835702
117180.079194452;-179.84586;3.3837707
117181.079194213;-180.05967;3.3821168
117182.079193975;-180.23616;3.3829687
117184.079193498;-179.86284;3.3829687
117185.079193259;-179.90017;3.3823674
117186.079193021;-180.36511;3.3829186
117187.079192783;-179.71691;3.3842719
117188.079192544;-180.01894;3.3831692
117189.079192306;-180.16148;3.3833196
117190.079192067;-180.38884;3.3828185
117191.079191829;-179.68638;3.3840213
117192.079191591;-179.80514;3.3832195
117193.079191352;-179.82891;3.3838208
117194.079191114;-180.48048;3.3833697
117195.079190875;-180.24972;3.382618
117196.079190637;-180.16148;3.3834701
117198.079190167;-179.77122;3.3833196
117199.079189933;-179.84248;3.3844223
117200.079189698;-179.89339;3.3839712
117201.079189463;-179.97822;3.3828685
117203.079188994;-180.1072;3.3834198
117204.079188759;-179.93072;3.3827181
117205.079188525;-179.81533;3.3840714
117206.07918829;-179.81533;3.3844724
117207.079188055;-179.74405;3.3850737
117208.079187821;-179.75086;3.3834198
117209.079187586;-179.74745;3.3845224
117210.079187351;-180.03592;3.3840714
117211.079187116;-179.69995;3.3845725
117212.079186882;-179.78141;3.3839209
117213.079186647;-180.08681;3.3825178
117214.079186412;-180.33117;3.3832695
117215.079186178;-179.86622;3.3841214
117216.079185943;-179.80853;3.3837206
117217.079185708;-179.92394;3.384372
117218.079185474;-180.04948;3.3834198
117219.079185239;-179.76781;3.3844724
117221.07918477;-179.86622;3.3842218
117222.079184535;-179.64566;3.3847229
117223.079184299;-179.96125;3.3839712
117225.079183822;-180.37189;3.3837206
117226.079183584;-180.05967;3.383019
117227.079183346;-179.91036;3.3843219
117228.079183107;-180.08344;3.3838708
117229.079182869;-180.11738;3.3845224
117232.079182153;-180.04609;3.3835702
117233.079181915;-179.77461;3.3849235
117234.079181677;-179.86284;3.3842218
117235.079181438;-179.92731;3.3842719
117236.0791812;-179.70673;3.3854246
117237.079180961;-180.07325;3.3831692
117238.079180723;-179.75086;3.3850236
117239.079180485;-179.79836;3.3850737
117240.079180246;-179.90358;3.384372
117241.079180008;-180.17166;3.3837707
117242.079179769;-179.71691;3.3849235
117245.079179054;-180.01216;3.3839712
117246.079178816;-180.07664;3.385124
117248.079178339;-179.96466;3.3852241
117249.079178101;-179.9443;3.3840714
117250.079177866;-179.96805;3.385174
117255.079176693;-180.17505;3.3844223
117256.079176458;-179.90017;3.3857253
117257.079176223;-179.97822;3.3847229
117259.079175754;-180.29045;3.384773
117260.079175519;-179.79158;3.3856251
117261.079175284;-180.01216;3.3859258
117262.07917505;-179.91713;3.3853242
117263.079174815;-179.79836;3.3861763
117265.079174346;-179.84586;3.3862765
117266.079174111;-179.78817;3.3847229
117267.079173876;-179.87981;3.3858757
117268.079173642;-179.9918;3.3852742
117274.079172233;-180.01556;3.3857253
117275.079171999;-180.31419;3.3847229
117276.079171763;-179.6185;3.3862765
117277.079171524;-179.98502;3.3855748
117278.079171286;-180.34813;3.3858254
117279.079171047;-179.86622;3.3848231
117282.079170332;-180.11056;3.3852742
117283.079170094;-180.06645;3.3865271
117285.079169617;-179.9952;3.3862264
117286.079169378;-180.05289;3.3857253
117287.07916914;-179.78141;3.3863268
117288.079168902;-180.08344;3.3855247
117289.079168663;-179.94089;3.3858254
117290.079168425;-180.19202;3.3850737
117291.079168186;-180.24972;3.3850236
117292.079167948;-180.35491;3.3857253
117293.079167709;-179.79158;3.386878
117295.079167233;-179.67619;3.386477
117296.079166994;-179.92053;3.3857253
117297.079166756;-179.69655;3.387279
117298.079166517;-179.94767;3.3863769
117299.079166279;-180.1038;3.385174
117300.079166041;-179.96805;3.3862765
117301.079165802;-180.416;3.3858757
117302.079165565;-179.90358;3.3874793
117303.07916533;-179.97484;3.3865271
117304.079165095;-179.78817;3.3863268
117305.079164861;-179.85945;3.3855247
117306.079164626;-180.12075;3.3854747
117307.079164391;-179.98841;3.3865271
117308.079164156;-179.80177;3.3871787
117309.079163922;-179.78141;3.3865774
117310.079163687;-180.0902;3.3861263
117311.079163452;-180.00197;3.3866274
117312.079163218;-180.00197;3.3858254
117313.079162983;-180.31081;3.3854747
117314.079162748;-179.85605;3.3860762
117315.079162514;-179.70673;3.3868279
117317.079162044;-180.05628;3.386477
117318.07916181;-179.91375;3.3871787
117319.079161575;-179.76442;3.3869281
117320.07916134;-180.25311;3.3859758
117321.079161105;-179.77122;3.3870285
117323.079160636;-180.27688;3.3865774
117324.079160401;-180.02233;3.3859258
117325.079160167;-179.93072;3.3865774
117326.079159932;-180.28027;3.3863268
117327.079159697;-179.90358;3.3872287
117328.079159463;-179.87302;3.3876297
117329.079159226;-180.18523;3.3862264
117330.079158987;-180.08344;3.3877802
117331.079158749;-180.11397;3.3863268
117332.07915851;-179.68978;3.3874292
117333.079158272;-180.15469;3.3857753
117334.079158033;-179.91375;3.3874292
117337.079157318;-179.87641;3.3876297
117338.07915708;-180.40922;3.387279
117339.079156841;-180.12416;3.3866775
117346.079155172;-179.95784;3.3874793
117347.079154934;-179.91036;3.3880308
117348.079154696;-180.00197;3.3879304
117349.079154457;-180.05967;3.387279
117350.079154219;-180.05628;3.3873792
117351.07915398;-179.87981;3.388181
117352.079153742;-179.83569;3.3882813
117353.079153504;-180.16828;3.3870785
117354.079153265;-179.97822;3.3878303
117355.079153028;-180.37528;3.3879304
117356.079152793;-180.07325;3.3870285
117357.079152559;-180.30064;3.3871787
117358.079152324;-180.24292;3.3876798
117359.079152089;-179.85605;3.3879807
117360.079151855;-179.78817;3.3889329
117361.07915162;-179.84586;3.3883815
117365.079150681;-179.77461;3.3883314
117366.079150446;-179.84927;3.3877802
117367.079150212;-180.04609;3.3882313
117368.079149977;-179.76781;3.3892336
117369.079149742;-179.87981;3.388983
117370.079149508;-179.93748;3.3872287
117371.079149273;-179.8323;3.3885319
117372.079149038;-180.07325;3.3887324
117373.079148804;-179.74745;3.3902359
117374.079148569;-179.81194;3.3877802
117375.079148334;-180.06645;3.3877802
117376.0791481;-179.71352;3.3890831
117379.079147395;-179.95108;3.3887324
117380.079147161;-179.89339;3.3899353
117381.079146926;-179.93413;3.3891835
117382.079146688;-179.67278;3.3897848
117383.07914645;-180.1072;3.3896344
117384.079146211;-180.06308;3.3886321
117385.079145973;-179.65583;3.3896344
117386.079145734;-179.85266;3.3890331
117387.079145496;-180.0902;3.3883314
117388.079145258;-180.05967;3.3891332
117389.079145019;-180.17166;3.3897347
117390.079144781;-179.8255;3.3892837
117391.079144542;-179.82891;3.3898349
117392.079144304;-179.71014;3.3896847
117393.079144066;-180.36848;3.3883815
117394.079143827;-179.89677;3.388181
117395.079143589;-179.8255;3.390286
117398.079142873;-180.03931;3.3902359
117399.079142635;-180.08344;3.3884315
117400.079142397;-180.05628;3.3895843
117401.079142158;-180.25311;3.3890331
117402.07914192;-179.78478;3.3897848
117405.079141204;-179.80177;3.3898349
117406.079140966;-179.90358;3.3890831
117407.079140728;-180.21917;3.3894842
117408.079140491;-179.91375;3.3899853
117412.079139552;-179.90695;3.3891332
117413.079139318;-179.68297;3.3911381
117414.079139083;-179.57438;3.390286
117417.079138379;-179.72031;3.3902359
117418.079138144;-179.72709;3.3910377
117419.079137909;-179.92053;3.3895342
117420.079137675;-180.13092;3.3899353
117421.07913744;-179.99858;3.3905365
117422.079137205;-179.66261;3.3910377
117423.079136971;-179.97484;3.3903863
117425.079136501;-179.65583;3.3907871
117426.079136267;-179.79158;3.3900855
117432.079134858;-180.05967;3.3905365
117433.079134624;-180.06984;3.3900354
117434.079134389;-179.87302;3.3910377
117435.079134151;-179.76105;3.3915391
117436.079133912;-180.0902;3.3904865
117437.079133674;-179.94089;3.3921404
117438.079133435;-179.97822;3.3902359
117439.079133197;-180.209;3.3898349
117440.079132959;-179.778;3.3913386
117441.07913272;-179.80514;3.3910377
117442.079132482;-180.12075;3.3899853
117443.079132243;-179.75086;3.3916893
117444.079132005;-180.31419;3.3906369
117445.079131766;-180.43298;3.3908374
117446.079131528;-179.73728;3.3911381
117447.07913129;-179.85266;3.3919899
117448.079131051;-180.13773;3.3907871
117451.079130336;-180.04948;3.3908374
117452.079130098;-179.85945;3.3914888
117453.079129859;-179.85605;3.3922405
117454.079129621;-179.94767;3.3916392
117457.079128905;-179.83569;3.3914888
117458.079128667;-179.81872;3.3922908
117459.079128429;-180.09702;3.3913887
117462.07912772;-179.93748;3.3919399
117463.079127485;-179.82213;3.391088
117464.07912725;-179.94089;3.3917394
117469.079126077;-179.93072;3.3919399
117470.079125842;-179.97484;3.3913887
117471.079125608;-179.8323;3.3925915
117473.079125138;-179.80177;3.3930426
117474.079124904;-180.09702;3.3914387
117475.079124669;-179.79497;3.3925915
117476.079124434;-180.08003;3.3917394
117477.079124199;-180.16488;3.3918898
117478.079123965;-179.81194;3.3932931
117480.079123495;-179.84586;3.3934436
117481.079123261;-179.91036;3.392792
117482.079123026;-180.07664;3.3935938
117483.079122791;-180.01216;3.3930926
117484.079122557;-180.0427;3.3926415
117485.079122322;-179.71352;3.3936942
117486.079122087;-179.97822;3.3929925
117487.079121852;-179.91375;3.392792
117488.079121614;-180.1038;3.3922405
117491.079120898;-179.95108;3.392391
117492.07912066;-179.77122;3.3935938
117493.079120422;-179.98502;3.3930426
117494.079120183;-180.19202;3.3927419
117495.079119945;-179.85605;3.3935437
117496.079119706;-180.03592;3.3928921
117497.079119468;-179.90017;3.3934436
117501.079118514;-179.92731;3.3934937
117502.079118276;-180.02233;3.3926415
117503.079118037;-179.89339;3.394145
117504.079117799;-180.18864;3.3931928
117505.079117561;-179.98161;3.3940949
117506.079117322;-179.778;3.3936942
117507.079117084;-180.02573;3.3928421
117508.079116845;-180.11738;3.3936942
117509.079116607;-179.68297;3.3935938
117510.079116368;-179.69655;3.3945961
117511.07911613;-179.87641;3.3940949
117512.079115892;-179.8323;3.3935938
117514.079115418;-179.82891;3.3933933
117515.079115183;-179.86963;3.3940449
117517.079114714;-180.03592;3.3939948
117518.079114479;-180.209;3.3950472
117519.079114245;-179.81194;3.3946965
117520.07911401;-179.86284;3.3941953
117522.07911354;-180.00538;3.394145
117523.079113306;-179.65242;3.3952477
117524.079113071;-179.79158;3.3935437
117526.079112602;-180.29383;3.3938944
117527.079112367;-180.03253;3.3950472
117529.079111898;-179.69995;3.3949471
117530.079111663;-179.97822;3.3943958
117531.079111428;-179.67619;3.3949971
117532.079111194;-179.84248;3.3941953
117534.079110724;-180.0902;3.3940949
117535.079110489;-180.04609;3.3947966
117536.079110255;-179.98502;3.3953981
117537.07911002;-179.93413;3.3957489
117538.079109785;-179.88659;3.3950973
117539.079109551;-179.94089;3.3939948
117540.079109315;-179.72709;3.3956487
117541.079109077;-179.8832;3.3951976
117542.079108838;-179.67958;3.3958492
117543.0791086;-180.18864;3.3940449
117544.079108361;-179.98502;3.3937943
117545.079108123;-179.7305;3.39625
117546.079107885;-179.92394;3.396601
117547.079107646;-179.93072;3.3957989
117548.079107408;-179.96466;3.3949471
117549.079107169;-179.79497;3.3954983
117550.079106931;-179.97484;3.3943958
117551.079106692;-179.9443;3.3954983
117554.079105977;-179.69995;3.3956487
117555.079105739;-180.23275;3.3951476
117556.0791055;-179.77461;3.3960495
117557.079105262;-179.9952;3.394897
117558.079105024;-180.06984;3.3952978
117559.079104785;-179.88998;3.3958993
117560.079104547;-179.98161;3.3963504
117561.079104308;-179.90358;3.3954482
117562.07910407;-179.64225;3.3969517
117563.079103831;-180.36848;3.3953981
117564.079103593;-179.66261;3.3968515
117565.079103355;-180.42959;3.3956988
117566.079103116;-180.38208;3.3952978
117567.079102882;-180.01216;3.3958993
117568.079102647;-180.03931;3.396651
117569.079102412;-179.76781;3.3967011
117570.079102177;-180.12075;3.3958993
117571.079101943;-179.65242;3.3973527
117572.079101708;-179.94089;3.3957489
117573.079101473;-179.76781;3.3973026
117574.079101239;-179.89339;3.3956988
117576.079100769;-180.00197;3.3956988
117577.079100535;-180.03931;3.396651
117580.079099831;-180.12075;3.3967512
117581.079099596;-179.94089;3.3973527
117582.079099361;-179.73388;3.3978539
117583.079099126;-179.79497;3.3969517
117585.079098657;-180.16828;3.3965509
117586.079098422;-179.97144;3.3971021
117587.079098188;-179.55402;3.3974528
117588.079097953;-180.09361;3.396601
117589.079097718;-179.80853;3.3974028
117592.079097014;-179.82891;3.3979039
117593.079096778;-180.35491;3.3961999
117594.07909654;-179.68978;3.3976533
117595.079096301;-180.07664;3.3976533
117596.079096063;-179.79497;3.3984051
117597.079095824;-179.92394;3.397052
117598.079095586;-180.07664;3.3974028
117599.079095348;-179.81872;3.3984051
117600.079095109;-180.21577;3.3961499
117601.079094871;-179.88998;3.3977034
117603.079094394;-179.97822;3.3981044
117604.079094156;-180.0902;3.3974528
117610.079092725;-179.86284;3.3977537
117611.079092487;-179.81533;3.3986056
117612.079092248;-179.89677;3.3990066
117613.07909201;-180.06645;3.3974528
117614.079091771;-180.25991;3.3981545
117616.079091295;-180.00877;3.3983049
117617.079091056;-179.8323;3.3990066
117618.079090818;-180.13433;3.3977034
117619.07909058;-179.91036;3.3981044
117620.079090345;-180.05967;3.3986056
117622.079089876;-179.74745;3.399157
117623.079089641;-179.81533;3.3986056
117624.079089406;-179.75086;3.3992071
117625.079089172;-179.90695;3.3991067
117626.079088937;-179.94767;3.3984051
117628.079088467;-180.34136;3.3985054
117629.079088233;-179.72369;3.3998084
117631.079087763;-179.77122;3.3998084
117632.079087529;-179.98502;3.3990066
117636.07908659;-179.97144;3.3995078
117637.079086355;-179.96805;3.3983049
117638.079086121;-179.82891;3.400059
117639.079085886;-180.17166;3.3992071
117640.079085651;-179.94089;3.3992572
117641.079085416;-179.82213;3.3998084
117642.079085182;-180.24292;3.399157
117643.079084947;-179.97484;3.3993073
117644.079084712;-179.78478;3.4003096
117645.079084478;-180.07664;3.3989062
117646.079084241;-179.97144;3.3997583
117648.079083764;-179.76781;3.4001093
117649.079083525;-180.03931;3.3993073
117650.079083287;-179.91036;3.4002595
117651.079083049;-179.87981;3.3998084
117652.07908281;-179.76442;3.4006104
117659.079081141;-180.35153;3.3999588
117660.079080903;-179.8323;3.4002094
117661.079080664;-179.85605;3.4016628
117662.079080426;-179.76781;3.4012618
117663.079080188;-179.81872;3.4003599
117664.079079949;-179.78478;3.4011116
117666.079079472;-179.81194;3.4009111
117667.079079234;-180.13773;3.3994076
117668.079078995;-180.01216;3.4003599
117669.079078757;-179.87302;3.4011116
117670.079078519;-180.1038;3.4005601
117671.07907828;-180.00538;3.4010112
117672.079078043;-179.86963;3.4005101
117673.079077808;-180.25652;3.4002595
117674.079077573;-179.7305;3.4019635
117675.079077339;-179.66941;3.4012117
117676.079077104;-179.94089;3.4003096
117677.079076869;-179.75086;3.4014122
117678.079076635;-180.22256;3.3999088
117679.0790764;-179.63547;3.4016628
117680.079076165;-180.30064;3.4003599
117681.07907593;-179.68638;3.4013622
117682.079075696;-179.99858;3.4018133
117683.079075461;-179.97484;3.4006104
117684.079075226;-179.78817;3.4009612
117685.079074992;-179.76442;3.4018133
117686.079074757;-179.81194;3.4010112
117687.079074522;-179.73728;3.401763
117688.079074288;-179.83909;3.4010112
117689.079074053;-180.27008;3.400861
117690.079073818;-180.26669;3.4003599
117691.079073584;-179.81194;3.402164
117696.07907241;-179.80177;3.4027655
117697.079072175;-180.28705;3.4016628
117699.079071703;-179.95108;3.4021139
117700.079071465;-180.36511;3.4013121
117701.079071226;-179.69314;3.4024146
117704.079070511;-179.79158;3.4021139
117705.079070273;-180.39225;3.402164
117706.079070034;-179.6185;3.4028656
117707.079069796;-179.8323;3.402565
117708.079069557;-179.93072;3.4019134
117709.079069319;-180.24972;3.4028156
117710.079069081;-180.18184;3.401763
117711.079068842;-180.33795;3.4015627
117712.079068604;-180.16148;3.402966
117713.079068365;-179.81533;3.4029157
117714.079068127;-180.05289;3.4019635
117715.079067889;-179.80177;3.4031162
117718.079067173;-179.95108;3.4029157
117719.079066935;-180.14792;3.4016628
117720.079066696;-179.96466;3.4028156
117725.079065506;-179.96805;3.4028156
117726.079065271;-179.88998;3.4033167
117727.079065037;-180.0427;3.4026151
117729.079064567;-179.95448;3.4032166
117730.079064333;-179.88998;3.4023144
117731.079064098;-179.62189;3.4040685
117732.079063863;-179.85605;3.4031162
117736.079062925;-180.04948;3.4029157
117737.07906269;-179.81533;3.4034672
117738.079062455;-179.96805;3.4027655
117739.07906222;-179.96125;3.4040184
117740.079061986;-180.14792;3.4028156
117741.079061751;-179.81533;3.4041185
117742.079061516;-180.07325;3.4027152
117743.079061282;-179.97484;3.4037678
117750.079059639;-179.86963;3.4039183
117751.079059404;-180.06308;3.4031162
117752.079059166;-179.98502;3.4030662
117753.079058928;-179.94767;3.4043691
117754.079058689;-179.95448;3.4036674
117755.079058451;-179.92053;3.4039683
117756.079058213;-180.11397;3.4032166
117757.079057974;-179.8832;3.404319
117758.079057736;-179.97822;3.4028156
117764.079056305;-180.00197;3.404319
117765.079056067;-179.75423;3.4051211
117766.079055828;-179.74067;3.4041185
117770.079054875;-180.12756;3.4040184
117771.079054636;-179.8323;3.4048705
117772.079054398;-179.65583;3.40467
117773.079054159;-180.06645;3.4040685
117774.079053921;-179.90695;3.4038179
117775.079053683;-180.03931;3.4045196
117778.07905297;-180.19881;3.4043691
117779.079052735;-180.29723;3.4035673
117781.079052266;-179.9443;3.4039183
117782.079052031;-180.02573;3.4046197
117783.079051797;-179.92731;3.4034169
117784.079051562;-180.06984;3.4042189
117785.079051327;-179.80853;3.4044194
117786.079051093;-179.98161;3.4049206
117787.079050858;-180.05628;3.4055219
117788.079050623;-179.90358;3.40467
117789.079050388;-180.32777;3.4039183
117790.079050154;-179.90017;3.40467
117791.079049919;-180.23953;3.4046197
117792.079049684;-179.73728;3.4059229
117793.07904945;-180.31419;3.4045696
117794.079049215;-179.77122;3.4051712
117796.079048746;-180.15469;3.4056222
117797.079048511;-180.18523;3.4048705
117798.079048276;-179.67619;3.4054217
117799.079048042;-180.04609;3.4044194
117801.079047572;-179.81194;3.4050207
117802.079047337;-179.77461;3.4057724
117808.079045914;-180.03253;3.4052713
117809.079045676;-179.81533;3.4067247
117810.079045438;-180.00877;3.4053214
117811.079045199;-179.74405;3.4062235
117812.079044961;-180.04609;3.4054718
117814.079044484;-179.95784;3.4057724
117815.079044245;-180.01894;3.4051712
117819.079043292;-179.97144;3.4060733
117820.079043053;-180.12756;3.4051211
117821.079042815;-180.22256;3.4058228
117822.079042577;-179.84927;3.406374
117823.079042338;-179.60833;3.4071257
117824.0790421;-179.97822;3.4058228
117829.079040908;-180.11738;3.4065242
117830.079040669;-180.06645;3.404319
117831.079040434;-179.68638;3.4066746
117832.079040199;-179.70673;3.4076269
117833.079039965;-180.01894;3.4065745
117834.07903973;-179.98502;3.4057224
117835.079039495;-180.34813;3.4064741
117836.079039261;-179.79497;3.4070256
117837.079039026;-179.88998;3.4068251
117838.079038791;-180.03931;3.4061735
117840.079038322;-179.92394;3.4060733
117841.079038087;-179.83909;3.4070256
117845.079037148;-179.81872;3.4069753
117846.079036914;-180.08003;3.405973
117847.079036679;-179.92731;3.4066746
117848.079036444;-180.14792;3.4064741
117849.07903621;-180.00877;3.4074264
117850.079035975;-179.75423;3.4075267
117851.07903574;-179.92731;3.406424
117852.079035505;-179.96125;3.406424
117853.079035271;-179.77461;3.4070756
117854.079035036;-179.89339;3.4063239
117855.079034801;-179.76781;3.4070256
117856.079034567;-179.88998;3.4062736
117857.079034332;-179.74067;3.4080279
117858.079034093;-179.90358;3.4072762
117861.079033378;-180.03253;3.4066746
117862.079033139;-179.76105;3.4079275
117864.079032663;-179.84248;3.4080279
117865.079032424;-180.04948;3.4071257
117866.079032186;-179.78141;3.4071758
117867.079031947;-180.05289;3.4065745
117868.079031709;-180.03253;3.4072258
117871.079030994;-179.93072;3.4074264
117872.079030755;-180.04609;3.4067247
117873.079030517;-180.27688;3.4068751
117874.079030278;-179.84586;3.4075267
117875.07903004;-180.01556;3.4069753
117876.079029802;-179.7305;3.4082284
117877.079029563;-179.77461;3.406775
117878.079029325;-179.77461;3.4074264
117880.079028848;-179.89339;3.4077773
117881.07902861;-179.82213;3.4068751
117882.079028371;-179.99858;3.4076269
117883.079028133;-179.87302;3.4070256
117884.079027898;-179.64225;3.4086795
117885.079027663;-180.01556;3.4076769
117886.079027429;-179.88998;3.4071758
117887.079027194;-180.01556;3.4073262
117888.079026959;-179.89677;3.4078774
117890.07902649;-179.80177;3.4079275
117891.079026255;-179.95448;3.4074264
117892.07902602;-179.97484;3.4072762
117893.079025786;-179.79158;3.4083285
117894.079025551;-180.09702;3.4075768
117896.079025082;-180.04609;3.4073262
117897.079024847;-180.18523;3.4078274
117900.079024143;-180.06645;3.4076269
117901.079023908;-179.79836;3.4087296
117902.079023674;-179.77122;3.4085791
117903.079023439;-179.89677;3.4073763
117904.079023204;-179.85266;3.4074264
117905.079022969;-180.14452;3.4090803
117906.079022735;-179.93748;3.4086795
117907.0790225;-179.93748;3.4079778
117908.079022265;-179.96805;3.4086292
117909.079022031;-180.08681;3.4079275
117910.079021795;-179.92053;3.408078
117911.079021557;-179.80514;3.4087296
117912.079021318;-180.01216;3.4078274
117913.07902108;-180.01216;3.4074764
117914.079020841;-180.27688;3.408078
117915.079020603;-180.01894;3.4079275
117916.079020365;-180.16828;3.4093809
117917.079020126;-180.07664;3.4092307
117918.079019888;-179.92394;3.4082785
117919.079019649;-179.97822;3.408479
117920.079019411;-179.76442;3.4091806
117921.079019172;-180.18184;3.4079778
117922.079018934;-179.96125;3.4091806
117923.079018695;-179.86963;3.4088297
117924.079018457;-180.07664;3.4093308
117925.079018219;-180.00538;3.4091806
117926.07901798;-179.92053;3.4086292
117930.079017026;-179.87981;3.4094813
117931.079016788;-180.00197;3.4087296
117932.07901655;-179.82213;3.4093308
117933.079016311;-180.23275;3.4088798
117934.079016073;-180.34472;3.4080279
117936.079015596;-179.9918;3.4082284
117937.079015362;-179.75764;3.4093308
117938.079015127;-180.39225;3.4086795
117939.079014892;-179.99858;3.4082284
117940.079014658;-179.97822;3.4095314
117941.079014423;-179.98502;3.4087296
117942.079014188;-180.15469;3.4093308
117943.079013954;-179.85266;3.410183
117945.079013484;-179.95784;3.4100826
117946.079013249;-179.90017;3.4090803
117947.079013015;-180.06645;3.4083786
117948.07901278;-180.28027;3.4090302
117949.079012545;-179.778;3.4100325
117950.079012311;-179.8832;3.4091806
117951.079012076;-180.31759;3.4087296
117952.079011841;-180.17505;3.4095314
117953.079011607;-180.35831;3.4086795
117954.079011372;-179.72369;3.4096317
117955.079011137;-179.75423;3.4104335
117956.079010903;-179.77122;3.4099324
117957.079010668;-179.96805;3.4094312
117958.079010433;-180.06984;3.4088798
117959.079010198;-180.0427;3.4096317
117960.079009964;-179.71352;3.4106841
117961.079009729;-180.08003;3.4095314
117962.079009494;-179.71691;3.4100826
117963.079009258;-179.95448;3.4095314
117964.079009019;-179.74067;3.4094813
117965.079008781;-179.91036;3.4089301
117968.079008066;-179.88659;3.4090803
117969.079007827;-179.76105;3.4103332
117970.079007589;-180.03592;3.4093809
117971.07900735;-179.98161;3.4099324
117972.079007112;-179.81533;3.4104836
117979.079005443;-179.67619;3.4097819
117980.079005205;-180.23953;3.4091303
117983.079004489;-179.93072;3.4093809
117984.079004251;-179.778;3.410584
117985.079004013;-179.88659;3.4106841
117986.079003774;-180.10039;3.4100826
117988.079003297;-179.94767;3.4099824
117989.07900306;-179.98841;3.4092307
117990.079002825;-180.08344;3.4099324
117992.079002356;-180.02233;3.4097319
117993.079002121;-179.80177;3.4107842
117994.079001886;-180.15809;3.4102831
117995.079001652;-180.04609;3.4100325
117996.079001417;-180.12416;3.4093308
117997.079001182;-179.99858;3.4099824
117998.079000948;-179.98841;3.4102831
117999.079000713;-179.65242;3.4110348
118000.079000478;-179.96466;3.4095314
118001.079000244;-179.84927;3.4096818
118002.079000009;-179.75423;3.4109848
118004.078999539;-179.93413;3.4109347
118005.078999305;-180.0427;3.410183
118006.07899907;-180.17166;3.4092808
118007.078998835;-179.64225;3.4108846
118008.078998601;-179.81194;3.410584
118009.078998366;-179.82213;3.4110851
118010.078998131;-179.74745;3.4110851
118011.078997897;-179.95448;3.4103835
118014.078997193;-180.20559;3.4099824
118015.078996958;-179.86284;3.4110851
118016.078996721;-180.18864;3.4103835
118017.078996482;-179.95448;3.4112353
118021.078995529;-179.98502;3.4105337
118022.07899529;-180.00877;3.4110851
118023.078995052;-180.16488;3.410183
118024.078994813;-179.95784;3.4117365
118025.078994575;-179.64566;3.4120374
118026.078994337;-180.09361;3.4105337
118027.078994098;-179.69995;3.4120874
118028.07899386;-179.79158;3.4102831
118029.078993621;-179.76781;3.4115863
118030.078993383;-179.72031;3.4118869
118031.078993145;-180.55175;3.4108846
118032.078992906;-180.01216;3.4115863
118033.078992668;-179.64225;3.4122376
118034.078992429;-179.86963;3.410183
118035.078992191;-179.82213;3.4108846
118036.078991952;-179.93748;3.4114358
118037.078991714;-179.90695;3.410584
118038.078991476;-180.18184;3.4114859
118039.078991237;-179.80177;3.4121375
118040.078990999;-179.92394;3.4115362
118045.07898982;-179.85945;3.4117365
118046.078989585;-179.89677;3.4111352
118047.07898935;-179.7305;3.4118369
118048.078989116;-180.13092;3.4106841
118049.078988881;-179.69995;3.4113858
118051.078988412;-179.88659;3.4115863
118052.078988177;-180.14792;3.410634
118053.078987942;-180.07325;3.4112353
118054.078987707;-179.97144;3.4110851
118055.078987473;-179.78817;3.4123881
118056.078987238;-180.2022;3.4114859
118058.078986769;-180.13773;3.4117365
118059.078986534;-180.11056;3.4106841
118060.078986299;-180.35491;3.4113357
118061.078986065;-179.84248;3.4121876
118062.07898583;-179.92053;3.4119871
118063.078985595;-179.8255;3.4127891
118064.078985361;-180.35491;3.4113858
118065.078985126;-179.8832;3.4111853
118066.078984891;-180.02233;3.4122376
118067.078984656;-179.69655;3.4125886
118068.078984422;-179.73388;3.4112854
118069.078984184;-179.89677;3.4115863
118070.078983946;-179.87981;3.4123881
118071.078983707;-180.01894;3.4122376
118072.078983469;-180.00197;3.4115362
118073.078983231;-180.16828;3.4107342
118074.078982992;-179.69314;3.4128392
118075.078982754;-180.02233;3.4116864
118076.078982515;-179.75423;3.4131398
118077.078982277;-180.36848;3.4117365
118078.078982038;-180.00197;3.4117365
118079.0789818;-180.00197;3.4123881
118081.078981323;-179.96805;3.4127891
118082.078981085;-179.90358;3.4134908
118083.078980846;-180.25652;3.4115362
118084.078980608;-179.76781;3.4128392
118085.07898037;-179.95784;3.412338
118087.078979893;-180.01894;3.412739
118088.078979654;-179.98161;3.4119871
118089.078979416;-179.84248;3.4125886
118090.078979177;-180.02913;3.4122376
118091.078978939;-180.11738;3.4116364
118092.078978701;-180.14452;3.4120374
118093.078978462;-179.63547;3.4122376
118094.078978224;-180.22597;3.4115362
118095.078977988;-179.68638;3.4123881
118096.078977753;-179.67278;3.4130397
118097.078977518;-180.00877;3.4130397
118098.078977284;-179.95108;3.4122376
118100.078976814;-179.9952;3.4126387
118101.07897658;-179.99858;3.4120374
118102.078976345;-179.94089;3.4127891
118103.07897611;-179.78141;3.4137914
118104.078975875;-179.86284;3.4128892
118105.078975641;-179.90017;3.4126887
118106.078975406;-179.90358;3.4121876
118107.078975171;-179.96125;3.4125385
118108.078974937;-180.04948;3.4138415
118109.078974702;-180.26328;3.4114859
118110.078974467;-180.03253;3.4129393
118111.078974233;-179.81872;3.4133904
118112.078973998;-180.38547;3.4126887
118113.078973763;-179.73728;3.4136913
118114.078973529;-179.88998;3.4122376
118115.078973294;-179.96805;3.412288
118116.078973059;-179.84586;3.4134407
118117.078972824;-180.35153;3.412338
118118.07897259;-180.09361;3.4126387
118119.078972355;-180.26669;3.4131899
118122.078971648;-180.07664;3.4128892
118123.078971409;-179.83909;3.4134908
118127.078970456;-179.92053;3.4133904
118128.078970217;-180.12756;3.4119871
118129.078969979;-179.95108;3.4134908
118130.07896974;-180.15809;3.4137414
118131.078969502;-180.12075;3.4126887
118132.078969263;-179.83569;3.414042
118133.078969025;-179.72709;3.4131899
118135.078968548;-179.97144;3.4134908
118136.07896831;-179.91036;3.4141924
118137.078968071;-179.91713;3.4127891
118139.078967594;-180.17166;3.4133403
118140.078967356;-179.82213;3.4146936
118141.078967118;-179.82213;3.4131899
118142.078966879;-179.82891;3.4138415
118143.078966641;-180.01894;3.4145432
118146.078965926;-180.209;3.4137414
118147.078965687;-180.16148;3.4130898
118148.078965452;-179.85266;3.4139919
118149.078965217;-179.75086;3.4142926
118150.078964982;-180.28705;3.4133403
118151.078964747;-179.67958;3.4142425
118152.078964513;-179.92731;3.4137414
118153.078964278;-179.63206;3.4146936
118154.078964043;-179.76442;3.4147437
118155.078963809;-180.13433;3.4130898
118156.078963574;-179.85266;3.4141421
118157.078963339;-179.7305;3.4142926
118158.078963105;-179.89339;3.4149942
118159.07896287;-180.08344;3.4135408
118160.078962635;-179.93748;3.4132903
118161.078962401;-179.98841;3.4138415
118162.078962166;-179.84248;3.414443
118165.078961462;-179.96466;3.4141421
118166.078961227;-180.07325;3.4135909
118167.078960992;-180.1038;3.4136913
118168.078960758;-179.87641;3.4146936
118169.078960523;-180.25991;3.4137914
118170.078960288;-179.91375;3.4141924
118171.078960054;-180.14452;3.4134407
118172.078959819;-179.96805;3.414443
118173.078959584;-179.98841;3.4139419
118175.078959111;-179.8323;3.4136913
118176.078958872;-179.81194;3.4146435
118177.078958634;-179.94767;3.4141421
118178.078958395;-179.92053;3.4137414
118179.078958157;-179.87641;3.4143426
118180.078957919;-179.78478;3.4154954
118181.07895768;-179.79158;3.4155958
118182.078957442;-179.78141;3.4149442
118183.078957203;-179.96805;3.414042
118184.078956965;-179.76442;3.4151947
118185.078956726;-179.88659;3.4145932
118186.078956488;-180.08344;3.4156458
118187.07895625;-179.80853;3.4146936
118188.078956011;-180.09361;3.4140921
118189.078955773;-179.84586;3.4147437
118190.078955534;-180.39225;3.4141924
118191.078955296;-179.96805;3.4152448
118192.078955058;-180.1038;3.4141421
118193.078954819;-180.11056;3.4146936
118194.078954581;-180.209;3.4139419
118195.078954342;-179.81872;3.4144931
118197.078953865;-179.93748;3.4143929
118198.078953627;-179.75764;3.4163976
118199.078953389;-180.28027;3.4147937
118202.07895268;-179.92731;3.4148438
118203.078952446;-179.6253;3.4156458
118206.078951742;-179.87981;3.4144931
118207.078951507;-179.69314;3.4158463
118208.078951272;-179.94089;3.4149942
118211.078950568;-180.01216;3.4148941
118212.078950333;-179.95448;3.4155455
118214.078949864;-179.78478;3.4160466
118215.078949629;-180.14452;3.4147937
118217.07894916;-179.79497;3.4154954
118218.078948925;-179.94089;3.4145932
118219.078948691;-179.97144;3.4148438
118220.078948456;-179.87981;3.4163976
118221.078948221;-180.0902;3.4155958
118222.078947986;-180.11397;3.4160969
118223.078947752;-179.67619;3.4166982
118224.078947517;-179.97484;3.4154954
118226.078947048;-179.8323;3.4158964
118227.078946812;-179.90017;3.4151447
118228.078946574;-179.76781;3.4159465
118229.078946335;-179.89677;3.4158964
118230.078946097;-179.91036;3.4151947
118231.078945858;-179.76105;3.4167986
118232.07894562;-180.03592;3.4150443
118238.078944189;-179.94767;3.4147937
118239.078943951;-180.10039;3.4163475
118244.078942759;-179.98502;3.415796
118245.078942521;-179.90017;3.4164476
118246.078942282;-179.88659;3.4164476
118247.078942044;-180.04948;3.4152448
118248.078941805;-180.01216;3.4161971
118251.07894109;-179.88659;3.4161971
118252.078940852;-179.78141;3.4169488
118253.078940613;-179.85945;3.4154453
118254.078940378;-179.78478;3.4165981
118255.078940144;-179.97484;3.4164476
118256.078939909;-180.02233;3.4159465
118260.07893897;-179.75423;3.4164476
118261.078938736;-179.96466;3.4169989
118262.078938501;-179.78817;3.4168487
118263.078938266;-179.9952;3.4159465
118266.078937562;-180.14452;3.4160466
118267.078937327;-179.98841;3.4166982
118268.078937093;-179.73388;3.4169488
118269.078936858;-180.17845;3.4159465
118270.078936623;-179.87302;3.4166481
118271.078936389;-180.18523;3.416147
118272.078936154;-179.83569;3.4175503
118273.078935919;-180.1072;3.4162471
118274.078935685;-179.79497;3.4169989
118275.07893545;-180.13092;3.4164476
118276.078935215;-180.05289;3.4167986
118277.078934981;-179.72031;3.4178009
118278.078934746;-179.99858;3.4165981
118279.078934511;-179.96805;3.4167483
118280.078934275;-179.96125;3.4177005
118282.078933798;-179.81872;3.4168487
118283.078933559;-179.91713;3.4173999
118284.078933321;-179.8323;3.4168487
118288.078932367;-179.88998;3.4164476
118289.078932129;-179.79836;3.417851
118290.07893189;-180.08003;3.4172997
118291.078931652;-180.01556;3.4176004
118292.078931414;-179.91375;3.4169989
118293.078931175;-179.94767;3.417901
118294.078930937;-179.9918;3.4166481
118295.078930698;-180.16828;3.4173498
118296.07893046;-180.1038;3.4178009
118297.078930221;-180.22256;3.4167986
118298.078929983;-179.90695;3.4176004
118300.078929506;-179.82213;3.4177005
118301.078929268;-180.34813;3.4167986
118306.078928076;-180.21917;3.4171493
118307.078927841;-179.65922;3.4171493
118308.078927607;-179.6117;3.4176505
118309.078927372;-180.06984;3.4173999
118310.078927137;-179.82891;3.417901
118311.078926903;-180.0427;3.4175503
118312.078926668;-179.778;3.4181015
118313.078926433;-180.28705;3.4170992
118314.078926199;-179.86622;3.4180014
118315.078925964;-179.87641;3.4182019
118316.078925729;-180.12756;3.4175003
118317.078925495;-180.05628;3.4176505
118318.07892526;-179.90358;3.4183521
118319.078925025;-179.98502;3.4173498
118322.078924321;-179.89677;3.4180515
118323.078924086;-180.18184;3.4169989
118324.078923852;-179.8832;3.4187531
118325.078923617;-180.15469;3.4183521
118326.078923382;-180.15469;3.41745
118327.078923148;-179.86622;3.4177005
118328.078922913;-179.7305;3.4190037
118329.078922678;-180.03931;3.417851
118331.078922209;-180.04948;3.4171493
118332.078921974;-180.05289;3.4185026
118333.078921737;-180.23275;3.4180014
118334.078921499;-179.87302;3.4191542
118335.07892126;-179.65583;3.418252
118336.078921022;-180.24292;3.4180014
118337.078920783;-179.85605;3.4189034
118338.078920545;-180.03253;3.4185026
118339.078920307;-179.79158;3.4198556
118340.078920068;-180.39564;3.417901
118341.07891983;-180.11056;3.4177005
118342.078919591;-180.14452;3.4186027
118343.078919353;-179.77461;3.4194548
118344.078919115;-180.15809;3.4182019
118345.078918876;-179.95448;3.4188533
118346.078918638;-180.05289;3.4194548
118347.078918399;-179.77461;3.4198055
118348.078918161;-180.27008;3.4186027
118349.078917922;-179.76781;3.4192042
118350.078917684;-180.1072;3.4193044
118351.078917446;-179.8323;3.4185026
118352.078917207;-179.86622;3.4192543
118353.078916969;-179.76442;3.4194548
118354.07891673;-180.11738;3.4185026
118357.078916015;-180.05289;3.4188533
118358.078915777;-180.2022;3.4197054
118359.07891554;-179.98841;3.4190538
118362.078914836;-179.77122;3.4190037
118363.078914601;-179.75086;3.4201064
118364.078914366;-179.78817;3.4189537
118365.078914131;-180.15128;3.4182019
118366.078913897;-179.72031;3.4194047
118367.078913662;-180.00877;3.4195549
118368.078913427;-179.73388;3.4187531
118369.078913193;-180.13773;3.4194548
118370.078912958;-180.10039;3.4183521
118371.078912723;-179.75086;3.420006
118372.078912489;-179.95448;3.4188533
118373.078912254;-179.82891;3.4192042
118374.078912019;-179.91375;3.4197054
118375.078911785;-180.07325;3.4192543
118376.07891155;-179.80514;3.4204571
118379.078910846;-179.80514;3.4202065
118380.078910611;-180.03253;3.4188533
118381.078910376;-179.84586;3.4205072
118382.078910142;-179.81194;3.4195049
118383.078909907;-180.08681;3.4197054
118384.078909672;-179.96466;3.4187531
118385.078909438;-179.9952;3.4197054
118386.0789092;-180.06984;3.4195549
118387.078908962;-179.94767;3.4203067
118390.078908246;-179.70673;3.4201565
118391.078908008;-180.19881;3.4194047
118392.07890777;-180.09702;3.4199059
118393.078907531;-179.72369;3.4204071
118394.078907293;-179.96125;3.4205072
118395.078907054;-180.05967;3.4195049
118396.078906816;-179.80853;3.4209082
118397.078906578;-179.87641;3.4197555
118399.078906101;-180.05289;3.4200561
118400.078905862;-179.73388;3.4209583
118401.078905624;-179.9952;3.4201565
118402.078905385;-180.32436;3.4193544
118403.078905147;-179.7305;3.4207077
118404.078904909;-180.10039;3.4191542
118405.07890467;-179.9952;3.4200561
118407.078904193;-179.85605;3.4204571
118408.078903955;-180.30064;3.4198055
118409.078903716;-179.95784;3.420357
118410.078903478;-179.8832;3.4208581
118412.078903003;-179.89677;3.4206076
118413.078902768;-179.81194;3.420006
118414.078902534;-179.94767;3.4206076
118415.078902299;-179.75423;3.4212589
118416.078902064;-179.87981;3.4212089
118417.07890183;-179.91713;3.4204571
118418.078901595;-179.76781;3.4213092
118419.07890136;-179.98502;3.4201565
118421.078900891;-179.95784;3.4202566
118422.078900656;-180.07664;3.4210587
118423.078900421;-180.22597;3.4200561
118424.078900187;-180.02573;3.4205072
118425.078899952;-179.96466;3.4210587
118426.078899717;-180.32777;3.420357
118427.078899483;-179.87302;3.4205072
118428.078899248;-179.88659;3.4214094
118431.078898544;-179.87981;3.4211087
118432.078898309;-179.76105;3.4216099
118433.078898075;-179.86622;3.4219606
118434.07889784;-179.90695;3.4209082
118438.078896901;-179.71014;3.4219105
118439.078896663;-179.86284;3.4227626
118440.078896425;-180.35831;3.4207578
118441.078896186;-180.13433;3.4213092
118442.078895948;-180.08681;3.4221611
118445.078895233;-180.08344;3.422111
118446.078894994;-180.02573;3.4210587
118447.078894756;-180.02573;3.4209082
118448.078894517;-179.92053;3.422111
118449.078894279;-180.18864;3.4208581
118451.078893802;-179.91036;3.4215598
118452.078893564;-180.18864;3.4210587
118455.078892848;-179.84586;3.4212089
118456.07889261;-179.85605;3.4224617
118457.078892372;-179.8832;3.4216099
118458.078892133;-179.82891;3.4218605
118459.078891895;-180.1072;3.4229128
118460.078891656;-180.14792;3.4215598
118462.078891179;-179.72031;3.4219606
118463.078890941;-179.78478;3.4225121
118464.078890703;-179.72709;3.4235144
118466.078890232;-179.78141;3.4231634
118467.078889997;-179.85266;3.4220109
118468.078889762;-179.84248;3.4229128
118469.078889528;-179.97822;3.4218605
118470.078889293;-179.72031;3.4232137
118471.078889058;-179.76442;3.4230633
118472.078888824;-179.77122;3.4237149
118473.078888589;-179.7305;3.4219606
118474.078888354;-179.76105;3.4231634
118475.07888812;-180.06645;3.4233139
118476.078887885;-180.05628;3.4224617
118478.078887416;-180.01556;3.422111
118479.078887181;-179.86622;3.4233139
118480.078886946;-179.88998;3.4218104
118481.078886711;-179.81872;3.4232638
118482.078886477;-179.63547;3.4227123
118483.078886242;-179.80514;3.4232638
118487.078885303;-179.71014;3.4231634
118488.078885069;-179.93072;3.4222615
118489.078884834;-180.15809;3.4225621
118490.078884599;-179.76105;3.423414
118491.078884365;-180.11056;3.4228628
118492.078884126;-179.90695;3.4224117
118493.078883888;-179.96805;3.4236145
118494.078883649;-179.87981;3.4242661
118495.078883411;-179.8323;3.4237649
118496.078883172;-180.00197;3.4238651
118497.078882934;-179.98841;3.4230132
118498.078882696;-179.86284;3.4238651
118500.078882219;-180.17166;3.423815
118501.07888198;-180.05967;3.4229128
118502.078881742;-179.94767;3.423414
118503.078881504;-180.0427;3.4241157
118506.078880788;-179.69655;3.4241157
118507.07888055;-179.83909;3.4246168
118508.078880311;-180.22936;3.4236145
118509.078880073;-179.75764;3.4238651
118510.078879835;-180.16488;3.4246168
118511.078879596;-180.16488;3.4233639
118515.078878642;-180.09361;3.4243162
118516.078878404;-180.11056;3.4233139
118517.078878166;-179.90695;3.4244666
118518.07887793;-180.13092;3.4238651
118519.078877695;-179.67958;3.4252183
118520.078877461;-179.65242;3.4250679
118521.078877226;-180.38208;3.4240155
118522.078876991;-180.12416;3.423414
118523.078876757;-179.63206;3.4247673
118524.078876522;-180.304;3.4242661
118525.078876287;-179.90358;3.4245667
118526.078876052;-180.06984;3.4238651
118528.078875583;-180.01894;3.4243662
118529.078875348;-179.69655;3.4254189
118530.078875114;-179.69995;3.4252183
118531.078874879;-179.81533;3.4257195
118532.078874644;-180.03592;3.4258699
118533.07887441;-180.05628;3.4245167
118534.078874175;-179.99858;3.4254189
118535.07887394;-180.11397;3.4248676
118536.078873706;-180.27008;3.4248173
118537.078873471;-180.02913;3.4240656
118538.078873236;-179.82213;3.4244666
118539.078873001;-179.90017;3.4249678
118540.078872767;-179.88998;3.4258699
118541.078872532;-180.0427;3.4256194
118542.078872297;-180.05289;3.4248173
118544.078871827;-179.81194;3.4252183
118545.078871589;-179.78141;3.4257696
118546.07887135;-180.27688;3.4247172
118547.078871112;-179.71691;3.4253688
118548.078870873;-180.07664;3.4261205
118553.078869681;-180.05289;3.4254689
118554.078869443;-179.86622;3.4248173
118555.078869204;-180.25311;3.4252684
118556.078868966;-180.0902;3.4264212
118557.078868728;-179.8255;3.42592
118559.078868251;-179.89339;3.4253688
118560.078868012;-179.79836;3.4260201
118565.07886682;-179.82213;3.42592
118566.078866582;-179.80177;3.4267721
118567.078866343;-180.03253;3.4261205
118568.078866105;-179.80177;3.4265716
118569.078865867;-179.93748;3.4260705
118570.078865628;-179.74405;3.4268723
118571.078865393;-180.18184;3.4254189
118572.078865159;-179.96466;3.4272733
118573.078864924;-180.05628;3.42592
118574.078864689;-179.81533;3.4267721
118575.078864455;-180.06645;3.42592
118576.07886422;-179.91713;3.4266717
118577.078863985;-180.01216;3.4264712
118578.078863751;-179.80177;3.427624
118579.078863516;-179.93413;3.4267218
118580.078863281;-179.70333;3.4265213
118581.078863047;-179.89677;3.4270227
118582.078862812;-180.17166;3.4262707
118583.078862577;-180.02573;3.4257195
118584.078862342;-180.29383;3.4264212
118585.078862108;-180.11397;3.4270227
118588.078861404;-179.76781;3.4267721
118589.078861169;-179.75764;3.4273734
118592.078860465;-179.65922;3.4274735
118593.07886023;-180.00538;3.4269223
118594.078859996;-180.1038;3.4275739
118598.078859052;-180.00197;3.4273233
118599.078858813;-179.778;3.4280751
118600.078858575;-179.9952;3.4279246
118601.078858336;-180.34472;3.4272733
118602.078858098;-179.90358;3.4278746
118603.07885786;-180.25991;3.427223
118604.078857621;-180.22256;3.4266717
118605.078857383;-179.98161;3.4283257
118606.078857144;-179.80853;3.4283257
118607.078856906;-180.25991;3.427223
118608.078856667;-180.03592;3.4267721
118609.078856429;-180.11056;3.4275739
118610.078856191;-179.8832;3.4286263
118611.078855952;-180.03931;3.4284761
118612.078855714;-179.94767;3.427624
118613.078855475;-179.97484;3.4283257
118614.078855237;-180.304;3.4273233
118615.078854999;-179.75086;3.4286766
118618.078854283;-179.94767;3.4288268
118619.078854045;-180.16828;3.4274735
118620.078853806;-180.06645;3.4280751
118621.078853568;-180.03931;3.4290273
118625.078852622;-179.93072;3.4292779
118626.078852388;-179.77461;3.4299796
118627.078852153;-180.14111;3.4282255
118628.078851918;-179.70673;3.4294784
118629.078851683;-179.86622;3.4284761
118630.078851449;-180.29723;3.4277244
118631.078851214;-179.68978;3.4298794
118632.078850979;-179.66602;3.429729
118633.078850745;-180.01894;3.4290774
118636.078850041;-179.70673;3.4291275
118637.078849806;-179.67278;3.4302301
118638.078849571;-179.71014;3.4292278
118639.078849337;-180.1072;3.4298794
118641.078848867;-180.10039;3.4297791
118642.078848632;-180.11056;3.4302802
118643.078848398;-179.76781;3.429378
118645.078847928;-180.48727;3.4294784
118646.078847694;-179.89339;3.43013
118647.078847459;-180.07325;3.4306312
118648.078847224;-179.84248;3.4307313
118649.07884699;-179.97822;3.4297791
118650.078846753;-180.01556;3.4295285
118651.078846515;-179.91036;3.43013
118652.078846276;-180.11738;3.4291778
118653.078846038;-179.98161;3.429328
118654.078845799;-179.92053;3.4300296
118655.078845561;-179.69314;3.4307814
118656.078845323;-179.98161;3.4301801
118659.078844607;-179.98161;3.4308317
118660.078844369;-179.80514;3.4303303
118662.078843892;-180.30741;3.4303806
118663.078843654;-180.12075;3.4298794
118664.078843415;-179.71352;3.4310822
118665.078843177;-180.10039;3.4305811
118667.0788427;-179.91036;3.4313829
118668.078842462;-179.75423;3.4305811
118672.078841508;-179.94089;3.4307313
118673.078841269;-179.88659;3.4317839
118675.078840793;-179.87641;3.4318841
118676.078840556;-180.1072;3.4310822
118678.078840086;-180.04948;3.4308817
118679.078839852;-179.79497;3.4320846
118680.078839617;-179.83569;3.4321346
118681.078839382;-180.18523;3.4311323
118682.078839147;-179.98161;3.4316335
118687.078837974;-180.06308;3.4318841
118688.078837739;-179.78817;3.4325356
118692.0788368;-179.82213;3.4323351
118693.078836566;-180.06645;3.4317336
118698.078835392;-180.13773;3.4320345
118699.078835158;-179.89339;3.4336381
118700.078834923;-180.14792;3.4327862
118701.078834688;-180.04609;3.4323351
118702.078834454;-180.0902;3.4328864
118703.078834217;-179.76442;3.4337385
118704.078833978;-179.94767;3.4334879
118705.07883374;-180.27008;3.4325356
118707.078833263;-179.70333;3.4325356
118708.078833024;-179.79497;3.433939
118709.078832786;-179.85945;3.4334378
118711.078832309;-180.06645;3.4332373
118712.078832071;-180.12756;3.4320345
118713.078831832;-179.70673;3.4338386
118714.078831594;-180.08344;3.4333375
118715.078831356;-179.66261;3.4338386
118716.078831117;-179.61509;3.4342396
118717.078830879;-180.16148;3.4338386
118718.07883064;-180.39564;3.4336884
118719.078830402;-179.83569;3.433989
118721.078829925;-179.71352;3.4342897
118722.078829687;-179.88998;3.433588
118724.07882921;-180.07325;3.433939
118725.078828971;-180.24633;3.4329364
118726.078828733;-179.76442;3.4347408
118727.078828494;-179.86963;3.433989
118729.07882802;-180.08344;3.4336381
118730.078827785;-179.97144;3.4348409
118731.07882755;-179.74745;3.4344401
118732.078827315;-180.0902;3.4336884
118733.078827081;-179.88998;3.4344902
118736.078826377;-179.87302;3.4350414
118737.078826142;-180.01216;3.4338887
118738.078825907;-179.86284;3.4344401
118739.078825673;-179.8323;3.4347408
118740.078825438;-180.14792;3.433939
118741.078825203;-179.94767;3.4349914
118742.078824969;-180.09361;3.435643
118743.078824734;-179.77461;3.4348912
118744.078824499;-179.94767;3.4354925
118745.078824264;-179.68978;3.4362442
118746.07882403;-180.22936;3.4349914
118747.078823795;-179.71691;3.4360437
118750.078823091;-180.05289;3.4362442
118751.078822856;-179.83569;3.4355426
118752.078822622;-179.85945;3.4365952
118753.078822387;-180.15128;3.4360437
118754.078822152;-179.8323;3.4365451
118755.078821917;-180.02913;3.4359937
118757.078821442;-179.92053;3.4357431
118758.078821203;-180.22597;3.4351418
118759.078820965;-179.80177;3.4373469
118760.078820726;-180.00197;3.4366953
118761.078820488;-180.29723;3.4363446
118762.078820249;-180.07664;3.437397
118763.078820011;-180.06984;3.4353423
118764.078819773;-179.99858;3.4365451
118767.078819057;-180.08003;3.4362442
118768.078818819;-180.02233;3.4369459
118769.07881858;-180.03931;3.4364948
118770.078818342;-179.74745;3.4378481
118771.078818103;-180.01894;3.4370463
118772.078817865;-180.22256;3.4363947
118773.078817627;-179.95784;3.4376476
118777.078816673;-180.00197;3.4375975
118778.078816435;-179.95108;3.4382992
118779.078816196;-179.84927;3.4384496
118780.078815958;-180.01894;3.4375975
118783.078815249;-180.1038;3.4371965
118784.078815014;-179.86284;3.4386499
118785.078814779;-180.09702;3.4380987
118786.078814544;-179.97484;3.4386499
118790.078813606;-180.06984;3.4383993
118791.078813371;-179.77122;3.4389508
118792.078813136;-179.8323;3.4392514
118793.078812902;-179.67958;3.4397526
118794.078812667;-179.89339;3.4385498
118795.078812432;-179.95784;3.4383993
118796.078812198;-179.86963;3.4392514
118801.078811024;-179.76781;3.4392514
118802.078810789;-179.80514;3.4404042
118803.078810555;-180.48048;3.4393015
118804.07881032;-180.00197;3.439502
118805.078810085;-179.8832;3.4400032
118806.078809851;-180.04609;3.4403541
118807.078809616;-180.33117;3.4396524
118809.078809143;-179.78817;3.4398026
118810.078808905;-179.80853;3.440805
118811.078808666;-180.01216;3.4405043
118812.078808428;-179.94089;3.4397025
118813.07880819;-179.78141;3.4407048
118816.078807474;-179.87981;3.4408553
118817.078807236;-180.00197;3.4400032
118818.078806997;-179.90017;3.4410558
118819.078806759;-179.98502;3.4405043
118820.078806521;-179.8323;3.4417071
118821.078806282;-179.92053;3.4405043
118822.078806044;-179.94089;3.4417071
118823.078805805;-179.78478;3.4411559
118824.078805567;-179.91375;3.4407549
118825.078805329;-179.85945;3.4414566
118826.07880509;-180.14111;3.4405544
118827.078804852;-179.92394;3.4420581
118828.078804613;-179.91375;3.4420581
118829.078804375;-180.00877;3.4415066
118833.078803421;-179.91713;3.4418576
118834.078803183;-179.79158;3.4427094
118835.078802947;-179.70333;3.4425592
118836.078802712;-179.97144;3.4414065
118837.078802478;-180.16488;3.4416571
118838.078802243;-179.78817;3.4425092
118845.0788006;-179.88659;3.4432108
118846.078800366;-179.88998;3.4441631
118847.078800131;-179.92053;3.4435115
118849.078799661;-180.2022;3.4436617
118850.078799427;-180.11056;3.44291
118851.078799192;-180.04609;3.4442132
118852.078798957;-180.21577;3.4435115
118853.078798723;-179.82213;3.4432108
118854.078798488;-179.95448;3.4445639
118855.078798253;-180.06984;3.4429603
118856.078798019;-179.9443;3.4436617
118857.078797784;-179.85605;3.4445639
118859.078797315;-179.9952;3.4444137
118860.07879708;-179.91036;3.445416
118861.078796845;-179.79158;3.4444637
118862.078796606;-180.2022;3.4451153
118863.078796368;-180.28705;3.4445138
118864.078796129;-179.88659;3.4453156
118865.078795891;-179.86963;3.4466188
118866.078795653;-179.77461;3.4461176
118867.078795414;-179.76105;3.4466188
118868.078795176;-179.93413;3.445817
118871.07879446;-180.09702;3.4457166
118872.078794222;-180.06308;3.4464684
118875.078793507;-179.9443;3.4461677
118876.078793268;-179.89339;3.4467189
118877.07879303;-180.00538;3.4462178
118880.078792315;-179.98841;3.4468694
118881.078792076;-180.13773;3.4462178
118883.078791599;-180.23275;3.4468193
118884.078791361;-180.17505;3.4476712
118885.078791123;-179.83569;3.4478216
118886.078790884;-180.28027;3.4470198
118887.078790646;-179.87302;3.4479218
118888.078790411;-179.8832;3.4484732
118889.078790176;-180.05289;3.4482226
118890.078789941;-179.94089;3.4490244
118894.078789002;-179.97822;3.4487739
118895.078788768;-179.77461;3.4495256
118896.078788533;-180.25991;3.4485734
118897.078788298;-179.96466;3.4485734
118898.078788064;-180.15128;3.4492249
118899.078787829;-179.8255;3.4502773
118900.078787594;-179.78478;3.4503276
118901.07878736;-179.80853;3.4494255
118902.078787125;-180.13092;3.4492249
118903.07878689;-179.74745;3.4503276
118904.078786656;-180.05289;3.4505279
118905.078786421;-180.28027;3.4489243
118906.078786186;-179.85605;3.4500268
118907.078785951;-180.05967;3.4506283
118908.078785717;-179.88998;3.4511294
118909.078785482;-180.2022;3.4504278
118910.078785247;-180.36848;3.4507284
118911.078785013;-179.63886;3.4512799
118912.078784778;-180.15809;3.4504778
118913.078784543;-179.96466;3.4510291
118915.078784069;-180.24292;3.4511294
118916.078783831;-179.74067;3.4516306
118917.078783592;-180.22597;3.4510291
118918.078783354;-179.82213;3.4522321
118919.078783116;-180.34472;3.4511294
118920.078782877;-179.98502;3.4525828
118921.078782639;-179.71352;3.4524324
118922.0787824;-179.82213;3.4529839
118923.078782162;-179.7305;3.4536855
118924.078781923;-179.93748;3.4528835
118925.078781685;-179.83909;3.453485
118929.078780731;-180.03253;3.453485
118930.078780493;-180.09361;3.4542868
118931.078780255;-179.87981;3.4554396
118932.078780016;-180.33117;3.4539862
118933.078779778;-179.80177;3.455189
118934.078779539;-180.06645;3.4546378
118935.078779301;-180.30741;3.4543369
118936.078779062;-180.06308;3.4550889
118937.078778824;-179.96125;3.4547379
118938.078778586;-180.08344;3.4559908
118939.078778347;-180.01894;3.4551389
118940.078778109;-179.91713;3.4553394
118941.078777875;-179.8323;3.4564919
118942.07877764;-179.93748;3.4562917
118943.078777405;-179.93072;3.4557903
118944.07877717;-180.10039;3.4567425
118945.078776936;-180.1038;3.4566424
118946.078776701;-179.97822;3.4560912
118947.078776466;-180.03253;3.4567425
118949.078775997;-179.9918;3.4564419
118950.078775762;-180.03931;3.4570434
118951.078775528;-180.13773;3.4576948
118953.078775058;-179.9443;3.4583464
118954.078774824;-179.74067;3.4589479
118955.078774589;-180.28364;3.4575946
118956.078774354;-180.21577;3.4585469
118957.078774119;-180.19881;3.4585469
118958.078773885;-179.74405;3.4601007
118959.07877365;-179.91713;3.4588978
118960.078773415;-179.97822;3.4592986
118961.078773181;-179.84586;3.4600503
118962.078772946;-180.19202;3.4587975
118963.078772711;-180.22256;3.4593487
118964.078772477;-179.75086;3.461153
118965.078772242;-180.28364;3.4602008
118966.078772007;-179.85266;3.4607019
118967.078771771;-180.05289;3.4615037
118969.078771294;-180.16148;3.4619548
118970.078771056;-179.99858;3.4612031
118971.078770817;-180.24633;3.4622557
118972.078770579;-180.0427;3.4625564
118973.07877034;-179.83569;3.4633582
118974.078770102;-179.9918;3.4631577
118975.078769864;-179.72709;3.4638093
118976.078769625;-180.39225;3.4630075
118977.078769387;-179.97822;3.4635587
118978.078769148;-179.84248;3.4642603
118979.07876891;-180.05628;3.4649119
118980.078768672;-180.1072;3.4642603
118982.078768195;-180.08344;3.4644108
118983.078767956;-179.98161;3.4655635
118984.078767718;-179.86284;3.4656637
118985.078767479;-179.77461;3.466265
118986.078767241;-180.05289;3.4654131
118987.078767003;-179.98841;3.4653127
118988.078766764;-180.01216;3.4659142
118989.078766526;-180.03592;3.4661648
118990.078766287;-179.93748;3.4676182
118991.078766049;-179.81533;3.4677687
118992.078765811;-180.11056;3.4669666
118993.078765573;-180.03592;3.4678688
118995.078765104;-180.18523;3.4675682
118996.078764869;-180.08344;3.4694226
118997.078764634;-179.96125;3.4693725
118998.0787644;-179.67958;3.4703748
118999.078764165;-179.66941;3.4711266
119000.07876393;-179.86622;3.4701743
119002.078763461;-179.99858;3.4702244
119003.078763226;-179.9918;3.4716778
119004.078762991;-180.15809;3.470876
119006.078762522;-179.88998;3.4716277
119007.078762287;-179.64225;3.47258
119008.078762053;-179.96466;3.4724295
119009.078761818;-179.99858;3.472981
119011.078761349;-179.9918;3.4734821
119012.078761114;-179.74067;3.474685
119013.078760879;-180.04609;3.4746349
119014.078760644;-179.89677;3.4754868
119016.078760175;-179.92731;3.4752862
119017.07875994;-179.99858;3.4761884
119018.078759706;-180.15128;3.4771407
119019.078759471;-180.34813;3.4765394
119020.078759234;-180.209;3.4774413
119021.078758996;-180.43977;3.4775417
119022.078758757;-179.83569;3.4787445
119023.078758519;-180.34136;3.4779928
119024.07875828;-179.85945;3.4784939
119025.078758042;-180.03592;3.4789951
119026.078757803;-180.18184;3.4796467
119027.078757565;-179.98841;3.4799974
119028.078757327;-179.94089;3.4815009
119029.078757088;-180.29383;3.4807994
119030.07875685;-180.12075;3.4812002
119031.078756611;-180.03253;3.4820023
119032.078756373;-179.79158;3.4827039
119033.078756135;-179.88998;3.4837563
119034.078755896;-180.15469;3.4838064
119035.078755658;-180.38547;3.4844079
119036.078755419;-179.89339;3.4867132
119037.078755181;-180.19202;3.4852097
119038.078754942;-180.19541;3.4860115
119039.078754704;-179.92394;3.4856608
119040.078754466;-180.06984;3.4874651
119041.078754227;-179.94767;3.4878659
119042.078753989;-180.01216;3.4887681
119043.07875375;-179.80853;3.4896202
119044.078753512;-179.96125;3.4891188
119045.078753274;-179.83909;3.4914744
119048.078752567;-180.05628;3.4913743
119049.078752332;-179.64566;3.49383
119050.078752098;-179.76442;3.4944315
119051.078751863;-179.78141;3.4951832
119052.078751628;-179.78817;3.496336
119054.078751159;-180.05967;3.4966366
119055.078750924;-179.73728;3.4979398
119056.07875069;-180.06984;3.4974887
119057.078750455;-179.86284;3.4993932
119058.07875022;-180.04948;3.4999945
119059.078749986;-180.18184;3.4999444
119060.078749751;-180.28705;3.5009468
119061.078749516;-179.76442;3.5025005
119062.078749281;-179.81872;3.5029013
119063.078749047;-180.25652;3.5034528
119064.078748812;-180.02913;3.5051067
119065.078748577;-179.79836;3.5054574
119066.078748343;-179.97822;3.5071614
119067.078748108;-180.05289;3.5079131
119068.078747873;-179.83909;3.5088153
119069.078747639;-179.96805;3.5094168
119070.078747404;-179.83569;3.5100684
119071.078747169;-180.50425;3.511622
119072.078746934;-179.75764;3.5125241
119073.078746697;-179.80514;3.5136769
119074.078746459;-180.13092;3.5143785
119075.07874622;-179.90017;3.5166337
119076.078745982;-180.05289;3.5169344
119077.078745743;-180.00197;3.5184381
119078.078745505;-180.00197;3.5196409
119079.078745266;-179.90358;3.5209439
119080.078745028;-179.88659;3.5228484
119081.07874479;-180.11056;3.5235
119082.078744551;-179.76105;3.5257552
119083.078744313;-179.99858;3.5261061
119084.078744074;-180.0902;3.52776
119085.078743836;-179.89339;3.5299151
119086.078743598;-179.96805;3.5311179
119087.078743359;-179.94767;3.5323207
119088.078743121;-179.77122;3.5348768
119089.078742882;-179.96466;3.5360796
119090.078742644;-179.74405;3.5392871
119091.078742405;-180.05289;3.5394876
119092.078742167;-180.33455;3.5405903
119093.078741929;-180.09361;3.5435472
119094.07874169;-179.8255;3.5453014
119095.078741452;-179.75423;3.5474062
119096.078741213;-179.8323;3.54901
119097.078740975;-179.83569;3.5522177
119098.078740737;-180.13433;3.5541222
119099.0787405;-180.35831;3.5561268
119100.078740265;-180.35831;3.5585325
119101.078740031;-179.9443;3.5609381
119102.078739796;-179.86963;3.5654488
119103.078739561;-180.10039;3.566802
119104.078739327;-180.00877;3.5699093
119105.078739092;-180.10039;3.572365
119106.078738857;-179.78141;3.5770261
119107.078738622;-179.90358;3.57868
119108.078738388;-179.66602;3.5830903
119109.078738153;-179.79158;3.5876009
119110.078737918;-180.09361;3.590157
119111.078737684;-179.77122;3.593565
119112.078737449;-179.73728;3.5979254
119113.078737214;-180.08344;3.601584
119114.07873698;-179.90695;3.6059945
119115.078736745;-179.85945;3.6110063
119116.07873651;-180.17166;3.6159177
119117.078736276;-179.92731;3.6218817
119118.078736041;-179.81533;3.6277456
119119.078735806;-180.17166;3.6328576
119120.078735571;-180.00877;3.6379697
119121.078735337;-179.92731;3.644886
119121.844935157;-179.9918;3.6500983
119121.845135157;-179.9952;3.6504993
119121.846335156;-178.73614;3.6491461
119122.846334921;-164.10609;3.6485949
119123.846334687;-157.94323;3.6488955
119124.846334452;-153.08352;3.6493466
119125.846334215;-148.51566;3.6493967
119126.846333976;-143.17064;3.6494467
119127.846333738;-138.81998;3.6491961
119128.846333499;-134.92067;3.6493466
119129.846333261;-131.001;3.6494968
119130.846333022;-127.24423;3.6493466
119131.846332784;-123.65713;3.6492963
119132.846332546;-120.31777;3.6495471
119133.846332307;-116.8766;3.6495471
119134.846332069;-113.86983;3.6491961
119135.84633183;-110.66961;3.6494467
119136.846331592;-107.63567;3.6495972
119137.846331354;-104.85288;3.6497977
119138.846331115;-102.13118;3.649096
119139.846330877;-99.470547;3.6490457
119140.846330638;-96.894758;3.6494968
119141.8463304;-94.546352;3.6492462
119142.846330161;-91.916266;3.6493466
119143.846329923;-89.88007;3.6487951
119144.846329685;-87.4095;3.6491461
119145.846329446;-85.108602;3.6494467
119146.846329208;-82.987555;3.6495471
119147.846328969;-80.900461;3.6491961
119148.846328731;-78.762461;3.6491461
119149.846328493;-76.824688;3.6494467
119150.846328254;-74.975141;3.6491461
119151.846328017;-73.050938;3.6494467
119152.846327782;-71.381258;3.6491961
119153.846327548;-69.538508;3.6494968
119154.846327313;-67.797563;3.6493967
119155.846327078;-66.155039;3.6497474
119156.846326844;-64.448023;3.6496472
119157.846326609;-62.934453;3.6489456
119158.846326374;-61.478578;3.6496472
119159.84632614;-59.893742;3.649096
119160.846325905;-58.51252;3.6495471
119161.84632567;-57.117727;3.6492462
119162.846325435;-55.689;3.6492462
119163.846325201;-54.365473;3.6490457
119164.846324966;-53.136973;3.6489956
119165.846324731;-51.884711;3.6494968
119166.846324497;-50.584945;3.6494467
119167.846324262;-49.454855;3.6495471
119168.846324027;-48.263684;3.6492462
119169.846323793;-47.116625;3.6492963
119170.846323558;-46.088348;3.6494968
119171.846323323;-44.998984;3.6492462
119172.846323089;-43.926594;3.6494968
119173.846322854;-42.87116;3.6492462
119174.846322619;-41.900578;3.6491961
119175.846322384;-40.994473;3.6494467
119176.84632215;-40.084973;3.6496472
119177.846321915;-39.155109;3.6493967
119178.846321677;-38.218465;3.6491461
119179.846321439;-37.431137;3.6491461
119180.8463212;-36.630234;3.6493466
119181.846320962;-35.822543;3.6492963
119182.846320723;-35.092906;3.6495471
119183.846320485;-34.210559;3.649096
119184.846320247;-33.497891;3.6490457
119185.846320008;-32.737709;3.6493967
119186.84631977;-32.06916;3.6493466
119187.846319531;-31.356492;3.6493967
119188.846319293;-30.796539;3.6492963
119189.846319055;-30.005818;3.6492963
119190.846318816;-29.449258;3.6493466
119191.846318578;-28.875732;3.6493466
119192.846318339;-28.217361;3.6493967
119193.846318101;-27.633654;3.6495471
119194.846317862;-27.016008;3.6493466
119196.846317386;-26.028455;3.6492462
119197.846317147;-25.383656;3.6494467
119198.846316909;-24.90176;3.6494467
119199.84631667;-24.362168;3.6492462
119201.846316193;-23.408551;3.6492963
119202.846315955;-22.848598;3.6495471
119231.84630914;-13.675549;3.6489456
119232.846308901;-13.410844;3.6498477
119233.846308663;-13.281885;3.6493466
119255.846303418;-9.7321211;3.6489956
119256.846303179;-9.4334805;3.6494968
119260.696702275;-8.9617617;3.6495972
119260.795302252;-0;3.6469235
119261.795302018;-0;3.6415281
119262.795301783;-0;3.6370175
119263.795301548;-0;3.6324067
119264.795301314;-0;3.628798
119265.795301079;-0;3.6251395
119266.795300844;-0;3.621531
119267.795300609;-0;3.6186242
119268.795300375;-0;3.615567
119269.79530014;-0;3.6126602
119270.597299951;-0;3.6105552
