time/s;current/A;battery voltage/V
38223.8415595513;-0;2.530159
38224.7435595529;0.065360931;2.5308471
38225.7435595548;-17.90065;2.5454953
38226.7435595566;-17.893863;2.5502064
38227.7435595585;-17.91083;2.5540154
38228.7435595603;-17.93798;2.5572729
38229.7435595622;-17.958344;2.5604806
38230.7435595641;-18.022822;2.5635378
38231.7435595659;-17.951555;2.5656929
38232.7435595678;-17.941373;2.5693514
38233.7435595697;-18.046578;2.5716069
38234.7435595715;-17.90065;2.574213
38235.7435595734;-17.917619;2.5767188
38236.7435595752;-17.93798;2.5790243
38237.7435595771;-17.985492;2.581881
38238.743559579;-17.927801;2.5838356
38239.7435595808;-17.965131;2.5857401
38240.7435595827;-18.009248;2.5881457
38241.7435595846;-17.961734;2.590852
38242.7435595864;-17.968523;2.5924058
38243.7435595883;-17.90065;2.5944607
38244.7435595901;-18.009248;2.596766
38245.743559592;-17.927801;2.5985203
38246.7435595939;-17.907438;2.6009259
38247.7435595957;-17.924406;2.6026299
38248.7435595976;-17.985492;2.604434
38249.7435595995;-17.94816;2.6067395
38250.7435596013;-17.941373;2.6084938
38251.7435596032;-17.907438;2.6101475
38252.743559605;-17.94816;2.6118014
38253.7435596069;-17.941373;2.6136558
38254.7435596088;-17.917619;2.6154602
38255.7435596106;-17.94816;2.6168635
38256.7435596125;-17.890469;2.6189182
38257.7435596144;-17.982098;2.6204219
38258.7435596162;-17.94816;2.6222761
38259.7435596181;-17.859926;2.6240304
38260.7435596199;-17.941373;2.6254337
38261.7435596218;-17.982098;2.6272378
38262.7435596237;-18.009248;2.6285911
38263.7435596255;-18.009248;2.6304955
38264.7435596274;-17.954947;2.6318989
38265.7435596293;-18.114449;2.6337533
38266.7435596311;-17.883682;2.6352067
38267.743559633;-17.965131;2.6368606
38268.7435596349;-17.931193;2.6384141
38269.7435596367;-17.975311;2.640018
38270.7435596386;-17.982098;2.6410704
38271.7435596404;-17.985492;2.6427243
38272.7435596423;-17.93798;2.644228
38273.7435596442;-17.924406;2.6456313
38274.743559646;-17.961734;2.6470847
38275.7435596479;-17.982098;2.6484377
38276.7435596498;-18.009248;2.6498411
38277.7435596516;-17.917619;2.6512945
38278.7435596535;-17.832775;2.6524973
38279.7435596553;-17.978705;2.6542516
38280.7435596572;-17.992277;2.6555545
38281.7435596591;-18.019428;2.6569078
38282.7435596609;-18.070332;2.6582108
38283.7435596628;-18.005854;2.659564
38284.7435596647;-18.026215;2.6607168
38285.7435596665;-18.053363;2.6622202
38286.7435596684;-17.975311;2.6634231
38287.7435596702;-17.880287;2.665127
38288.7435596721;-17.971918;2.6660793
38289.743559674;-17.94816;2.6672823
38290.7435596758;-17.971918;2.6686854
38291.7435596777;-17.914225;2.6698883
38292.7435596796;-17.961734;2.6713419
38293.7435596814;-18.002459;2.6722941
38294.7435596833;-17.968523;2.6733966
38295.7435596851;-17.999066;2.6746998
38296.743559687;-17.958344;2.6761532
38297.7435596889;-17.921012;2.676955
38298.7435596907;-17.880287;2.6784585
38299.7435596926;-17.927801;2.6795111
38300.7435596945;-18.049971;2.6806638
38301.7435596963;-17.93798;2.6816661
38302.7435596982;-17.93798;2.682919
38303.7435597;-18.043182;2.6844728
38304.7435597019;-18.022822;2.685375
38305.7435597038;-18.060152;2.6864274
38306.7435597056;-18.049971;2.6873295
38307.7435597075;-17.951555;2.6889334
38308.7435597094;-17.846352;2.6897852
38309.7435597112;-17.944768;2.6908379
38310.7435597131;-17.94816;2.6920907
38311.7435597149;-18.033002;2.6929426
38312.7435597168;-17.951555;2.6938949
38313.7435597187;-17.893863;2.6953986
38314.7435597205;-17.927801;2.6963508
38315.7435597224;-17.995672;2.6972027
38316.7435597243;-17.822596;2.6979544
38317.7435597261;-17.944768;2.6993077
38318.743559728;-17.924406;2.7004604
38319.7435597298;-17.941373;2.7016633
38320.7435597317;-17.914225;2.7025154
38321.7435597336;-17.944768;2.7033172
38322.7435597354;-17.924406;2.7044199
38323.7435597373;-17.999066;2.7056227
38324.7435597392;-18.036396;2.7065246
38325.743559741;-17.958344;2.7069256
38326.7435597429;-18.019428;2.7082789
38327.7435597447;-17.951555;2.7092812
38328.7435597466;-18.077119;2.7101333
38329.7435597485;-18.002459;2.7114863
38330.7435597503;-17.975311;2.7117872
38331.7435597522;-17.985492;2.7130902
38332.7435597541;-17.988885;2.713892
38333.7435597559;-18.002459;2.7148442
38334.7435597578;-17.992277;2.715997
38335.7435597596;-17.93798;2.7168992
38336.7435597615;-17.961734;2.717701
38337.7435597634;-17.91083;2.7186031
38338.7435597652;-17.934586;2.7195554
38339.7435597671;-17.958344;2.7203574
38340.743559769;-17.951555;2.7214098
38341.7435597708;-17.951555;2.7222116
38342.7435597727;-18.056758;2.7227128
38343.7435597745;-18.039791;2.7239156
38344.7435597764;-17.917619;2.7248678
38345.7435597783;-17.978705;2.7256198
38346.7435597801;-17.951555;2.7264717
38347.743559782;-17.853139;2.727474
38348.7435597839;-17.893863;2.7283762
38349.7435597857;-17.944768;2.7292783
38350.7435597876;-17.961734;2.7298295
38351.7435597894;-18.019428;2.7309823
38352.7435597913;-17.995672;2.7311327
38353.7435597932;-17.94816;2.7323356
38354.743559795;-17.985492;2.733438
38355.7435597969;-17.995672;2.73419
38356.7435597988;-17.971918;2.7349918
38357.7435598006;-17.93798;2.7355933
38358.7435598025;-17.887076;2.7365456
38359.7435598044;-17.8735;2.7369463
38360.7435598062;-17.887076;2.7378986
38361.7435598081;-17.982098;2.7384501
38362.7435598099;-17.988885;2.7397029
38363.7435598118;-17.921012;2.7400036
38364.7435598137;-17.995672;2.741056
38365.7435598155;-17.982098;2.7420585
38366.7435598174;-17.941373;2.7427602
38367.7435598193;-17.904043;2.7433615
38368.7435598211;-18.036396;2.7443137
38369.743559823;-17.978705;2.7450655
38370.7435598248;-17.961734;2.7458675
38371.7435598267;-18.012641;2.7467697
38372.7435598286;-17.93798;2.747421
38373.7435598304;-17.999066;2.7479725
38374.7435598323;-18.046578;2.7493255
38375.7435598342;-18.036396;2.7498267
38376.743559836;-17.927801;2.7502277
38377.7435598379;-17.958344;2.7508793
38378.7435598397;-17.958344;2.751631
38379.7435598416;-17.870107;2.7525332
38380.7435598435;-17.8735;2.7534354
38381.7435598453;-17.978705;2.7539365
38382.7435598472;-17.941373;2.7546382
38383.7435598491;-17.965131;2.7551894
38384.7435598509;-17.927801;2.7561417
38385.7435598528;-17.985492;2.756743
38386.7435598546;-17.914225;2.7574446
38387.7435598565;-17.968523;2.7583969
38388.7435598584;-17.978705;2.7586977
38389.7435598602;-17.921012;2.7599506
38390.7435598621;-17.954947;2.7604518
38391.743559864;-17.924406;2.7610533
38392.7435598658;-17.958344;2.7617047
38393.7435598677;-17.94816;2.7625067
38394.7435598695;-17.971918;2.763108
38395.7435598714;-17.978705;2.7640102
38396.7435598733;-17.866713;2.7645113
38397.7435598751;-17.904043;2.7651629
38398.743559877;-17.883682;2.7659647
38399.7435598789;-17.975311;2.7665663
38400.7435598807;-17.931193;2.7675185
38401.7435598826;-18.060152;2.7684205
38403.7435598863;-18.060152;2.7688215
38404.7435598882;-18.019428;2.7697237
38405.74355989;-18.046578;2.7703753
38406.7435598919;-18.012641;2.7714777
38407.7435598938;-17.934586;2.7718287
38408.7435598956;-18.043182;2.7724299
38409.7435598975;-17.999066;2.773232
38410.7435598993;-18.002459;2.7737331
38411.7435599012;-17.8735;2.7744348
38412.7435599031;-17.927801;2.774936
38413.7435599049;-17.968523;2.7756877
38414.7435599068;-17.931193;2.7765899
38415.7435599087;-17.917619;2.777091
38416.7435599105;-17.934586;2.7776423
38417.7435599124;-17.951555;2.7781937
38418.7435599142;-17.934586;2.779146
38419.7435599161;-17.812416;2.7795968
38420.743559918;-18.005854;2.7801983
38421.7435599198;-17.931193;2.7807996
38422.7435599217;-17.924406;2.7814012
38423.7435599236;-18.019428;2.782203
38424.7435599254;-18.029609;2.7824535
38425.7435599273;-17.951555;2.7833056
38426.7435599291;-17.93798;2.7839072
38427.743559931;-18.066939;2.7844584
38428.7435599329;-17.975311;2.7850597
38429.7435599347;-17.907438;2.7857113
38430.7435599366;-17.914225;2.7863128
38431.7435599385;-17.914225;2.7871146
38432.7435599403;-17.985492;2.7876158
38433.7435599422;-17.931193;2.7883174
38434.743559944;-18.029609;2.7887185
38435.7435599459;-17.999066;2.7897208
38436.7435599478;-17.951555;2.7898209
38437.7435599496;-18.002459;2.790673
38438.7435599515;-18.009248;2.7911742
38439.7435599534;-17.927801;2.7920263
38440.7435599552;-17.951555;2.7922266
38441.7435599571;-17.893863;2.7930787
38442.743559959;-17.897256;2.7938304
38443.7435599608;-17.978705;2.7943819
38444.7435599627;-17.992277;2.7949331
38445.7435599645;-17.954947;2.7952838
38446.7435599664;-17.887076;2.7958853
38447.7435599683;-18.005854;2.7963364
38448.7435599701;-17.995672;2.7970881
38449.743559972;-17.883682;2.7977397
38450.7435599739;-17.999066;2.798341
38451.7435599757;-18.002459;2.7987421
38452.7435599776;-17.958344;2.7993937
38453.7435599794;-17.856533;2.8000953
38454.7435599813;-17.931193;2.800396
38455.7435599832;-17.975311;2.8010976
38456.743559985;-17.975311;2.801749
38457.7435599869;-17.887076;2.8020499
38458.7435599888;-18.002459;2.8029017
38459.7435599906;-17.93798;2.8032527
38460.7435599925;-17.93798;2.8037539
38461.7435599943;-17.961734;2.804606
38462.7435599962;-17.975311;2.8052573
38464.7435599999;-18.049971;2.8058088
38465.7435600018;-18.070332;2.8065605
38466.7435600037;-17.924406;2.8072119
38467.7435600055;-17.934586;2.8078635
38468.7435600074;-17.958344;2.8085651
38470.7435600111;-17.995672;2.8090663
38471.743560013;-17.904043;2.8098683
38472.7435600148;-17.934586;2.8105197
38473.7435600167;-18.009248;2.8112717
38474.7435600186;-17.93798;2.8114719
38475.7435600204;-17.958344;2.8121235
38476.7435600223;-18.043182;2.8128252
38477.7435600241;-18.070332;2.8133264
38478.743560026;-17.927801;2.8138275
38479.7435600279;-17.880287;2.8144791
38482.7435600335;-17.880287;2.8158324
38483.7435600353;-17.887076;2.8163335
38484.7435600372;-18.009248;2.8168347
38485.743560039;-17.90065;2.8176365
38486.7435600409;-17.951555;2.8176866
38487.7435600428;-18.005854;2.8184886
38488.7435600446;-18.012641;2.8186388
38489.7435600465;-17.880287;2.819541
38490.7435600484;-17.904043;2.8200421
38491.7435600502;-17.975311;2.8207438
38492.7435600521;-18.026215;2.8211448
38493.7435600539;-17.968523;2.821646
38494.7435600558;-18.029609;2.8224478
38496.7435600595;-17.927801;2.8231494
38497.7435600614;-17.985492;2.8237009
38498.7435600633;-17.978705;2.8242521
38499.7435600651;-17.836172;2.8249538
38501.7435600688;-17.907438;2.8255553
38502.7435600707;-17.897256;2.8263571
38503.7435600726;-17.951555;2.8268583
38504.7435600744;-18.005854;2.8271589
38505.7435600763;-18.026215;2.8278105
38506.7435600782;-17.917619;2.8282115
38507.74356008;-17.917619;2.8287628
38508.7435600819;-17.968523;2.8289132
38509.7435600837;-17.93798;2.8300657
38510.7435600856;-18.043182;2.8302162
38511.7435600875;-17.995672;2.8308177
38512.7435600893;-18.066939;2.8311684
38513.7435600912;-18.019428;2.8318701
38514.7435600931;-17.954947;2.8320205
38515.7435600949;-17.971918;2.8326218
38516.7435600968;-17.954947;2.8329225
38517.7435600986;-17.944768;2.8338246
38518.7435601005;-17.951555;2.8340251
38519.7435601024;-17.961734;2.8350778
38520.7435601042;-17.883682;2.8349774
38521.7435601061;-17.870107;2.8359296
38523.7435601098;-17.917619;2.8362806
38524.7435601117;-17.904043;2.837383
38526.7435601154;-17.94816;2.8379846
38527.7435601173;-17.897256;2.8385358
38528.7435601191;-17.897256;2.8389869
38529.743560121;-18.009248;2.839488
38530.7435601229;-18.019428;2.8397887
38531.7435601247;-17.975311;2.8404903
38532.7435601266;-18.060152;2.8409915
38533.7435601285;-17.985492;2.8414927
38534.7435601303;-17.951555;2.8418436
38535.7435601322;-17.985492;2.8425453
38536.743560134;-18.033002;2.8425953
38537.7435601359;-17.927801;2.8430965
38538.7435601378;-17.866713;2.843648
38539.7435601396;-17.951555;2.8441992
38540.7435601415;-17.975311;2.8445499
38541.7435601434;-17.880287;2.8453519
38543.7435601471;-17.961734;2.8459532
38544.7435601489;-17.944768;2.8466549
38546.7435601527;-17.995672;2.8473566
38547.7435601545;-17.975311;2.8479078
38548.7435601564;-17.883682;2.8482587
38549.7435601583;-17.954947;2.84886
38550.7435601601;-18.005854;2.8490605
38551.743560162;-17.978705;2.8498626
38552.7435601638;-17.8735;2.8501132
38553.7435601657;-18.090695;2.850915
38554.7435601676;-18.087303;2.8511155
38555.7435601694;-17.951555;2.8518171
38556.7435601713;-18.022822;2.8517671
38557.7435601732;-18.033002;2.8529699
38562.7435601825;-17.975311;2.8544233
38563.7435601843;-18.039791;2.855175
38564.7435601862;-18.009248;2.855175
38565.7435601881;-17.988885;2.8558266
38566.7435601899;-17.992277;2.856478
38569.7435601955;-17.907438;2.8575807
38570.7435601974;-17.914225;2.8581822
38573.743560203;-17.965131;2.859385
38574.7435602048;-17.94816;2.8600867
38578.7435602123;-17.832775;2.8614898
38579.7435602141;-17.934586;2.8621414
38580.743560216;-17.94816;2.8626928
38581.7435602179;-17.856533;2.8628931
38582.7435602197;-17.988885;2.8637452
38584.7435602234;-17.866713;2.8640459
38585.7435602253;-18.053363;2.8645973
38586.7435602272;-17.934586;2.8650985
38587.743560229;-17.978705;2.865299
38588.7435602309;-17.931193;2.8658001
38589.7435602328;-17.904043;2.8663514
38590.7435602346;-17.975311;2.8667021
38591.7435602365;-17.924406;2.8672035
38592.7435602383;-17.839563;2.8677046
38594.7435602421;-17.897256;2.868356
38595.7435602439;-17.934586;2.8690577
38596.7435602458;-17.975311;2.8692081
38597.7435602477;-17.978705;2.8699598
38599.7435602514;-17.907438;2.8703609
38600.7435602532;-18.002459;2.8709621
38601.7435602551;-17.897256;2.8716638
38604.7435602607;-18.039791;2.8723655
38605.7435602626;-17.995672;2.8729169
38608.7435602681;-17.978705;2.8741698
38609.74356027;-17.968523;2.8747211
38616.7435602831;-17.93798;2.8772271
38617.7435602849;-17.890469;2.8779788
38620.7435602905;-17.958344;2.8785801
38621.7435602924;-17.8735;2.8795323
38624.743560298;-17.931193;2.8804345
38625.7435602998;-18.073727;2.8810861
38627.7435603035;-17.890469;2.8814871
38628.7435603054;-18.046578;2.8820384
38630.7435603091;-17.904043;2.88274
38631.743560311;-17.954947;2.8833413
38632.7435603129;-17.965131;2.8834918
38633.7435603147;-17.931193;2.8842936
38634.7435603166;-17.975311;2.8842936
38635.7435603184;-17.958344;2.8849952
38638.743560324;-17.975311;2.885747
38639.7435603259;-17.961734;2.8863986
38640.7435603278;-17.870107;2.8864486
38641.7435603296;-17.951555;2.8870502
38642.7435603315;-17.94816;2.8873007
38643.7435603333;-17.8735;2.8879523
38644.7435603352;-17.914225;2.8885036
38646.7435603389;-18.033002;2.8890047
38647.7435603408;-17.965131;2.8896062
38648.7435603427;-18.029609;2.8897564
38649.7435603445;-18.053363;2.8902576
38650.7435603464;-17.995672;2.890358
38651.7435603482;-18.022822;2.8910096
38655.7435603557;-18.080516;2.8922625
38656.7435603576;-17.992277;2.8928137
38661.7435603669;-17.968523;2.8943172
38662.7435603687;-18.056758;2.8950691
38664.7435603725;-17.914225;2.8956203
38665.7435603743;-18.056758;2.8964221
38666.7435603762;-18.026215;2.8962216
38667.743560378;-18.016035;2.8970737
38668.7435603799;-17.988885;2.8970737
38669.7435603818;-17.961734;2.8978255
38671.7435603855;-17.965131;2.8980761
38672.7435603874;-17.94816;2.8988278
38673.7435603892;-17.924406;2.8988278
38674.7435603911;-17.965131;2.8993793
38675.7435603929;-17.927801;2.9000306
38682.743560406;-17.856533;2.9020855
38683.7435604078;-17.93798;2.9028373
38687.7435604153;-17.931193;2.9036393
38688.7435604172;-18.046578;2.9044411
38689.743560419;-18.039791;2.9046917
38690.7435604209;-18.043182;2.9052932
38691.7435604227;-18.100875;2.9053433
38692.7435604246;-18.019428;2.9059446
38694.7435604283;-17.968523;2.9065461
38695.7435604302;-18.1416;2.9070973
38696.7435604321;-18.026215;2.9072978
38697.7435604339;-18.043182;2.907799
38698.7435604358;-17.968523;2.9075985
38699.7435604377;-17.982098;2.90815
38700.7435604395;-17.856533;2.9085007
38701.7435604414;-17.893863;2.9090018
38706.7435604507;-17.958344;2.9105556
38707.7435604526;-17.893863;2.9110568
38710.7435604581;-17.907438;2.9119589
38711.74356046;-17.890469;2.9124601
38713.7435604637;-18.005854;2.9126103
38714.7435604656;-17.941373;2.9136629
38716.7435604693;-18.053363;2.9138634
38717.7435604712;-17.982098;2.9144647
38718.743560473;-18.066939;2.9148157
38719.7435604749;-17.951555;2.9153669
38724.7435604842;-17.992277;2.9164193
38725.7435604861;-17.951555;2.9169204
38727.7435604898;-17.988885;2.9176221
38728.7435604917;-17.965131;2.9181736
38732.7435604991;-17.907438;2.919276
38733.743560501;-17.975311;2.920078
38737.7435605084;-17.907438;2.9208298
38738.7435605103;-17.897256;2.9213309
38740.743560514;-17.93798;2.9220326
38741.7435605159;-17.907438;2.9225338
38744.7435605215;-17.968523;2.9229848
38745.7435605233;-18.019428;2.9237366
38748.7435605289;-18.016035;2.9245384
38749.7435605308;-17.999066;2.92524
38750.7435605326;-17.890469;2.92524
38751.7435605345;-17.94816;2.9258416
38752.7435605364;-17.944768;2.9256411
38753.7435605382;-17.931193;2.9261923
38754.7435605401;-17.883682;2.9268439
38759.7435605494;-17.995672;2.9281471
38760.7435605513;-17.870107;2.9286983
38762.743560555;-18.022822;2.9288487
38763.7435605569;-17.94816;2.9295502
38764.7435605587;-17.907438;2.9295001
38765.7435605606;-17.975311;2.9300516
38768.7435605662;-18.022822;2.9307029
38769.743560568;-18.022822;2.9313045
38775.7435605792;-18.019428;2.9329584
38776.7435605811;-18.026215;2.9335597
38778.7435605848;-18.060152;2.93361
38779.7435605867;-17.988885;2.9344118
38781.7435605904;-17.995672;2.9346623
38782.7435605922;-17.849746;2.9351635
38783.7435605941;-17.870107;2.9356647
38784.743560596;-17.988885;2.9358151
38785.7435605978;-17.832775;2.9364667
38788.7435606034;-17.999066;2.9368675
38789.7435606053;-18.036396;2.937469
38795.7435606165;-17.971918;2.9389725
38796.7435606183;-17.971918;2.939574
38797.7435606202;-17.961734;2.9398746
38798.7435606221;-17.941373;2.9404259
38801.7435606276;-17.924406;2.9407768
38802.7435606295;-17.839563;2.9414282
38803.7435606314;-17.86332;2.9413781
38804.7435606332;-17.829383;2.9420297
38806.743560637;-17.931193;2.9422302
38807.7435606388;-17.927801;2.9428315
38811.7435606463;-17.999066;2.9437337
38812.7435606481;-17.965131;2.9444854
38813.74356065;-17.934586;2.9449866
38815.7435606537;-17.954947;2.9450369
38816.7435606556;-17.975311;2.9455881
38818.7435606593;-18.036396;2.9458888
38819.7435606612;-18.002459;2.9463899
38821.7435606649;-17.917619;2.9466405
38822.7435606668;-18.033002;2.9471416
38823.7435606686;-17.893863;2.9472921
38824.7435606705;-17.971918;2.9481442
38825.7435606723;-17.931193;2.9478936
38826.7435606742;-17.897256;2.9483948
38828.7435606779;-18.016035;2.9487455
38829.7435606798;-18.094088;2.9494472
38830.7435606817;-17.914225;2.9492967
38831.7435606835;-17.907438;2.9498482
38835.743560691;-17.968523;2.9508004
38836.7435606928;-18.070332;2.9514017
38841.7435607021;-17.91083;2.9522538
38842.743560704;-17.904043;2.9532061
38855.7435607282;-17.91083;2.9565639
38856.7435607301;-18.022822;2.9570651
38857.7435607319;-17.90065;2.9575663
38858.7435607338;-17.968523;2.9575162
38859.7435607357;-17.961734;2.9580173
38865.7435607468;-18.002459;2.9593706
38866.7435607487;-17.931193;2.9598718
38868.7435607524;-17.985492;2.9601724
38869.7435607543;-17.954947;2.9608741
38870.7435607562;-18.070332;2.9613752
38873.7435607618;-17.975311;2.9615257
38874.7435607636;-17.985492;2.9620268
38875.7435607655;-17.988885;2.9619768
38876.7435607673;-17.961734;2.9625781
38879.7435607729;-17.917619;2.9630792
38880.7435607748;-17.893863;2.9636307
38884.7435607822;-17.91083;2.9644325
38885.7435607841;-18.012641;2.9649837
38891.7435607953;-17.982098;2.966337
38892.7435607971;-17.8735;2.9668381
38899.7435608102;-17.971918;2.9680409
38900.743560812;-18.060152;2.9687426
38901.7435608139;-18.005854;2.968843
38902.7435608158;-17.91083;2.9694943
38908.7435608269;-17.904043;2.9708476
38909.7435608288;-18.016035;2.9713988
38911.7435608325;-17.965131;2.9715493
38912.7435608344;-17.907438;2.9720504
38914.7435608381;-18.049971;2.9722509
38915.74356084;-18.033002;2.9728022
38916.7435608418;-17.917619;2.9728022
38917.7435608437;-17.897256;2.9733534
38925.7435608586;-17.846352;2.9751077
38926.7435608605;-18.026215;2.9756589
38927.7435608623;-17.917619;2.9757593
38928.7435608642;-17.999066;2.9762604
38929.7435608661;-17.934586;2.9759595
38930.7435608679;-17.904043;2.9766111
38932.7435608716;-17.965131;2.9766612
38933.7435608735;-17.965131;2.9774632
38950.7435609052;-17.924406;2.9814224
38951.743560907;-17.951555;2.982074
38957.7435609182;-17.988885;2.9830263
38958.7435609201;-17.975311;2.9835274
38965.7435609331;-17.954947;2.9852817
38966.743560935;-17.988885;2.9857829
38975.7435609517;-17.971918;2.9873865
38976.7435609536;-18.016035;2.987988
38977.7435609555;-17.982098;2.9879379
38978.7435609573;-17.954947;2.9884892
38980.7435609611;-18.016035;2.9889402
38981.7435609629;-17.961734;2.9894414
38984.7435609685;-18.094088;2.9897923
38985.7435609704;-17.995672;2.9903936
38986.7435609722;-18.073727;2.9903436
38987.7435609741;-17.982098;2.9909449
38988.743560976;-18.012641;2.9906442
38989.7435609778;-18.016035;2.9911954
38990.7435609797;-17.982098;2.9912457
38991.7435609815;-17.985492;2.9917469
38996.7435609909;-17.927801;2.9924486
38997.7435609927;-17.982098;2.9930999
39000.7435609983;-17.90065;2.9936013
39001.7435610002;-18.026215;2.9941525
39002.743561002;-17.954947;2.993952
39003.7435610039;-18.033002;2.9948041
39005.7435610076;-18.070332;2.9947538
39006.7435610095;-18.005854;2.9953554
39008.7435610132;-18.033002;2.9954555
39009.7435610151;-18.026215;2.9959567
39013.7435610225;-17.985492;2.996057
39014.7435610244;-18.046578;2.9970093
39024.743561043;-18.043182;2.9992645
39025.7435610449;-18.026215;2.9998159
39028.7435610505;-17.917619;2.999866
39029.7435610523;-18.046578;3.0005176
39030.7435610542;-17.961734;3.0006177
39031.743561056;-17.839563;3.0011189
39033.7435610598;-17.954947;3.0012193
39034.7435610616;-17.988885;3.0017204
39038.7435610691;-17.968523;3.0023217
39039.7435610709;-17.859926;3.0028229
39043.7435610784;-18.002459;3.0035245
39044.7435610803;-18.066939;3.0041261
39054.7435610989;-17.958344;3.0057299
39055.7435611008;-17.921012;3.0064313
39057.7435611045;-17.954947;3.0066822
39058.7435611063;-17.93798;3.0072834
39062.7435611138;-17.94816;3.007534
39063.7435611157;-17.944768;3.0081356
39064.7435611175;-17.975311;3.007935
39065.7435611194;-18.039791;3.0085866
39069.7435611268;-18.005854;3.0091379
39070.7435611287;-17.836172;3.0098395
39076.7435611399;-17.992277;3.0107417
39077.7435611417;-17.870107;3.0114434
39079.7435611455;-17.982098;3.0116436
39080.7435611473;-17.883682;3.0121448
39083.7435611529;-17.917619;3.0124457
39084.7435611548;-17.921012;3.0129468
39085.7435611566;-17.94816;3.0126462
39086.7435611585;-17.917619;3.0132475
39094.7435611734;-17.985492;3.014751
39095.7435611753;-17.897256;3.0152524
39099.7435611827;-17.965131;3.0157032
39100.7435611846;-17.914225;3.0163047
39101.7435611864;-17.944768;3.0161042
39102.7435611883;-17.988885;3.0166554
39119.74356122;-17.887076;3.0198131
39120.7435612218;-17.951555;3.0205648
39128.7435612367;-18.019428;3.0219681
39129.7435612386;-18.005854;3.0225194
39133.743561246;-17.931193;3.0227699
39134.7435612479;-17.934586;3.0232711
39136.7435612516;-17.965131;3.0235717
39137.7435612535;-17.914225;3.0240731
39144.7435612665;-18.043182;3.0249751
39145.7435612684;-17.914225;3.0255265
39147.7435612721;-17.917619;3.0256767
39148.743561274;-17.975311;3.0263784
39151.7435612796;-17.907438;3.0265789
39152.7435612814;-17.934586;3.0272305
39155.743561287;-18.026215;3.0272806
39156.7435612889;-18.012641;3.0279822
39158.7435612926;-17.897256;3.0280824
39159.7435612945;-17.982098;3.0285838
39168.7435613112;-17.856533;3.0299368
39169.7435613131;-17.995672;3.0304883
39171.7435613168;-17.94816;3.0304883
39172.7435613187;-17.924406;3.0310895
39179.7435613317;-17.842959;3.0322924
39180.7435613336;-17.853139;3.0327935
39181.7435613354;-17.90065;3.0324929
39182.7435613373;-17.978705;3.032994
39188.7435613485;-17.94816;3.0337458
39189.7435613503;-18.002459;3.0342972
39198.7435613671;-17.968523;3.0359509
39199.743561369;-18.012641;3.0364523
39210.7435613895;-17.992277;3.0381062
39211.7435613913;-18.016035;3.0386074
39213.743561395;-17.961734;3.0386574
39214.7435613969;-17.975311;3.0394092
39245.7435614547;-17.971918;3.0449722
39246.7435614565;-17.883682;3.0454736
39256.7435614751;-17.822596;3.0468767
39257.743561477;-17.934586;3.0474281
39261.7435614845;-17.941373;3.0480795
39262.7435614863;-17.968523;3.0475783
39263.7435614882;-17.988885;3.0485306
39273.7435615068;-17.965131;3.0500343
39274.7435615087;-17.883682;3.0505855
39291.7435615403;-17.941373;3.0532918
39292.7435615422;-17.849746;3.0538433
39295.7435615478;-17.8735;3.053793
39296.7435615496;-17.954947;3.0547452
39305.7435615664;-17.958344;3.0556974
39306.7435615683;-17.921012;3.0562489
39316.7435615869;-17.94816;3.0577524
39317.7435615888;-17.985492;3.0582535
39335.7435616223;-17.904043;3.0607595
39336.7435616242;-17.965131;3.0614109
39337.743561626;-18.036396;3.0610602
39338.7435616279;-18.026215;3.0616114
39339.7435616297;-18.019428;3.0617118
39340.7435616316;-18.016035;3.0623131
39342.7435616353;-18.012641;3.0619123
39343.7435616372;-18.022822;3.0625136
39346.7435616428;-17.958344;3.0628645
39347.7435616446;-18.090695;3.0634158
39371.7435616893;-17.893863;3.0669241
39372.7435616912;-17.941373;3.0676258
39393.7435617303;-17.94816;3.0706828
39394.7435617322;-17.934586;3.0711842
39396.7435617359;-17.975311;3.0712342
39397.7435617378;-17.941373;3.0718355
39399.7435617415;-18.016035;3.0717854
39400.7435617434;-18.043182;3.072387
39401.7435617452;-17.944768;3.072036
39402.7435617471;-17.917619;3.0727377
39420.7435617806;-18.002459;3.0751433
39421.7435617825;-17.961734;3.0757949
39446.743561829;-17.958344;3.0792029
39447.7435618309;-17.822596;3.0797544
39453.7435618421;-17.893863;3.0804558
39454.7435618439;-17.985492;3.0810573
39457.7435618495;-17.975311;3.0809572
39458.7435618514;-17.907438;3.0816588
39459.7435618533;-18.073727;3.0813079
39460.7435618551;-18.056758;3.0818591
39462.7435618588;-17.992277;3.081759
39463.7435618607;-17.951555;3.0824106
39477.7435618868;-17.975311;3.0840645
39478.7435618887;-17.951555;3.0845656
39487.7435619054;-17.958344;3.0859187
39488.7435619073;-17.941373;3.0864201
39493.7435619166;-17.839563;3.0865703
39494.7435619185;-17.815809;3.0870714
39500.7435619296;-17.958344;3.0876729
39501.7435619315;-17.958344;3.0882242
39504.7435619371;-17.951555;3.0879235
39505.7435619389;-18.002459;3.0885248
39507.7435619427;-18.009248;3.0887253
39508.7435619445;-17.914225;3.0892768
39511.7435619501;-18.026215;3.0890763
39512.743561952;-17.897256;3.0898781
39521.7435619687;-17.954947;3.0908303
39522.7435619706;-17.904043;3.0913315
39525.7435619762;-18.009248;3.0913315
39526.7435619781;-18.016035;3.091933
39545.7435620134;-17.904043;3.0943387
39546.7435620153;-17.904043;3.0948899
39559.7435620395;-17.985492;3.0963933
39560.7435620414;-17.968523;3.0969448
39595.7435621066;-17.968523;3.1016057
39596.7435621084;-18.046578;3.1021571
39597.7435621103;-18.009248;3.101706
39598.7435621122;-17.961734;3.1023576
39602.7435621196;-17.988885;3.1026082
39603.7435621215;-17.951555;3.1031094
39628.743562168;-17.958344;3.1060162
39629.7435621699;-17.988885;3.106818
39644.7435621978;-17.94816;3.1086724
39645.7435621997;-17.897256;3.1092236
39658.7435622239;-17.941373;3.1104264
39659.7435622258;-17.999066;3.1111281
39664.7435622351;-17.978705;3.1111784
39665.743562237;-17.941373;3.1117296
39669.7435622444;-17.853139;3.1116796
39670.7435622463;-17.999066;3.1125314
39690.7435622835;-17.982098;3.1148369
39691.7435622854;-18.046578;3.1153381
39693.7435622891;-17.985492;3.1150875
39694.743562291;-17.988885;3.1155887
39713.7435623264;-17.975311;3.1177938
39714.7435623282;-18.005854;3.1184454
39748.7435623916;-17.897256;3.1224048
39749.7435623934;-17.890469;3.122906
39759.7435624121;-18.005854;3.1237578
39760.7435624139;-17.93798;3.1242592
39762.7435624176;-17.968523;3.1241088
39763.7435624195;-17.975311;3.12466
39764.7435624214;-17.999066;3.1251612
39768.7435624288;-18.029609;3.125011
39769.7435624307;-17.971918;3.1256623
39782.7435624549;-17.917619;3.1267149
39783.7435624568;-17.927801;3.1272161
39787.7435624642;-17.961734;3.1272662
39788.7435624661;-17.934586;3.1277673
39793.7435624754;-18.002459;3.1278677
39794.7435624772;-18.029609;3.1285694
39799.7435624866;-17.934586;3.1289201
39800.7435624884;-17.944768;3.1295717
39806.7435624996;-17.927801;3.1298723
39807.7435625015;-18.012641;3.1303735
39839.7435625611;-18.029609;3.1339819
39840.7435625629;-17.975311;3.1345334
39858.7435625965;-17.890469;3.1359868
39859.7435625983;-17.982098;3.136488
39862.7435626039;-17.870107;3.1364379
39863.7435626058;-17.90065;3.1370392
39864.7435626076;-17.992277;3.1366384
39865.7435626095;-17.870107;3.1371396
39886.7435626486;-17.958344;3.1393447
39887.7435626505;-18.060152;3.1398959
39899.7435626728;-17.944768;3.1409485
39900.7435626747;-17.880287;3.1414497
39904.7435626821;-17.853139;3.1413996
39905.743562684;-17.982098;3.1419508
39907.7435626877;-18.049971;3.1418505
39908.7435626896;-17.985492;3.1426024
39909.7435626915;-17.907438;3.1418004
39910.7435626933;-17.961734;3.1425521
39922.7435627157;-17.897256;3.1437049
39923.7435627175;-17.954947;3.1442564
39924.7435627194;-17.951555;3.1437049
39930.7435627306;-17.93798;3.1445069
39931.7435627324;-18.009248;3.1450582
39932.7435627343;-17.944768;3.1448576
39933.7435627362;-17.921012;3.1454089
39934.743562738;-18.039791;3.1449077
39979.7435628218;-17.992277;3.1499195
39980.7435628237;-17.978705;3.1506712
40004.7435628684;-17.988885;3.1525257
40005.7435628703;-17.978705;3.1530771
40016.7435628908;-17.887076;3.1541796
40017.7435628926;-17.876896;3.1548312
40054.7435629615;-17.944768;3.1581891
40055.7435629634;-17.921012;3.1586902
40084.7435630174;-18.012641;3.1612463
40085.7435630193;-18.060152;3.1618476
40086.7435630211;-17.944768;3.1615469
40087.743563023;-17.951555;3.1620481
40130.7435631031;-17.985492;3.166208
40131.743563105;-17.965131;3.1667593
40134.7435631105;-17.951555;3.1665087
40135.7435631124;-18.012641;3.1670599
40168.7435631739;-17.992277;3.1701171
40169.7435631757;-17.914225;3.1706183
40174.7435631851;-17.849746;3.1705182
40175.7435631869;-17.859926;3.1712198
40199.7435632316;-17.897256;3.173475
40200.7435632335;-17.958344;3.1729739
40201.7435632353;-18.036396;3.1732745
40202.7435632372;-17.982098;3.173876
40221.7435632726;-18.012641;3.1750288
40222.7435632745;-18.094088;3.1757305
40231.7435632912;-17.924406;3.1761816
40232.7435632931;-17.941373;3.1768329
40242.7435633117;-18.039791;3.1772339
40243.7435633136;-17.978705;3.1778355
40250.7435633266;-17.975311;3.1782362
40251.7435633285;-17.975311;3.1787374
40260.7435633452;-18.049971;3.1789379
40261.7435633471;-17.897256;3.1794391
40264.7435633527;-17.985492;3.1792388
40265.7435633546;-18.029609;3.1798401
40273.7435633695;-17.917619;3.180191
40274.7435633713;-18.036396;3.1809428
40275.7435633732;-17.958344;3.1804416
40276.743563375;-17.988885;3.1810429
40343.7435634998;-17.961734;3.1865058
40344.7435635017;-17.941373;3.187007
40357.7435635259;-18.087303;3.1879592
40358.7435635278;-18.012641;3.1885607
40370.7435635501;-17.961734;3.1890118
40371.743563552;-18.009248;3.189513
40469.7435637345;-18.053363;3.1975317
40470.7435637364;-17.927801;3.1981332
40478.7435637513;-17.90065;3.1983337
40479.7435637532;-17.944768;3.1988349
40488.7435637699;-17.859926;3.1993861
40489.7435637718;-17.975311;3.1998873
40530.7435638482;-17.907438;3.2029946
40531.74356385;-17.961734;3.203546
40595.7435639692;-18.002459;3.2078061
40596.7435639711;-17.988885;3.2083573
40609.7435639953;-18.009248;3.2090089
40610.7435639972;-18.009248;3.2095101
40611.743563999;-18.043182;3.2092595
40612.7435640009;-18.097482;3.2097607
40621.7435640177;-17.914225;3.2105124
40622.7435640195;-17.992277;3.2099612
40679.7435641257;-17.968523;3.2142713
40680.7435641276;-18.049971;3.2147725
40685.7435641369;-17.907438;3.2147224
40686.7435641387;-17.91083;3.2152236
40689.7435641443;-17.907438;3.2149227
40690.7435641462;-18.012641;3.2157748
40709.7435641816;-17.995672;3.2164764
40710.7435641834;-17.988885;3.2170277
40711.7435641853;-18.033002;3.2164264
40776.7435643064;-17.951555;3.2211375
40777.7435643082;-17.954947;3.2216387
40864.7435644703;-17.890469;3.2271016
40865.7435644721;-18.070332;3.22645
40866.743564474;-18.094088;3.2273521
40867.7435644759;-18.046578;3.2268007
40912.7435645597;-17.971918;3.2296073
40913.7435645615;-17.941373;3.2290061
40914.7435645634;-17.992277;3.2296574
40935.7435646025;-17.927801;3.2309606
40936.7435646044;-17.934586;3.2304595
40976.7435646789;-18.022822;3.2327147
40977.7435646808;-17.917619;3.2321634
40992.7435647087;-18.005854;3.2326145
40993.7435647106;-17.961734;3.2331157
40995.7435647143;-18.016035;3.2327647
40996.7435647161;-18.022822;3.2334163
40998.7435647199;-17.887076;3.2329652
40999.7435647217;-17.904043;3.2334664
41002.7435647273;-17.992277;3.2330656
41003.7435647292;-18.039791;3.2337673
41019.743564759;-17.961734;3.2342184
41020.7435647608;-17.954947;3.233717
41021.7435647627;-17.924406;3.2341681
41022.7435647646;-17.982098;3.2336669
41118.7435649434;-17.914225;3.2361729
41119.7435649453;-17.975311;3.2366741
41123.7435649527;-18.005854;3.2361729
41124.7435649546;-18.019428;3.2366741
41132.7435649695;-18.022822;3.2363734
41133.7435649713;-18.026215;3.2370248
41134.7435649732;-18.005854;3.2363734
41145.7435649937;-17.94816;3.2366741
41146.7435649955;-17.904043;3.2371752
41154.7435650104;-17.995672;3.2366741
41155.7435650123;-17.968523;3.2371752
41236.7435651632;-18.033002;3.2378769
41237.743565165;-18.019428;3.2384281
41239.7435651688;-18.090695;3.2382276
41240.7435651706;-18.022822;3.2376764
41313.7435653066;-18.009248;3.238378
41314.7435653085;-17.921012;3.2390797
41315.7435653103;-17.988885;3.2391798
41316.7435653122;-18.121238;3.2385786
41357.7435653886;-17.995672;3.2387288
41358.7435653904;-17.927801;3.2393804
41371.7435654146;-17.961734;3.2395809
41372.7435654165;-17.975311;3.2390797
41433.7435655301;-18.012641;3.2397313
41434.743565532;-17.985492;3.2392302
41463.743565586;-17.988885;3.2395308
41464.7435655879;-17.917619;3.240032
41509.7435656717;-17.90065;3.2399318
41510.7435656735;-17.995672;3.240433
41511.7435656754;-17.941373;3.2395308
41532.7435657145;-18.073727;3.2403827
41533.7435657164;-18.022822;3.2398314
41550.7435657481;-17.958344;3.2405832
41551.7435657499;-17.941373;3.2398314
41555.7435657574;-17.992277;3.240082
41556.7435657592;-17.927801;3.2406332
41591.7435658244;-18.019428;3.2401824
41592.7435658263;-17.934586;3.2406836
41595.7435658319;-17.853139;3.2401824
41596.7435658337;-17.985492;3.2406836
41629.7435658952;-18.029609;3.2401824
41630.7435658971;-18.036396;3.2407336
41634.7435659045;-17.907438;3.2409842
41635.7435659064;-17.995672;3.240483
41640.7435659157;-17.995672;3.2409341
41641.7435659176;-17.941373;3.2403827
41655.7435659436;-17.904043;3.2410343
41656.7435659455;-17.951555;3.240433
41663.7435659585;-17.86332;3.2408841
41664.7435659604;-17.934586;3.2403326
41665.7435659623;-17.853139;3.2408841
41679.7435659883;-17.961734;3.2405331
41680.7435659902;-17.914225;3.2411346
41698.7435660237;-17.961734;3.2406836
41699.7435660256;-17.951555;3.2413852
41732.7435660871;-18.063545;3.2408338
41733.7435660889;-17.992277;3.2413852
41736.7435660945;-17.985492;3.240483
41737.7435660964;-17.931193;3.2413349
41744.7435661094;-17.8735;3.2407837
41745.7435661113;-17.921012;3.2414854
41746.7435661131;-17.93798;3.2409842
41760.7435661392;-17.91083;3.2408841
41761.7435661411;-17.849746;3.2414353
41851.7435663087;-17.978705;3.2413852
41852.7435663106;-17.941373;3.2420366
41879.7435663609;-17.914225;3.2414854
41880.7435663627;-18.049971;3.2419865
41901.7435664018;-17.856533;3.2422371
41902.7435664037;-17.951555;3.2416859
41911.7435664205;-17.941373;3.2414353
41912.7435664223;-17.914225;3.2419865
41920.7435664372;-17.876896;3.2422371
41921.7435664391;-18.016035;3.2414854
41927.7435664503;-17.992277;3.2416859
41928.7435664521;-17.992277;3.2422371
41945.7435664838;-17.988885;3.241786
41946.7435664857;-17.93798;3.2424376
41947.7435664875;-17.934586;3.2418363
41962.7435665155;-18.002459;3.2418864
41963.7435665173;-18.049971;3.2423875
41964.7435665192;-17.934586;3.2416358
41965.743566521;-17.988885;3.2422371
41967.7435665248;-18.033002;3.2422371
41968.7435665266;-17.876896;3.2417359
41983.7435665546;-18.005854;3.2419865
41984.7435665564;-18.005854;3.2424877
41994.7435665751;-17.93798;3.2424376
41995.7435665769;-17.921012;3.2418864
42019.7435666216;-17.982098;3.2426381
42020.7435666235;-18.016035;3.2419865
42021.7435666254;-17.999066;3.242588
42123.7435668153;-17.917619;3.2426882
42124.7435668172;-18.022822;3.2431893
42125.7435668191;-17.927801;3.2426882
42169.743566901;-17.954947;3.24349
42170.7435669029;-17.941373;3.2428386
42255.7435670612;-18.016035;3.2434399
42256.7435670631;-18.026215;3.2439914
42265.7435670798;-18.012641;3.2435403
42266.7435670817;-17.941373;3.2440414
42328.7435671972;-17.914225;3.2441916
42329.7435671991;-17.941373;3.2436404
42330.7435672009;-17.934586;3.244292
42341.7435672214;-17.931193;3.2440414
42342.7435672233;-18.033002;3.2445927
42352.7435672419;-17.958344;3.2439914
42353.7435672438;-17.985492;3.2444925
42457.7435674375;-18.053363;3.2447431
42458.7435674393;-18.029609;3.2453444
42462.7435674468;-17.924406;3.2452943
42463.7435674486;-17.951555;3.2447932
42475.743567471;-17.982098;3.2449937
42476.7435674729;-17.968523;3.2454948
42508.7435675325;-17.883682;3.2450938
42509.7435675343;-17.887076;3.2457454
42510.7435675362;-17.999066;3.2450938
42511.7435675381;-17.887076;3.2456453
42676.7435678454;-17.832775;3.2469983
42677.7435678473;-17.951555;3.2464972
42707.7435679031;-17.927801;3.2465472
42708.743567905;-17.91083;3.2470484
42709.7435679069;-18.039791;3.2465472
42751.7435679851;-18.063545;3.247299
42752.743567987;-18.026215;3.2467978
42776.7435680317;-17.887076;3.2475498
42777.7435680335;-17.988885;3.2470484
42778.7435680354;-17.954947;3.2475498
42790.7435680577;-17.975311;3.2470987
42791.7435680596;-18.094088;3.2475998
42936.7435683297;-17.931193;3.2484517
42937.7435683315;-18.019428;3.2489529
42945.7435683464;-17.971918;3.248502
42946.7435683483;-17.954947;3.2490532
42948.743568352;-17.992277;3.248502
42949.7435683539;-18.077119;3.2490532
42976.7435684042;-17.904043;3.2488027
42977.743568406;-18.053363;3.2493539
43015.7435684768;-17.992277;3.2490532
43016.7435684787;-17.951555;3.2495544
43063.7435685662;-17.995672;3.2496545
43064.7435685681;-17.893863;3.2503562
43072.743568583;-17.985492;3.2497549
43073.7435685849;-18.039791;3.2502561
43096.7435686277;-17.951555;3.249855
43097.7435686296;-17.907438;3.2504065
43130.743568691;-18.022822;3.2504065
43131.7435686929;-17.995672;3.2509577
43173.7435687711;-17.961734;3.2509077
43174.743568773;-17.975311;3.2514088
43175.7435687748;-17.914225;3.2508574
43216.7435688512;-17.965131;3.2512083
43217.7435688531;-17.988885;3.2517595
43263.7435689388;-17.94816;3.2517595
43264.7435689406;-17.866713;3.2524612
43265.7435689425;-17.859926;3.2518096
43290.7435689891;-17.971918;3.25196
43291.7435689909;-17.958344;3.2525616
43292.7435689928;-17.94816;3.2524612
43293.7435689946;-17.978705;3.25191
43294.7435689965;-17.876896;3.2524111
43345.7435690915;-17.971918;3.2534635
43346.7435690934;-17.971918;3.2529123
43377.7435691511;-18.012641;3.2529624
43378.743569153;-17.995672;3.2535138
43463.7435693113;-18.026215;3.2546163
43464.7435693132;-17.853139;3.2541151
43518.7435694137;-17.999066;3.2548668
43519.7435694156;-17.978705;3.255368
43526.7435694286;-17.958344;3.2549672
43527.7435694305;-17.941373;3.2554684
43565.7435695013;-17.971918;3.2560196
43566.7435695031;-17.968523;3.2554183
43589.743569546;-17.927801;3.2556689
43590.7435695478;-18.019428;3.2564206
43607.7435695795;-18.002459;3.2566211
43608.7435695814;-17.924406;3.2560196
43655.7435696689;-17.883682;3.2564707
43656.7435696708;-17.982098;3.2571723
43666.7435696894;-17.94816;3.2568214
43667.7435696913;-18.005854;3.2573228
43692.7435697378;-17.931193;3.2571723
43693.7435697397;-17.954947;3.2577236
43723.7435697956;-17.992277;3.2579741
43724.7435697974;-18.009248;3.257473
43734.7435698161;-17.91083;3.2578239
43735.7435698179;-17.992277;3.2583251
43749.743569844;-17.978705;3.257874
43750.7435698459;-18.005854;3.2583752
43753.7435698515;-17.907438;3.257874
43754.7435698533;-17.86332;3.2585256
43815.7435699669;-17.893863;3.2589767
43816.7435699688;-18.016035;3.2594779
43819.7435699744;-17.961734;3.2588763
43820.7435699763;-17.999066;3.2595279
43833.7435700005;-17.880287;3.2596781
43834.7435700023;-17.893863;3.2591269
43883.7435700936;-17.988885;3.2601292
43884.7435700955;-17.995672;3.259578
43885.7435700973;-17.992277;3.2601795
43890.7435701066;-17.91083;3.2598786
43891.7435701085;-17.968523;3.2603798
43924.74357017;-17.924406;3.2608309
43925.7435701718;-18.005854;3.2602296
43960.743570237;-17.954947;3.2609313
43961.7435702389;-18.026215;3.2614825
43985.7435702836;-17.971918;3.2611818
43986.7435702855;-17.870107;3.2617331
43998.7435703078;-18.012641;3.261332
43999.7435703097;-17.93798;3.2618835
44018.7435703451;-18.033002;3.2619336
44019.7435703469;-17.995672;3.2624347
44021.7435703506;-17.914225;3.2617331
44022.7435703525;-17.93798;3.2622342
44035.7435703767;-18.049971;3.2623346
44036.7435703786;-17.887076;3.2618334
44037.7435703804;-17.961734;3.2623847
44053.7435704103;-17.992277;3.2622342
44054.7435704121;-18.026215;3.2628858
44126.7435705462;-18.036396;3.2631364
44127.7435705481;-18.029609;3.2638881
44141.7435705742;-18.161963;3.2641888
44142.743570576;-17.954947;3.2636876
44147.7435705853;-18.002459;3.2636876
44148.7435705872;-17.975311;3.2642891
44154.7435705984;-18.005854;3.2638381
44155.7435706002;-17.985492;3.2643893
44156.7435706021;-17.944768;3.2638881
44185.7435706561;-17.842959;3.2642391
44186.743570658;-17.856533;3.2648404
44192.7435706692;-17.944768;3.2643392
44193.743570671;-18.053363;3.2649407
44198.7435706803;-17.968523;3.2645397
44199.7435706822;-17.999066;3.2650909
44291.7435708536;-17.995672;3.2656925
44292.7435708554;-17.965131;3.2663438
44315.7435708983;-18.009248;3.2664442
44316.7435709001;-18.002459;3.2670455
44318.7435709039;-17.978705;3.2667949
44319.7435709057;-17.93798;3.2662938
44328.7435709225;-17.93798;3.2664943
44329.7435709243;-17.93798;3.2670455
44357.7435709765;-17.924406;3.2669454
44358.7435709784;-18.002459;3.2675469
44374.7435710082;-18.066939;3.267647
44375.74357101;-17.93798;3.2671459
44399.7435710547;-18.002459;3.267647
44400.7435710566;-17.931193;3.2682483
44408.7435710715;-17.941373;3.2675469
44409.7435710734;-17.893863;3.2682483
44417.7435710883;-17.992277;3.268048
44418.7435710901;-17.954947;3.2675469
44461.7435711702;-18.019428;3.2683487
44462.7435711721;-18.029609;3.2688498
44488.7435712205;-17.931193;3.2688999
44489.7435712224;-18.063545;3.2695515
44504.7435712503;-18.029609;3.2691004
44505.7435712522;-18.012641;3.269702
44522.7435712838;-17.992277;3.269351
44523.7435712857;-17.931193;3.2699022
44528.743571295;-17.893863;3.2694514
44529.7435712969;-17.90065;3.2700026
44545.7435713267;-17.866713;3.2696016
44546.7435713285;-17.914225;3.2701027
44558.7435713509;-17.954947;3.2700527
44559.7435713528;-17.968523;3.2705538
44584.7435713993;-17.880287;3.2702031
44585.7435714012;-17.914225;3.2707043
44586.743571403;-17.91083;3.2708044
44587.7435714049;-17.954947;3.2702532
44588.7435714068;-17.86332;3.2709048
44590.7435714105;-17.999066;3.2705538
44591.7435714124;-18.094088;3.2711051
44628.7435714813;-17.907438;3.2708044
44629.7435714831;-17.975311;3.2716064
44645.7435715129;-17.975311;3.2711554
44646.7435715148;-17.887076;3.2717066
44652.743571526;-18.012641;3.2720072
44653.7435715278;-17.941373;3.271456
44741.7435716918;-18.016035;3.2726588
44742.7435716936;-17.802234;3.27316
44750.7435717085;-17.975311;3.2728093
44751.7435717104;-17.992277;3.2733104
44786.7435717756;-17.965131;3.27316
44787.7435717774;-17.992277;3.2737615
44792.7435717867;-17.809021;3.2736111
44793.7435717886;-17.988885;3.2741122
44795.7435717923;-17.999066;3.2740622
44796.7435717942;-18.022822;3.273561
44809.7435718184;-17.975311;3.2737112
44810.7435718203;-17.982098;3.2744129
44811.7435718221;-17.999066;3.2738116
44816.7435718315;-17.968523;3.2744632
44817.7435718333;-17.931193;3.273962
44837.7435718706;-17.921012;3.2746134
44838.7435718724;-18.005854;3.2741122
44862.7435719171;-17.880287;3.2749143
44863.743571919;-17.8735;3.2744129
44864.7435719209;-17.965131;3.2749143
44868.7435719283;-17.944768;3.2747638
44869.7435719302;-17.995672;3.275265
44870.743571932;-17.961734;3.2747638
44881.7435719525;-17.917619;3.2749643
44882.7435719544;-17.890469;3.2756157
44883.7435719562;-17.94816;3.2748139
44945.7435720717;-17.961734;3.2761672
44946.7435720736;-17.931193;3.2756157
44947.7435720755;-18.009248;3.2761672
44955.7435720904;-18.009248;3.2758665
44956.7435720922;-17.941373;3.2764678
44984.7435721444;-17.961734;3.2767684
44985.7435721462;-17.944768;3.2762172
44986.7435721481;-17.985492;3.2767184
44998.7435721705;-17.921012;3.276969
44999.7435721723;-17.971918;3.2764678
45000.7435721742;-17.931193;3.2765179
45001.743572176;-18.029609;3.277019
45034.7435722375;-17.992277;3.2768688
45035.7435722394;-17.941373;3.2775705
45049.7435722654;-17.988885;3.2772696
45050.7435722673;-17.934586;3.277771
45061.7435722878;-17.985492;3.2773199
45062.7435722897;-18.022822;3.2778711
45079.7435723213;-18.063545;3.2778211
45080.7435723232;-17.944768;3.2783222
45097.7435723549;-17.971918;3.2784224
45098.7435723567;-17.968523;3.2777207
45099.7435723586;-17.904043;3.2784224
45108.7435723753;-17.992277;3.2782722
45109.7435723772;-17.971918;3.2787733
45135.7435724256;-17.965131;3.2785728
45136.7435724275;-17.934586;3.2791741
45160.7435724722;-17.985492;3.2789738
45161.7435724741;-17.93798;3.279475
45257.7435726529;-18.009248;3.2804773
45258.7435726547;-17.907438;3.2809784
45260.7435726585;-17.978705;3.2803268
45261.7435726603;-17.94816;3.2808783
45265.7435726678;-17.890469;3.2809284
45266.7435726696;-17.999066;3.2804272
45267.7435726715;-17.921012;3.2809284
45331.7435727907;-17.961734;3.2819808
45332.7435727926;-17.917619;3.2813795
45351.743572828;-18.016035;3.2824318
45352.7435728298;-17.968523;3.2819307
45389.7435728987;-17.90065;3.2823317
45390.7435729006;-17.985492;3.2828329
45399.7435729174;-18.077119;3.2826824
45400.7435729192;-17.951555;3.2831836
45401.7435729211;-17.897256;3.2825823
45423.7435729621;-17.975311;3.2826324
45424.7435729639;-17.941373;3.2832336
45453.743573018;-17.91083;3.2834342
45454.7435730198;-17.859926;3.2839353
45465.7435730403;-18.053363;3.2839856
45466.7435730422;-17.931193;3.2834845
45474.7435730571;-17.978705;3.2833841
45475.7435730589;-17.944768;3.2838852
45557.7435732117;-17.856533;3.2846873
45558.7435732135;-17.934586;3.2851884
45559.7435732154;-17.917619;3.2847874
45560.7435732173;-17.921012;3.2852886
45590.7435732731;-17.978705;3.2848876
45591.743573275;-18.056758;3.2854891
45630.7435733476;-17.961734;3.2856395
45631.7435733495;-17.954947;3.2861407
45658.7435733998;-18.012641;3.2861407
45659.7435734017;-18.053363;3.2866418
45784.7435736345;-18.002459;3.2876942
45785.7435736364;-17.941373;3.2881954
45786.7435736382;-17.921012;3.2881453
45787.7435736401;-17.853139;3.2875941
45837.7435737332;-17.951555;3.2886965
45838.7435737351;-17.999066;3.2881453
45850.7435737574;-17.941373;3.2883458
45851.7435737593;-17.954947;3.2889471
45853.743573763;-17.880287;3.2882957
45854.7435737649;-17.961734;3.2890475
45868.743573791;-18.043182;3.2891476
45869.7435737928;-18.046578;3.2886465
45883.7435738189;-18.019428;3.2889471
45884.7435738208;-18.012641;3.2895987
45909.7435738673;-17.893863;3.2893481
45910.7435738692;-17.880287;3.2898993
45911.743573871;-17.992277;3.289248
45912.7435738729;-18.043182;3.2894986
45913.7435738748;-17.988885;3.2900498
45914.7435738766;-17.870107;3.289248
45943.7435739307;-17.93798;3.2901502
45944.7435739325;-17.985492;3.2896488
45957.7435739567;-17.965131;3.2895987
45958.7435739586;-18.022822;3.2900999
45999.743574035;-17.992277;3.2907515
46000.7435740368;-17.968523;3.2902002
46023.7435740797;-18.046578;3.2905509
46024.7435740815;-17.921012;3.2910521
46055.7435741393;-17.880287;3.290952
46056.7435741411;-17.883682;3.2915533
46057.743574143;-18.016035;3.2907515
46085.7435741951;-18.043182;3.2911525
46086.743574197;-17.951555;3.2917538
46166.743574346;-17.94816;3.2921047
46167.7435743479;-17.951555;3.2926059
46205.7435744187;-17.8735;3.2924554
46206.7435744205;-17.917619;3.293107
46210.743574428;-18.019428;3.2932072
46211.7435744298;-18.019428;3.2926059
46234.7435744727;-18.002459;3.2933576
46235.7435744745;-17.951555;3.292706
46274.7435745472;-18.036396;3.2939088
46275.743574549;-17.944768;3.2934077
46317.7435746273;-18.022822;3.2938087
46318.7435746291;-17.961734;3.2943099
46319.743574631;-18.012641;3.2938087
46350.7435746887;-17.982098;3.2941093
46351.7435746906;-18.033002;3.294811
46352.7435746925;-18.097482;3.2942598
46401.7435747837;-17.897256;3.2945104
46402.7435747856;-18.029609;3.2950616
46410.7435748005;-17.921012;3.295162
46411.7435748024;-17.961734;3.2945104
46412.7435748042;-17.893863;3.295162
46425.7435748284;-17.992277;3.2946606
46426.7435748303;-18.009248;3.295162
46441.7435748582;-17.961734;3.294811
46442.7435748601;-17.958344;3.2953122
46449.7435748732;-17.995672;3.2950616
46450.743574875;-17.941373;3.2956128
46471.7435749141;-18.019428;3.2956631
46472.743574916;-17.995672;3.2950115
46494.743574957;-18.033002;3.295212
46495.7435749588;-17.978705;3.2959137
46545.743575052;-17.965131;3.2958133
46546.7435750538;-18.012641;3.2963145
46571.7435751004;-17.914225;3.2965651
46572.7435751023;-17.853139;3.2959638
46573.7435751041;-17.951555;3.2966154
46585.7435751265;-18.036396;3.2968659
46586.7435751283;-18.002459;3.2963648
46602.7435751581;-18.039791;3.2964149
46603.74357516;-18.026215;3.2970161
46607.7435751674;-18.083906;3.2966154
46608.7435751693;-17.927801;3.2971165
46696.7435753332;-17.971918;3.2976677
46697.7435753351;-18.012641;3.2971666
46709.7435753574;-17.985492;3.2979183
46710.7435753593;-17.999066;3.2974172
46719.7435753761;-18.046578;3.2975173
46720.7435753779;-17.944768;3.2982693
46729.7435753947;-18.138207;3.2976677
46730.7435753966;-17.985492;3.2984695
46746.7435754264;-18.005854;3.2977681
46747.7435754282;-17.968523;3.2982693
46759.7435754506;-17.927801;3.29862
46760.7435754524;-17.8735;3.2979183
46792.743575512;-17.999066;3.298219
46793.7435755139;-17.914225;3.2988205
46849.7435756182;-17.927801;3.2991211
46850.7435756201;-17.992277;3.2996726
46851.7435756219;-17.995672;3.2991712
46862.7435756424;-17.988885;3.2994218
46863.7435756443;-17.985492;3.2988706
47009.7435759162;-18.039791;3.3005245
47010.7435759181;-18.029609;3.3011761
47011.74357592;-18.039791;3.3005245
47032.7435759591;-17.988885;3.3006248
47033.7435759609;-18.005854;3.3012762
47094.7435760746;-18.026215;3.3011761
47095.7435760764;-17.927801;3.3016772
47115.7435761137;-17.975311;3.3021784
47116.7435761155;-17.971918;3.3016772
47145.7435761696;-17.965131;3.3016272
47146.7435761714;-17.988885;3.3021784
47149.743576177;-17.934586;3.3019779
47150.7435761789;-18.053363;3.302479
47155.7435761882;-17.924406;3.3021784
47156.74357619;-17.876896;3.3027296
47161.7435761994;-17.931193;3.3019779
47162.7435762012;-17.907438;3.3025293
47186.7435762459;-18.049971;3.3029301
47187.7435762478;-17.978705;3.302429
47190.7435762534;-17.968523;3.3027296
47191.7435762552;-17.961734;3.3020782
47192.7435762571;-18.039791;3.3026795
47220.7435763092;-17.91083;3.3033812
47221.7435763111;-17.988885;3.30288
47230.7435763279;-17.934586;3.30288
47231.7435763297;-17.941373;3.3033812
47232.7435763316;-17.954947;3.3026295
47246.7435763577;-17.921012;3.3027799
47247.7435763595;-17.91083;3.3034816
47263.7435763893;-17.988885;3.3036318
47264.7435763912;-17.931193;3.3030806
47285.7435764303;-17.978705;3.3034313
47286.7435764322;-17.941373;3.3039827
47299.7435764564;-17.93798;3.3040829
47300.7435764583;-17.93798;3.3035817
47304.7435764657;-17.954947;3.3034313
47305.7435764676;-17.951555;3.3039827
47315.7435764862;-18.060152;3.3035817
47316.7435764881;-17.934586;3.3041329
47341.7435765346;-17.890469;3.3038824
47342.7435765365;-17.853139;3.3044338
47348.7435765477;-17.958344;3.3040328
47349.7435765495;-18.033002;3.304584
47355.7435765607;-17.995672;3.3040829
47356.7435765626;-18.005854;3.304584
47362.7435765737;-17.893863;3.3039827
47363.7435765756;-17.941373;3.3046844
47369.7435765868;-17.988885;3.3040328
47370.7435765886;-18.019428;3.304534
47483.7435767991;-18.077119;3.3055863
47484.743576801;-18.026215;3.3062379
47528.7435768829;-18.002459;3.3065889
47529.7435768848;-17.931193;3.3060374
47536.7435768978;-17.982098;3.3061378
47537.7435768997;-17.982098;3.3067391
47585.7435769891;-17.958344;3.3065889
47586.743576991;-17.887076;3.30709
47593.743577004;-17.870107;3.306639
47594.7435770059;-17.94816;3.3071902
47601.7435770189;-17.988885;3.3064384
47602.7435770208;-18.005854;3.3069396
47603.7435770226;-17.907438;3.3067391
47604.7435770245;-18.026215;3.3072402
47616.7435770469;-18.049971;3.3073907
47617.7435770487;-17.86332;3.3067892
47630.7435770729;-17.985492;3.3068895
47631.7435770748;-17.965131;3.3075411
47633.7435770785;-17.999066;3.3071902
47634.7435770804;-17.999066;3.3076913
47659.743577127;-17.941373;3.3073907
47660.7435771288;-17.971918;3.3078918
47661.7435771307;-18.009248;3.3076413
47662.7435771325;-17.988885;3.3083429
47663.7435771344;-17.931193;3.3074908
47675.7435771568;-18.049971;3.3080423
47676.7435771586;-18.022822;3.3074408
47681.7435771679;-17.992277;3.3081424
47682.7435771698;-17.971918;3.3076413
47685.7435771754;-17.904043;3.3074908
47686.7435771772;-17.934586;3.307992
47690.7435771847;-17.965131;3.3075411
47691.7435771866;-17.917619;3.3082428
47701.7435772052;-17.927801;3.3082428
47702.743577207;-17.971918;3.3077414
47776.7435773449;-17.951555;3.3085935
47777.7435773467;-17.988885;3.3090947
47783.7435773579;-18.022822;3.308794
47784.7435773598;-17.982098;3.3092952
47785.7435773616;-17.829383;3.308794
47802.7435773933;-17.961734;3.308744
47803.7435773952;-18.016035;3.3092451
47827.7435774399;-17.86332;3.3091447
47828.7435774417;-17.971918;3.3096459
47871.7435775218;-17.927801;3.3094957
47872.7435775237;-17.914225;3.3101473
47930.7435776317;-17.992277;3.3108487
47931.7435776336;-17.907438;3.3102975
47952.7435776727;-17.958344;3.3101974
47953.7435776746;-17.924406;3.3106985
47955.7435776783;-18.036396;3.3103979
47956.7435776802;-17.982098;3.3109992
47959.7435776857;-18.046578;3.3111997
47960.7435776876;-18.060152;3.3106985
47988.7435777398;-18.012641;3.3114502
47989.7435777416;-17.924406;3.3109491
47990.7435777435;-17.961734;3.3110995
47991.7435777453;-17.999066;3.3116007
47992.7435777472;-17.958344;3.3108487
48030.743577818;-17.951555;3.3116508
48031.7435778199;-17.999066;3.3109491
48032.7435778217;-17.975311;3.3116007
48077.7435779055;-18.019428;3.3119514
48078.7435779074;-18.039791;3.3112998
48108.7435779633;-18.083906;3.3118513
48109.7435779651;-18.080516;3.3123524
48115.7435779763;-18.033002;3.3124025
48116.7435779782;-17.965131;3.3119013
48124.7435779931;-17.856533;3.3120015
48125.7435779949;-17.985492;3.312603
48147.7435780359;-18.026215;3.3127532
48148.7435780378;-17.961734;3.3121519
48156.7435780527;-17.917619;3.312252
48157.7435780545;-18.012641;3.3129537
48158.7435780564;-18.019428;3.3124025
48189.7435781142;-18.012641;3.3131042
48190.743578116;-17.934586;3.3125529
48191.7435781179;-17.975311;3.3131042
48194.7435781235;-17.897256;3.3132043
48195.7435781253;-17.880287;3.3125026
48196.7435781272;-17.904043;3.3133547
48199.7435781328;-17.924406;3.312603
48200.7435781346;-17.927801;3.3132043
48201.7435781365;-18.043182;3.3129036
48202.7435781384;-18.043182;3.3135552
48203.7435781402;-18.002459;3.3129537
48206.7435781458;-18.019428;3.3125529
48207.7435781477;-17.978705;3.3131042
48209.7435781514;-18.029609;3.3124025
48210.7435781533;-18.060152;3.3129537
48255.7435782371;-17.91083;3.3132546
48256.7435782389;-17.893863;3.3138058
48261.7435782483;-18.036396;3.3136554
48262.7435782501;-18.009248;3.3130541
48279.7435782818;-17.954947;3.3132546
48280.7435782837;-18.012641;3.3138058
48283.7435782892;-17.982098;3.3139563
48284.7435782911;-17.907438;3.3134549
48285.743578293;-17.890469;3.3140564
48301.7435783228;-17.887076;3.3134048
48302.7435783246;-17.870107;3.313906
48304.7435783284;-17.94816;3.3139563
48305.7435783302;-17.93798;3.3134549
48306.7435783321;-17.91083;3.3140063
48352.7435784178;-17.927801;3.3145576
48353.7435784196;-17.995672;3.3140564
48354.7435784215;-17.961734;3.3140564
48355.7435784234;-17.971918;3.3146076
48356.7435784252;-18.056758;3.3138559
48370.7435784513;-17.880287;3.314708
48371.7435784532;-18.019428;3.3142068
48372.743578455;-17.995672;3.3144071
48373.7435784569;-18.029609;3.3149085
48374.7435784587;-18.060152;3.3141565
48415.7435785351;-17.988885;3.3150086
48416.743578537;-17.965131;3.313906
48417.7435785388;-17.971918;3.3145576
48418.7435785407;-17.988885;3.3150587
48525.74357874;-17.975311;3.3151088
48526.7435787419;-18.022822;3.3156099
48535.7435787586;-17.965131;3.3158104
48536.7435787605;-17.975311;3.3152592
48537.7435787624;-17.958344;3.3158104
48603.7435788853;-17.94816;3.316061
48604.7435788872;-17.988885;3.3155599
48614.7435789058;-17.897256;3.3155098
48615.7435789076;-17.968523;3.3162115
48701.7435790678;-17.992277;3.3162615
48702.7435790697;-17.975311;3.3167627
48703.7435790716;-17.995672;3.3162115
48704.7435790734;-17.941373;3.316813
48707.743579079;-17.954947;3.3168631
48708.7435790809;-17.921012;3.3162615
48732.7435791256;-17.897256;3.3167126
48733.7435791274;-17.876896;3.3162115
48739.7435791386;-18.039791;3.3163116
48740.7435791405;-18.009248;3.3169632
48741.7435791423;-17.968523;3.3162615
48742.7435791442;-17.999066;3.3163619
48743.7435791461;-17.958344;3.3169131
48749.7435791572;-17.822596;3.3165622
48750.7435791591;-17.914225;3.3170636
48770.7435791963;-17.927801;3.3170636
48771.7435791982;-17.968523;3.3163619
48772.7435792001;-18.026215;3.3169131
48778.7435792113;-17.978705;3.3165121
48779.7435792131;-17.992277;3.3170133
48780.743579215;-18.005854;3.316462
48794.7435792411;-17.897256;3.3169131
48795.7435792429;-18.005854;3.3174644
48818.7435792858;-18.060152;3.3173141
48819.7435792876;-17.961734;3.3166625
48870.7435793826;-17.934586;3.3175647
48871.7435793845;-17.968523;3.3170133
48890.7435794199;-18.077119;3.3177652
48891.7435794217;-18.090695;3.3170133
48898.7435794348;-17.927801;3.3176649
48899.7435794366;-17.992277;3.3170133
48924.7435794832;-17.934586;3.3179655
48925.7435794851;-17.982098;3.3174143
48933.7435795;-17.934586;3.3174644
48934.7435795018;-17.93798;3.3180659
48935.7435795037;-17.941373;3.3175647
48938.7435795093;-17.975311;3.3180158
48939.7435795111;-17.90065;3.3174143
48940.743579513;-17.93798;3.3179154
48943.7435795186;-17.944768;3.3181159
48944.7435795204;-17.975311;3.3176148
48955.7435795409;-18.005854;3.3174143
48956.7435795428;-17.934586;3.3179154
48971.7435795707;-17.951555;3.3176148
48972.7435795726;-17.93798;3.3181159
48973.7435795745;-17.958344;3.3178153
48974.7435795763;-17.958344;3.3183165
49020.743579662;-17.904043;3.3175647
49021.7435796639;-17.995672;3.3182161
49081.7435797756;-17.982098;3.3180659
49082.7435797775;-17.927801;3.3186672
49118.7435798445;-17.951555;3.3186171
49119.7435798464;-18.043182;3.3180158
49135.7435798762;-17.90065;3.3184166
49136.7435798781;-17.914225;3.3189178
49157.7435799172;-17.971918;3.318567
49158.7435799191;-17.992277;3.3190682
49160.7435799228;-17.985492;3.318517
49161.7435799246;-17.978705;3.3190181
49162.7435799265;-18.009248;3.318517
49192.7435799824;-17.846352;3.3186672
49193.7435799842;-17.890469;3.3192186
49241.7435800737;-17.8735;3.3189681
49242.7435800755;-17.921012;3.3195693
49276.7435801388;-18.039791;3.3195693
49277.7435801407;-18.033002;3.3190181
49284.7435801537;-18.046578;3.3192186
49285.7435801556;-17.951555;3.3197198
49306.7435801947;-17.93798;3.3195693
49307.7435801966;-18.012641;3.3190682
49308.7435801985;-17.893863;3.3196194
49329.7435802376;-17.941373;3.3192687
49330.7435802394;-17.876896;3.3199203
49331.7435802413;-17.890469;3.3194189
49337.7435802525;-17.893863;3.3197699
49338.7435802543;-17.975311;3.3192687
49347.7435802711;-17.982098;3.3197699
49348.743580273;-17.93798;3.3191183
49363.7435803009;-17.982098;3.31987
49364.7435803028;-18.046578;3.3204215
49365.7435803046;-17.954947;3.3198199
49372.7435803177;-18.016035;3.3195193
49373.7435803195;-18.033002;3.3200705
49374.7435803214;-17.897256;3.3194692
49387.7435803456;-17.941373;3.3194692
49388.7435803475;-17.941373;3.3200204
49392.7435803549;-18.066939;3.3200705
49393.7435803568;-17.965131;3.3194189
49411.7435803903;-18.016035;3.320271
49412.7435803922;-17.870107;3.3197198
49430.7435804257;-18.10427;3.3203211
49431.7435804276;-18.077119;3.3198199
49435.743580435;-17.971918;3.31987
49436.7435804369;-17.94816;3.3203712
49464.743580489;-18.063545;3.3197198
49465.7435804909;-18.005854;3.3205216
49483.7435805244;-17.988885;3.320672
49484.7435805263;-17.982098;3.3201206
49500.7435805561;-17.842959;3.3207221
49501.7435805579;-17.951555;3.3202209
49555.7435806585;-17.982098;3.3203712
49556.7435806604;-17.890469;3.3209727
49594.7435807312;-17.904043;3.3211732
49595.743580733;-17.880287;3.320672
49625.7435807889;-18.029609;3.3207722
49626.7435807908;-17.897256;3.3213234
49628.7435807945;-18.009248;3.3213234
49629.7435807964;-17.951555;3.3207722
49630.7435807982;-17.975311;3.3212733
49648.7435808318;-17.921012;3.3213737
49649.7435808336;-17.927801;3.3208725
49650.7435808355;-17.927801;3.3214238
49664.7435808616;-17.954947;3.3214238
49665.7435808634;-17.907438;3.3209226
49702.7435809323;-17.951555;3.3216243
49703.7435809342;-18.022822;3.3211231
49742.7435810068;-17.917619;3.3219249
49743.7435810087;-17.968523;3.3213234
49762.7435810441;-17.819203;3.3213737
49763.743581046;-17.995672;3.3220251
49773.7435810646;-17.93798;3.3214238
49774.7435810664;-17.958344;3.3220251
49788.7435810925;-17.988885;3.321975
49789.7435810944;-18.002459;3.3214738
49827.7435811652;-18.009248;3.3216743
49828.743581167;-17.975311;3.3222256
49832.7435811745;-17.890469;3.3220251
49833.7435811763;-17.944768;3.3214738
49834.7435811782;-17.958344;3.3220754
49852.7435812117;-18.002459;3.322376
49853.7435812136;-17.90065;3.3218749
49858.7435812229;-18.083906;3.3219249
49859.7435812248;-18.063545;3.3224261
49868.7435812415;-17.941373;3.3224261
49869.7435812434;-18.009248;3.3218248
49911.7435813216;-18.046578;3.3224761
49912.7435813235;-17.988885;3.321975
49921.7435813403;-17.954947;3.3218749
49922.7435813421;-18.070332;3.322376
49958.7435814092;-17.870107;3.3221755
49959.743581411;-17.995672;3.3227267
49963.7435814185;-18.033002;3.322376
49964.7435814203;-18.039791;3.3228772
49965.7435814222;-18.019428;3.3223259
49991.7435814706;-17.965131;3.3228271
49992.7435814725;-17.944768;3.3223259
50010.743581506;-18.005854;3.3226266
50011.7435815079;-17.846352;3.3231277
50022.7435815284;-18.019428;3.3229272
50023.7435815302;-17.961734;3.3224261
50039.74358156;-17.93798;3.3225765
50040.7435815619;-17.992277;3.3231277
50067.7435816122;-17.975311;3.3225765
50068.7435816141;-17.927801;3.3232782
50069.7435816159;-17.961734;3.3226266
50077.7435816308;-17.917619;3.3226767
50078.7435816327;-17.842959;3.3232279
50097.7435816681;-17.93798;3.3235788
50098.7435816699;-17.94816;3.3228772
50135.7435817389;-17.914225;3.3228772
50136.7435817407;-17.978705;3.3234284
50137.7435817426;-18.016035;3.3229272
50144.7435817556;-17.954947;3.3228772
50145.7435817575;-17.94816;3.3233783
50188.7435818376;-17.880287;3.3228271
50189.7435818394;-17.975311;3.3233783
50198.7435818562;-17.985492;3.3235788
50199.7435818581;-17.968523;3.3230276
50212.7435818823;-17.971918;3.3229773
50213.7435818841;-17.907438;3.3235788
50216.7435818897;-17.995672;3.3231277
50217.7435818916;-18.022822;3.323679
50218.7435818935;-18.026215;3.3231277
50231.7435819177;-17.944768;3.3231277
50232.7435819195;-17.921012;3.323679
50249.7435819512;-17.917619;3.3231778
50250.7435819531;-17.866713;3.3237293
50251.7435819549;-17.934586;3.3237793
50252.7435819568;-18.026215;3.3231277
50297.7435820406;-17.982098;3.3238294
50298.7435820425;-18.009248;3.3231778
50329.7435821002;-17.971918;3.3232279
50330.7435821021;-17.982098;3.3238294
50343.7435821263;-18.029609;3.3235288
50344.7435821282;-17.897256;3.3240299
50400.7435822325;-17.931193;3.3242304
50401.7435822343;-17.893863;3.323679
50402.7435822362;-17.904043;3.3237293
50403.743582238;-18.033002;3.3242304
50404.7435822399;-17.924406;3.3241301
50405.7435822418;-17.944768;3.3236289
50472.7435823666;-17.907438;3.3241301
50473.7435823684;-17.975311;3.3235788
50525.7435824653;-17.995672;3.3242304
50526.7435824672;-18.012641;3.3235288
50574.7435825566;-17.914225;3.3238294
50575.7435825584;-18.009248;3.3243306
50586.7435825789;-18.009248;3.3237293
50587.7435825808;-17.931193;3.3242805
50591.7435825882;-18.005854;3.3237793
50592.7435825901;-17.954947;3.324481
50600.743582605;-17.958344;3.3237293
50601.7435826069;-17.866713;3.3242304
50656.7435827093;-18.026215;3.3243806
50657.7435827112;-17.887076;3.3238795
50691.7435827745;-17.931193;3.3241301
50692.7435827764;-17.849746;3.3246815
50693.7435827782;-18.148387;3.3241301
50704.7435827987;-17.904043;3.32408
50705.7435828006;-18.046578;3.3245811
50706.7435828024;-17.8735;3.32408
50711.7435828117;-18.019428;3.3246815
50712.7435828136;-17.951555;3.3241301
50726.7435828397;-17.941373;3.3238294
50727.7435828415;-17.968523;3.3243306
50733.7435828527;-18.033002;3.3241301
50734.7435828546;-17.917619;3.3247316
50735.7435828564;-18.022822;3.3240299
50747.7435828788;-17.829383;3.3239799
50748.7435828807;-17.921012;3.324481
50766.7435829142;-17.914225;3.32408
50767.7435829161;-18.002459;3.3245811
50769.7435829198;-18.026215;3.3247316
50770.7435829216;-18.097482;3.3241801
50779.7435829384;-17.849746;3.3241301
50780.7435829403;-17.985492;3.3246815
50803.7435829831;-17.914225;3.3247817
50804.743582985;-17.880287;3.3241301
50806.7435829887;-17.965131;3.3240299
50807.7435829906;-17.954947;3.3245811
50809.7435829943;-17.944768;3.3245311
50810.7435829961;-17.995672;3.3237793
50811.743582998;-18.019428;3.3243806
50836.7435830446;-17.961734;3.3240299
50837.7435830464;-17.968523;3.3245311
50852.7435830744;-17.883682;3.3243306
50853.7435830762;-18.012641;3.3237793
50854.7435830781;-17.965131;3.3243306
50871.7435831098;-17.999066;3.3248818
50872.7435831116;-18.012641;3.3243306
50899.7435831619;-17.856533;3.32408
50900.7435831638;-17.958344;3.3246815
50947.7435832513;-18.026215;3.3248818
50948.7435832532;-17.958344;3.3242304
50970.7435832942;-17.954947;3.3247817
50971.743583296;-17.978705;3.3242304
51012.7435833724;-17.971918;3.3246312
51013.7435833743;-17.988885;3.3241301
51014.7435833761;-17.951555;3.3246312
51015.743583378;-17.876896;3.3249321
51016.7435833799;-17.971918;3.3244309
51032.7435834097;-17.86332;3.3241801
51033.7435834115;-17.870107;3.3247316
51071.7435834823;-17.999066;3.3242805
51072.7435834842;-17.975311;3.3247817
51103.7435835419;-17.907438;3.3247316
51104.7435835438;-17.999066;3.3242304
51111.7435835568;-18.100875;3.3248317
51112.7435835587;-17.968523;3.3243306
51118.7435835698;-18.005854;3.3243306
51119.7435835717;-17.958344;3.3248317
51157.7435836425;-17.961734;3.3242805
51158.7435836443;-18.060152;3.3248317
51227.7435837729;-17.93798;3.3250322
51228.7435837747;-17.785266;3.3245311
51271.7435838548;-17.978705;3.3246312
51272.7435838567;-17.968523;3.3251324
51273.7435838586;-18.009248;3.3244309
51312.7435839312;-17.965131;3.324481
51313.7435839331;-17.944768;3.3249822
51319.7435839442;-17.914225;3.3245811
51320.7435839461;-17.883682;3.3253832
51321.743583948;-17.982098;3.3246312
51383.7435840634;-17.893863;3.3248818
51384.7435840653;-17.90065;3.3243806
51413.7435841193;-18.046578;3.3248317
51414.7435841212;-17.853139;3.3243306
51415.743584123;-17.982098;3.3248317
51465.7435842162;-17.985492;3.3243806
51466.743584218;-18.053363;3.3249321
51540.7435843559;-18.002459;3.3243806
51541.7435843577;-17.982098;3.3252828
51580.7435844304;-18.111057;3.3248818
51581.7435844322;-18.063545;3.3243306
51582.7435844341;-18.049971;3.3250322
51583.743584436;-17.954947;3.3247817
51584.7435844378;-18.128025;3.3253329
51585.7435844397;-18.080516;3.3247817
51604.7435844751;-17.941373;3.3247316
51605.7435844769;-17.941373;3.3252327
51626.7435845161;-17.999066;3.3248818
51627.7435845179;-18.002459;3.3243806
51628.7435845198;-17.876896;3.3251827
51647.7435845552;-17.965131;3.3245311
51648.743584557;-17.971918;3.3250322
51656.7435845719;-18.026215;3.3251324
51657.7435845738;-18.070332;3.3246312
51747.7435847414;-17.856533;3.3248317
51748.7435847433;-17.91083;3.3253832
51781.7435848048;-17.941373;3.3246312
51782.7435848066;-17.951555;3.3251324
51783.7435848085;-17.951555;3.3243806
51834.7435849035;-17.975311;3.3246815
51835.7435849054;-18.019428;3.3251827
51901.7435850283;-17.958344;3.3246815
51902.7435850302;-17.961734;3.3252828
51908.7435850413;-17.927801;3.3246815
51909.7435850432;-17.921012;3.3252327
52021.7435852518;-18.033002;3.3252828
52022.7435852537;-17.921012;3.3247316
52039.7435852853;-17.995672;3.3249822
52040.7435852872;-17.968523;3.3254833
52041.7435852891;-18.026215;3.3248818
52159.7435855089;-17.921012;3.3253329
52160.7435855107;-17.995672;3.3247817
52161.7435855126;-17.931193;3.3252828
52183.7435855536;-18.056758;3.3246312
52184.7435855554;-18.056758;3.3251324
52186.7435855591;-17.951555;3.3249822
52187.743585561;-17.921012;3.3255334
52216.743585615;-17.992277;3.3246815
52217.7435856169;-17.971918;3.3252327
52269.7435857137;-18.053363;3.3249321
52270.7435857156;-18.070332;3.3254333
52271.7435857175;-18.022822;3.3248317
52281.7435857361;-17.992277;3.3249321
52282.743585738;-17.944768;3.3254333
52283.7435857398;-17.965131;3.3249321
52296.743585764;-18.022822;3.3253832
52297.7435857659;-17.995672;3.3247817
52342.7435858497;-17.965131;3.3253329
52343.7435858516;-17.961734;3.3248317
52433.7435860192;-17.944768;3.3248317
52434.7435860211;-17.90065;3.3253832
52454.7435860583;-17.975311;3.3254833
52455.7435860602;-17.924406;3.3249822
52479.7435861049;-17.995672;3.3251324
52480.7435861068;-17.927801;3.3256338
52494.7435861328;-17.90065;3.3250322
52495.7435861347;-17.978705;3.3255334
52505.7435861533;-17.995672;3.3254333
52506.7435861552;-17.982098;3.3249321
52507.7435861571;-18.012641;3.3247316
52508.7435861589;-17.8735;3.3253329
52543.7435862241;-17.988885;3.3255334
52544.743586226;-17.999066;3.3249822
52555.7435862465;-18.026215;3.3257339
52556.7435862483;-17.961734;3.3251827
52583.7435862986;-17.924406;3.3257339
52584.7435863005;-17.988885;3.3250823
52604.7435863377;-17.944768;3.3252828
52605.7435863396;-17.978705;3.325834
52606.7435863415;-17.921012;3.3252327
52621.7435863694;-18.029609;3.3251324
52622.7435863713;-17.992277;3.3256338
52648.7435864197;-17.883682;3.3250823
52649.7435864216;-17.90065;3.3256838
52656.7435864346;-17.927801;3.3251324
52657.7435864365;-18.022822;3.3256338
52667.7435864551;-17.822596;3.3249822
52668.7435864569;-18.029609;3.3254833
52687.7435864923;-17.971918;3.3257339
52688.7435864942;-17.917619;3.3251827
52709.7435865333;-17.999066;3.3255835
52710.7435865352;-18.005854;3.3250823
52711.743586537;-18.046578;3.3256338
52735.7435865817;-17.94816;3.325784
52736.7435865836;-18.012641;3.3251827
52743.7435865966;-17.907438;3.3251324
52744.7435865985;-17.904043;3.325784
52757.7435866227;-17.985492;3.3252828
52758.7435866246;-17.988885;3.3258843
52760.7435866283;-17.968523;3.3251324
52761.7435866302;-17.927801;3.3257339
52762.743586632;-17.90065;3.3251827
52788.7435866805;-18.002459;3.3253832
52789.7435866823;-18.012641;3.3258843
52790.7435866842;-18.053363;3.3252327
52794.7435866916;-17.907438;3.3252828
52795.7435866935;-18.019428;3.3258843
52814.7435867289;-17.934586;3.3256338
52815.7435867307;-18.005854;3.3250823
52820.7435867401;-17.951555;3.3251324
52821.7435867419;-17.866713;3.3256338
52837.7435867717;-17.971918;3.325784
52838.7435867736;-17.917619;3.3252327
52850.7435867959;-17.995672;3.3257339
52851.7435867978;-17.995672;3.3252327
52876.7435868444;-17.951555;3.3258843
52877.7435868462;-17.907438;3.3251827
52894.7435868779;-17.951555;3.3252828
52895.7435868798;-17.887076;3.325784
52936.7435869561;-17.944768;3.325784
52937.743586958;-17.887076;3.3252327
52969.7435870176;-17.941373;3.3252828
52970.7435870195;-18.066939;3.325784
53024.74358712;-17.941373;3.3254833
53025.7435871219;-17.927801;3.3260345
53053.7435871741;-17.8735;3.3254333
53054.7435871759;-17.893863;3.3259845
53079.7435872225;-17.995672;3.3259845
53080.7435872244;-18.009248;3.3254833
53105.7435872709;-17.958344;3.3255334
53106.7435872728;-17.924406;3.3260345
53116.7435872914;-17.91083;3.3253832
53117.7435872933;-17.968523;3.3259845
53225.7435874944;-17.904043;3.3260846
53226.7435874963;-17.870107;3.3255835
53243.743587528;-17.883682;3.3260345
53244.7435875298;-17.985492;3.3255334
53277.7435875913;-17.954947;3.3255334
53278.7435875932;-17.971918;3.3262851
53279.743587595;-18.033002;3.3256838
53344.7435877161;-17.866713;3.326185
53345.743587718;-17.944768;3.3254833
53363.7435877515;-18.022822;3.3256338
53364.7435877533;-18.002459;3.326185
53391.7435878036;-17.975311;3.3254833
53392.7435878055;-17.941373;3.3260345
53453.7435879191;-17.944768;3.3259845
53454.743587921;-18.016035;3.3254833
53455.7435879228;-17.944768;3.3259845
53510.7435880253;-17.94816;3.3260846
53511.7435880272;-18.033002;3.3255334
53522.7435880476;-18.033002;3.3262851
53523.7435880495;-18.016035;3.325784
53584.7435881631;-18.070332;3.3262851
53585.743588165;-17.978705;3.325784
53597.7435881873;-17.954947;3.3263354
53598.7435881892;-17.992277;3.325834
53605.7435882022;-17.94816;3.3262851
53606.7435882041;-17.971918;3.325784
53609.7435882097;-17.904043;3.3256338
53610.7435882116;-17.914225;3.3263354
53612.7435882153;-17.978705;3.325784
53613.7435882171;-18.033002;3.3262851
53686.7435883531;-17.978705;3.325834
53687.743588355;-18.046578;3.3264356
53734.7435884425;-17.846352;3.3262351
53735.7435884444;-17.944768;3.3254833
53736.7435884462;-17.999066;3.326586
53737.7435884481;-18.063545;3.3259845
53739.7435884518;-18.100875;3.3264856
53740.7435884537;-17.995672;3.325834
53741.7435884556;-17.94816;3.3264356
53766.7435885021;-18.019428;3.3264356
53767.743588504;-18.005854;3.3259344
53816.7435885953;-17.93798;3.3263354
53817.7435885971;-17.927801;3.325834
53844.7435886474;-17.958344;3.3258843
53845.7435886493;-17.93798;3.3264356
53892.7435887368;-18.022822;3.3265357
53893.7435887387;-17.988885;3.325834
53894.7435887405;-18.090695;3.3265357
53916.7435887815;-17.971918;3.3260846
53917.7435887834;-17.866713;3.326586
53930.7435888076;-17.897256;3.3259845
53931.7435888095;-17.971918;3.3264856
53969.7435888802;-18.022822;3.3266861
53970.7435888821;-17.985492;3.3261349
54015.7435889659;-17.968523;3.326185
54016.7435889678;-17.995672;3.3266861
54090.7435891056;-18.036396;3.3265357
54091.7435891075;-17.965131;3.3259344
54092.7435891093;-18.019428;3.3264356
54122.7435891652;-17.91083;3.326185
54123.7435891671;-17.897256;3.3267362
54155.7435892267;-18.073727;3.3267362
54156.7435892286;-17.917619;3.3260345
54157.7435892304;-17.971918;3.3265357
54164.7435892435;-17.907438;3.3260846
54165.7435892453;-17.931193;3.326586
54340.7435895713;-17.880287;3.3268366
54341.7435895731;-17.934586;3.3263354
54342.743589575;-17.958344;3.3268867
54345.7435895806;-17.988885;3.3269367
54346.7435895825;-17.988885;3.3260846
54347.7435895843;-18.107662;3.3266361
54372.7435896309;-18.036396;3.3262851
54373.7435896328;-17.971918;3.3268366
54406.7435896942;-17.982098;3.3267362
54407.7435896961;-17.944768;3.3261349
54408.7435896979;-18.033002;3.3267362
54485.7435898414;-17.961734;3.3264856
54486.7435898432;-17.999066;3.3270369
54540.7435899438;-17.921012;3.3263855
54541.7435899457;-17.978705;3.3268867
54546.743589955;-17.988885;3.3271372
54547.7435899569;-17.921012;3.3266361
54613.7435900798;-17.914225;3.3271372
54614.7435900816;-17.924406;3.326586
54633.743590117;-17.954947;3.3272877
54634.7435901189;-18.005854;3.326586
54660.7435901673;-17.897256;3.3267362
54661.7435901692;-17.829383;3.3272374
54667.7435901804;-17.904043;3.3266361
54668.7435901822;-17.951555;3.3272877
54694.7435902307;-17.93798;3.3268366
54695.7435902325;-18.070332;3.3273878
54697.7435902362;-17.954947;3.3267863
54698.7435902381;-17.927801;3.3273377
54699.74359024;-18.046578;3.3266861
54711.7435902623;-18.060152;3.3271372
54712.7435902642;-17.978705;3.326586
54713.743590266;-17.995672;3.3271372
54734.7435903052;-17.842959;3.3265357
54735.743590307;-17.971918;3.3270369
54759.7435903517;-18.022822;3.3274379
54760.7435903536;-18.046578;3.3269367
54773.7435903778;-18.046578;3.3268366
54774.7435903797;-17.975311;3.3273377
54775.7435903815;-18.117844;3.3268366
54782.7435903946;-17.982098;3.3267863
54783.7435903964;-17.832775;3.3272877
54807.7435904411;-17.965131;3.3268366
54808.743590443;-17.944768;3.3273878
54826.7435904765;-17.883682;3.3267863
54827.7435904784;-18.090695;3.3274379
54828.7435904803;-17.876896;3.3269367
54852.743590525;-18.005854;3.3269367
54853.7435905268;-18.063545;3.3274379
54875.7435905678;-17.893863;3.3268867
54876.7435905697;-17.941373;3.3275383
54881.743590579;-17.982098;3.3270872
54882.7435905808;-17.958344;3.3277385
54883.7435905827;-17.951555;3.3271372
54903.74359062;-17.91083;3.3268867
54904.7435906218;-17.94816;3.3274379
54957.7435907205;-18.029609;3.3270872
54958.7435907224;-18.073727;3.3275883
54988.7435907783;-18.063545;3.3270369
54989.7435907801;-18.036396;3.3275383
55008.7435908155;-18.087303;3.3275383
55009.7435908174;-18.066939;3.3269868
55012.743590823;-17.999066;3.3268867
55013.7435908248;-18.016035;3.3274879
55026.7435908491;-17.924406;3.3269868
55027.7435908509;-17.961734;3.3274879
55081.7435909515;-17.94816;3.3271873
55082.7435909534;-17.958344;3.3277385
55083.7435909552;-17.893863;3.3272374
55096.7435909794;-17.93798;3.3271873
55097.7435909813;-17.897256;3.3277385
55108.7435910018;-17.988885;3.3276885
55109.7435910037;-17.914225;3.3271873
55135.7435910521;-18.012641;3.3268867
55136.7435910539;-17.988885;3.3274379
55151.7435910819;-18.002459;3.3269868
55152.7435910838;-17.921012;3.3274879
55258.7435912812;-18.012641;3.3272877
55259.7435912831;-17.992277;3.3277888
55276.7435913147;-17.856533;3.3272877
55277.7435913166;-17.94816;3.3277888
55291.7435913427;-18.026215;3.3272877
55292.7435913445;-17.958344;3.3278389
55306.7435913706;-17.985492;3.3277888
55307.7435913725;-18.073727;3.3272877
55330.7435914153;-17.988885;3.3274879
55331.7435914172;-17.951555;3.3280394
55396.7435915382;-17.91083;3.327889
55397.7435915401;-17.934586;3.3273377
55411.7435915662;-17.917619;3.327939
55412.743591568;-17.883682;3.3274379
55478.743591691;-18.009248;3.3274879
55479.7435916928;-17.917619;3.3280895
55494.7435917208;-17.897256;3.3276885
55495.7435917226;-17.93798;3.3281896
55496.7435917245;-17.924406;3.3276885
55509.7435917487;-17.944768;3.3275383
55510.7435917506;-17.839563;3.3280394
55523.7435917748;-17.917619;3.3274879
55524.7435917767;-17.944768;3.3280394
55537.7435918009;-18.063545;3.3273377
55538.7435918027;-17.992277;3.327939
55607.7435919313;-18.080516;3.3280895
55608.7435919331;-17.94816;3.3275883
55635.7435919834;-18.066939;3.3280394
55636.7435919853;-17.934586;3.3275383
55637.7435919871;-17.924406;3.3276885
55638.743591989;-17.958344;3.3283901
55639.7435919909;-18.033002;3.327889
55687.7435920803;-17.995672;3.3282399
55688.7435920821;-17.968523;3.3276384
55694.7435920933;-17.975311;3.3283401
55695.7435920952;-17.951555;3.3278389
55722.7435921455;-18.066939;3.3277888
55723.7435921473;-18.134811;3.32829
55744.7435921864;-18.029609;3.3277385
55745.7435921883;-18.016035;3.3283401
55784.7435922609;-17.893863;3.3284402
55785.7435922628;-17.927801;3.3278389
55803.7435922963;-17.951555;3.3284402
55804.7435922982;-18.043182;3.327939
55806.7435923019;-17.880287;3.3284402
55807.7435923038;-17.988885;3.327939
55831.7435923485;-17.951555;3.3284402
55832.7435923503;-17.921012;3.3278389
55842.743592369;-17.907438;3.327889
55843.7435923708;-18.033002;3.3283901
55852.7435923876;-17.934586;3.3277385
55853.7435923895;-17.887076;3.3282399
55889.7435924565;-18.005854;3.3278389
55890.7435924584;-17.944768;3.3285906
55901.7435924789;-17.934586;3.3285906
55902.7435924807;-17.944768;3.3280895
55923.7435925199;-17.999066;3.3281395
55924.7435925217;-17.968523;3.3287911
55925.7435925236;-17.978705;3.3281896
55938.7435925478;-17.968523;3.3284402
55939.7435925497;-17.934586;3.3277888
55940.7435925515;-17.897256;3.3284402
55960.7435925888;-17.985492;3.327889
55961.7435925906;-18.022822;3.3285406
55967.7435926018;-17.971918;3.3284905
55968.7435926037;-17.876896;3.3279891
55977.7435926204;-17.954947;3.3277888
55978.7435926223;-17.954947;3.3285406
56047.7435927508;-18.033002;3.3286908
56048.7435927527;-18.012641;3.3281896
56051.7435927583;-17.859926;3.3286407
56052.7435927601;-17.992277;3.3280895
56102.7435928533;-17.958344;3.3280394
56103.7435928551;-17.971918;3.3285906
56141.7435929259;-17.995672;3.3287911
56142.7435929278;-17.975311;3.3282399
56158.7435929576;-17.954947;3.3282399
56159.7435929594;-17.91083;3.3287411
56175.7435929892;-17.931193;3.3283401
56176.7435929911;-18.16875;3.3288412
56177.743592993;-17.992277;3.3282399
56216.7435930656;-18.077119;3.3288913
56217.7435930675;-17.914225;3.3283901
56224.7435930805;-17.971918;3.3287411
56225.7435930824;-17.91083;3.3279891
56226.7435930842;-17.931193;3.3286908
56239.7435931084;-17.971918;3.3284402
56240.7435931103;-17.90065;3.3289917
56270.7435931662;-18.043182;3.3289917
56271.7435931681;-17.931193;3.3283901
56273.7435931718;-17.951555;3.3281896
56274.7435931736;-17.958344;3.3288412
56288.7435931997;-17.954947;3.3285906
56289.7435932016;-18.053363;3.3290918
56290.7435932034;-18.053363;3.32829
56316.7435932519;-17.94816;3.3290417
56317.7435932537;-17.931193;3.3285406
56324.7435932668;-17.982098;3.3292422
56325.7435932686;-17.961734;3.3286908
56328.7435932742;-17.975311;3.3289917
56329.7435932761;-17.995672;3.3283901
56333.7435932835;-17.931193;3.3283901
56334.7435932854;-17.941373;3.3288913
56366.743593345;-17.951555;3.3286407
56367.7435933469;-17.954947;3.3293424
56368.7435933487;-18.073727;3.3287411
56369.7435933506;-18.012641;3.3286407
56370.7435933525;-18.005854;3.3291419
56372.7435933562;-18.026215;3.3290918
56373.743593358;-18.016035;3.3285906
56378.7435933674;-17.904043;3.3285906
56379.7435933692;-17.992277;3.3291922
56394.7435933972;-18.043182;3.3284905
56395.743593399;-17.887076;3.3290918
56425.7435934549;-18.060152;3.3286908
56426.7435934568;-17.934586;3.3292422
56534.7435936579;-17.927801;3.3290918
56535.7435936598;-17.914225;3.3285406
56536.7435936617;-17.883682;3.3291419
56614.7435938069;-18.033002;3.3293424
56615.7435938088;-17.94816;3.3287911
56616.7435938107;-18.033002;3.3292923
56643.743593861;-17.992277;3.3294427
56644.7435938628;-18.039791;3.3288412
56661.7435938945;-17.917619;3.3291922
56662.7435938963;-17.999066;3.3286908
56663.7435938982;-18.019428;3.3291922
56664.7435939001;-17.971918;3.3294928
56665.7435939019;-18.005854;3.3289413
56667.7435939057;-18.026215;3.3290918
56668.7435939075;-17.893863;3.3295929
56678.7435939261;-17.975311;3.3294427
56679.743593928;-17.904043;3.3288412
56694.7435939559;-17.978705;3.3295429
56695.7435939578;-18.009248;3.3288913
56755.7435940696;-18.043182;3.3297935
56756.7435940714;-18.073727;3.3290918
56806.7435941646;-17.917619;3.3292923
56807.7435941664;-17.941373;3.3298936
56808.7435941683;-17.836172;3.3293424
56809.7435941702;-18.026215;3.3298435
56810.743594172;-17.988885;3.3293424
56832.743594213;-17.941373;3.3291419
56833.7435942149;-18.022822;3.329643
56861.743594267;-17.982098;3.329643
56862.7435942689;-17.965131;3.3290918
56888.7435943173;-18.066939;3.3291419
56889.7435943192;-18.022822;3.3296933
56920.7435943769;-17.965131;3.3292422
56921.7435943788;-17.887076;3.3297935
56958.7435944477;-18.087303;3.3294427
56959.7435944496;-17.944768;3.329994
56969.7435944682;-17.968523;3.3297935
56970.74359447;-17.975311;3.3292422
56971.7435944719;-17.917619;3.3297935
57000.7435945259;-17.924406;3.3294928
57001.7435945278;-17.944768;3.330044
57002.7435945296;-17.995672;3.3293924
57021.743594565;-17.941373;3.3294928
57022.7435945669;-17.921012;3.329994
57030.7435945818;-17.985492;3.329994
57031.7435945837;-17.961734;3.3294427
57032.7435945855;-17.839563;3.3293424
57033.7435945874;-17.883682;3.3299439
57045.7435946097;-18.060152;3.3298936
57046.7435946116;-17.924406;3.3292923
57052.7435946228;-17.934586;3.3294928
57053.7435946246;-17.927801;3.330044
57054.7435946265;-17.971918;3.3295429
57055.7435946284;-17.944768;3.3300941
57106.7435947234;-17.870107;3.3301945
57107.7435947252;-17.883682;3.3294427
57166.7435948351;-17.866713;3.3301945
57167.743594837;-17.904043;3.3296933
57205.7435949078;-17.931193;3.3303447
57206.7435949096;-17.887076;3.3296933
57219.7435949338;-18.080516;3.3302946
57220.7435949357;-17.971918;3.3296933
57295.7435950754;-18.012641;3.3304451
57296.7435950773;-17.985492;3.3299439
57310.7435951033;-17.978705;3.3299439
57311.7435951052;-18.005854;3.3308458
57312.7435951071;-17.941373;3.3300941
57339.7435951574;-17.941373;3.330044
57340.7435951592;-17.921012;3.3305452
57341.7435951611;-18.036396;3.3304951
57342.7435951629;-18.077119;3.3297434
57343.7435951648;-17.93798;3.3302445
57383.7435952393;-18.033002;3.3305953
57384.7435952412;-18.053363;3.3299439
57437.7435953399;-17.975311;3.330044
57438.7435953418;-18.063545;3.3306456
57440.7435953455;-18.083906;3.3308458
57441.7435953473;-18.029609;3.3301444
57475.7435954107;-18.090695;3.3300941
57476.7435954125;-18.022822;3.3305953
57485.7435954293;-17.954947;3.3307958
57486.7435954312;-17.924406;3.3302445
57493.7435954442;-17.961734;3.3302946
57494.7435954461;-17.978705;3.3309462
57500.7435954572;-18.056758;3.329994
57501.7435954591;-17.941373;3.3308961
57517.7435954889;-18.022822;3.3300941
57518.7435954908;-17.921012;3.3306456
57549.7435955485;-17.904043;3.3301444
57550.7435955504;-17.870107;3.3306956
57573.7435955932;-17.975311;3.3305953
57574.7435955951;-18.029609;3.329994
57578.7435956025;-17.914225;3.3307958
57579.7435956044;-18.009248;3.3302946
57587.7435956193;-17.924406;3.3302445
57588.7435956212;-17.907438;3.3307457
57626.7435956919;-17.93798;3.3302946
57627.7435956938;-17.897256;3.3309462
57654.7435957441;-17.958344;3.3307958
57655.743595746;-17.961734;3.3301444
57678.7435957888;-18.036396;3.3306456
57679.7435957907;-17.968523;3.3311467
57714.7435958558;-17.917619;3.3304951
57715.7435958577;-18.016035;3.3310966
57731.7435958875;-18.029609;3.3309462
57732.7435958894;-17.961734;3.3303447
57737.7435958987;-17.934586;3.3303447
57738.7435959006;-17.968523;3.3308961
57753.7435959285;-17.954947;3.330395
57754.7435959304;-18.029609;3.3308961
57758.7435959378;-17.91083;3.3305953
57759.7435959397;-18.029609;3.3313973
57830.7435960719;-17.954947;3.3311467
57831.7435960738;-17.931193;3.3306456
57842.7435960943;-18.121238;3.3306956
57843.7435960961;-17.934586;3.3311968
57876.7435961576;-17.859926;3.3313472
57877.7435961595;-17.985492;3.3307958
57895.743596193;-17.887076;3.3311968
57896.7435961948;-17.914225;3.3306956
57904.7435962098;-17.961734;3.3314474
57905.7435962116;-18.046578;3.3306956
57970.7435963327;-17.958344;3.3307958
57971.7435963345;-17.941373;3.3313973
58016.7435964184;-18.009248;3.3315475
58017.7435964202;-18.026215;3.3309963
58029.7435964426;-17.999066;3.3311968
58030.7435964444;-17.921012;3.331748
58055.743596491;-18.016035;3.3315475
58056.7435964929;-18.083906;3.3309963
58078.7435965339;-17.904043;3.3317981
58079.7435965357;-17.944768;3.3312469
58086.7435965488;-17.842959;3.3316479
58087.7435965506;-17.883682;3.3311467
58144.7435966568;-17.958344;3.3314974
58145.7435966586;-17.890469;3.3309462
58146.7435966605;-17.968523;3.3314974
58188.7435967387;-17.951555;3.3313973
58189.7435967406;-17.94816;3.3318985
58199.7435967592;-17.856533;3.3316979
58200.7435967611;-17.961734;3.3311968
58208.743596776;-17.975311;3.3314974
58209.7435967779;-17.968523;3.3319986
58249.7435968524;-17.94816;3.3314974
58250.7435968542;-17.94816;3.332099
58289.7435969269;-18.090695;3.331748
58290.7435969287;-17.961734;3.3312469
58291.7435969306;-18.005854;3.3317981
58328.7435969995;-17.992277;3.3319986
58329.7435970014;-17.978705;3.3314974
58360.7435970591;-17.982098;3.3316479
58361.743597061;-17.893863;3.332149
58370.7435970777;-18.022822;3.3313472
58371.7435970796;-17.93798;3.3318985
58494.7435973087;-17.914225;3.3323996
58495.7435973106;-17.961734;3.3318985
58509.7435973367;-17.999066;3.3318484
58510.7435973385;-18.022822;3.3323495
58529.7435973739;-18.022822;3.3323495
58530.7435973758;-17.978705;3.3316979
58531.7435973776;-18.026215;3.3324997
58547.7435974074;-18.056758;3.3323495
58548.7435974093;-17.890469;3.3318484
58552.7435974167;-17.992277;3.3321991
58553.7435974186;-17.907438;3.3316979
58554.7435974205;-17.914225;3.3326001
58567.7435974447;-17.954947;3.3320489
58568.7435974465;-17.917619;3.3326001
58569.7435974484;-17.978705;3.3326001
58570.7435974503;-18.029609;3.332099
58591.7435974894;-17.951555;3.3326502
58592.7435974913;-18.002459;3.3317981
58610.7435975248;-17.982098;3.33255
58611.7435975266;-18.012641;3.3320489
58667.7435976309;-18.026215;3.332149
58668.7435976328;-17.954947;3.3327003
58685.7435976645;-18.080516;3.3322995
58686.7435976663;-17.880287;3.3328507
58723.7435977353;-18.029609;3.3329008
58724.7435977371;-17.995672;3.3323996
58737.7435977613;-17.927801;3.33255
58738.7435977632;-17.90065;3.3330512
58755.7435977949;-17.975311;3.3322492
58756.7435977967;-17.982098;3.3328006
58820.7435979159;-18.033002;3.3331513
58821.7435979178;-18.033002;3.3326001
58828.7435979308;-18.083906;3.3324497
58829.7435979327;-17.995672;3.3330512
58869.7435980072;-18.070332;3.3332014
58870.7435980091;-17.992277;3.3327003
58890.7435980463;-18.002459;3.3333018
58891.7435980482;-17.897256;3.3328006
58940.7435981395;-18.039791;3.3326001
58941.7435981413;-18.087303;3.3333018
59041.7435983276;-17.94816;3.3329508
59042.7435983294;-17.999066;3.3335023
59045.743598335;-17.846352;3.3332014
59046.7435983369;-17.93798;3.3337028
59094.7435984263;-17.975311;3.3329508
59095.7435984282;-17.958344;3.3336525
59102.7435984412;-17.941373;3.3337529
59103.7435984431;-17.90065;3.3332517
59130.7435984934;-18.009248;3.3332517
59131.7435984952;-18.053363;3.3337529
59151.7435985325;-18.060152;3.3337529
59152.7435985343;-18.049971;3.3332517
59163.7435985548;-17.825988;3.3333018
59164.7435985567;-17.958344;3.333853
59241.7435987001;-17.914225;3.3339031
59242.743598702;-18.026215;3.3334019
59257.7435987299;-17.978705;3.3339031
59258.7435987318;-17.907438;3.3333519
59265.7435987448;-18.005854;3.3335023
59266.7435987467;-17.968523;3.334254
59272.7435987578;-17.856533;3.3333519
59273.7435987597;-17.954947;3.3339031
59335.7435988752;-17.975311;3.3336024
59336.7435988771;-18.080516;3.3341537
59353.7435989087;-17.965131;3.334254
59354.7435989106;-17.93798;3.3337529
59355.7435989124;-18.090695;3.3344042
59356.7435989143;-18.009248;3.3336024
59361.7435989236;-17.941373;3.3344042
59362.7435989255;-17.876896;3.3338029
59368.7435989367;-17.934586;3.334204
59369.7435989385;-17.93798;3.3336525
59384.7435989665;-17.931193;3.3336024
59385.7435989683;-17.944768;3.3341036
59431.743599054;-18.026215;3.3343542
59432.7435990559;-18.016035;3.3338029
59433.7435990577;-18.009248;3.3344042
59434.7435990596;-17.934586;3.333853
59460.743599108;-17.999066;3.3341036
59461.7435991099;-17.971918;3.3346047
59462.7435991118;-17.927801;3.3345046
59463.7435991136;-17.954947;3.3338029
59516.7435992123;-17.971918;3.3346047
59517.7435992142;-18.083906;3.3340034
59518.7435992161;-17.934586;3.3345547
59563.7435992999;-17.999066;3.334254
59564.7435993017;-18.016035;3.3347552
59582.7435993353;-17.954947;3.3339031
59583.7435993371;-17.954947;3.3348053
59630.7435994247;-17.931193;3.3349056
59631.7435994265;-17.917619;3.3340535
59632.7435994284;-17.94816;3.3347552
59661.7435994824;-18.002459;3.3347552
59662.7435994843;-17.961734;3.334254
59663.7435994861;-18.019428;3.3349056
59681.7435995197;-18.002459;3.3352063
59682.7435995215;-17.944768;3.3347051
59688.7435995327;-17.859926;3.3344042
59689.7435995346;-17.965131;3.3349056
59695.7435995457;-17.914225;3.3350058
59696.7435995476;-18.005854;3.3345046
59697.7435995495;-17.924406;3.3350558
59720.7435995923;-17.934586;3.3345547
59721.7435995942;-17.968523;3.3351059
59726.7435996035;-18.016035;3.3345046
59727.7435996054;-17.985492;3.3352063
59748.7435996445;-17.849746;3.334655
59749.7435996463;-17.965131;3.3353064
59777.7435996985;-17.897256;3.334655
59778.7435997003;-17.985492;3.3352563
59779.7435997022;-17.931193;3.3347051
59780.7435997041;-17.951555;3.3352563
59785.7435997134;-18.063545;3.3350558
59786.7435997152;-17.941373;3.3345547
59787.7435997171;-17.893863;3.3351059
59804.7435997488;-17.907438;3.3356073
59805.7435997506;-17.961734;3.3350058
59816.7435997711;-18.036396;3.3349056
59817.743599773;-18.056758;3.3355069
59818.7435997749;-17.914225;3.3353064
59819.7435997767;-18.029609;3.3348053
59823.7435997842;-18.005854;3.3347051
59824.743599786;-17.883682;3.3353064
59831.7435997991;-17.934586;3.3348053
59832.7435998009;-17.971918;3.3354068
59842.7435998196;-17.954947;3.3349557
59843.7435998214;-17.941373;3.3356073
59844.7435998233;-17.951555;3.3349056
59851.7435998363;-17.995672;3.3349557
59852.7435998382;-17.917619;3.3355069
59881.7435998922;-17.921012;3.3349056
59882.7435998941;-17.995672;3.3355069
59893.7435999146;-18.019428;3.3351562
59894.7435999164;-17.890469;3.3357074
59895.7435999183;-18.002459;3.3353565
59896.7435999201;-17.934586;3.3348053
59897.743599922;-18.002459;3.3353064
59922.7435999686;-17.995672;3.3356574
59923.7435999704;-18.10427;3.3351059
59933.7435999891;-17.927801;3.3358076
59934.7435999909;-17.971918;3.3352563
59950.7436000207;-17.958344;3.3353064
59951.7436000226;-17.965131;3.3359079
59965.7436000487;-17.971918;3.3350558
59966.7436000505;-17.971918;3.335557
60007.7436001269;-17.924406;3.3357074
60008.7436001288;-17.992277;3.3351059
60009.7436001306;-17.856533;3.3358579
60043.7436001939;-18.090695;3.3360581
60044.7436001958;-18.019428;3.3355069
60060.7436002256;-17.985492;3.3360581
60061.7436002275;-17.914225;3.335557
60066.7436002368;-17.961734;3.3361585
60067.7436002387;-17.870107;3.3356073
60073.7436002498;-18.033002;3.335958
60074.7436002517;-17.995672;3.3354568
60085.7436002722;-17.90065;3.3355069
60086.743600274;-17.907438;3.3360581
60162.7436004156;-17.86332;3.335958
60163.7436004175;-17.931193;3.3365092
60164.7436004193;-18.053363;3.3360081
60172.7436004342;-17.944768;3.3358076
60173.7436004361;-18.090695;3.336359
60174.743600438;-18.019428;3.3357575
60175.7436004398;-17.978705;3.3363087
60188.743600464;-17.944768;3.3365092
60189.7436004659;-17.954947;3.335958
60200.7436004864;-17.927801;3.3363087
60201.7436004882;-17.978705;3.3358076
60208.7436005013;-17.924406;3.3364592
60209.7436005031;-18.094088;3.335958
60216.7436005162;-17.887076;3.3358076
60217.743600518;-17.846352;3.3364091
60260.7436005981;-18.046578;3.3358076
60261.7436006;-18.043182;3.3365092
60269.7436006149;-17.907438;3.3361084
60270.7436006168;-17.809021;3.3367598
60309.7436006894;-17.934586;3.3369603
60310.7436006913;-17.968523;3.3364592
60314.7436006987;-17.978705;3.3362086
60315.7436007006;-18.005854;3.3368602
60340.7436007472;-17.914225;3.3362586
60341.743600749;-18.033002;3.3368101
60343.7436007527;-17.985492;3.3365092
60344.7436007546;-17.968523;3.3370104
60371.7436008049;-18.033002;3.3364091
60372.7436008068;-17.954947;3.3369603
60373.7436008086;-17.971918;3.336359
60374.7436008105;-17.944768;3.3369603
60421.743600898;-17.999066;3.3374114
60422.7436008999;-17.954947;3.3366597
60472.743600993;-17.917619;3.3371608
60473.7436009949;-17.999066;3.3366096
60474.7436009967;-17.893863;3.3371108
60475.7436009986;-17.893863;3.3369603
60476.7436010005;-18.060152;3.3374615
60477.7436010023;-17.951555;3.3369102
60478.7436010042;-18.073727;3.3374615
60479.7436010061;-18.016035;3.3368101
60492.7436010303;-17.93798;3.3367598
60493.7436010321;-17.968523;3.337261
60499.7436010433;-17.954947;3.3369102
60500.7436010452;-18.022822;3.3374114
60504.7436010526;-17.995672;3.3374615
60505.7436010545;-17.988885;3.3368101
60523.743601088;-17.94816;3.3370104
60524.7436010899;-18.022822;3.3375118
60552.743601142;-17.961734;3.3375118
60553.7436011439;-18.019428;3.3369102
60554.7436011458;-17.985492;3.3374114
60566.7436011681;-17.893863;3.3371108
60567.74360117;-17.975311;3.3376119
60594.7436012203;-17.992277;3.3377624
60595.7436012221;-17.985492;3.3371608
60602.7436012352;-17.961734;3.3375118
60603.743601237;-18.022822;3.3380129
60604.7436012389;-17.921012;3.3374114
60607.7436012445;-17.822596;3.3372109
60608.7436012463;-17.924406;3.337712
60623.7436012743;-17.982098;3.3373613
60624.7436012761;-17.934586;3.3379626
60625.743601278;-17.999066;3.337261
60626.7436012799;-17.914225;3.3373113
60627.7436012817;-17.914225;3.3378124
60658.7436013395;-17.999066;3.338063
60659.7436013413;-17.904043;3.3375118
60664.7436013507;-17.975311;3.3379126
60665.7436013525;-17.951555;3.3374114
60730.7436014736;-17.975311;3.337662
60731.7436014754;-17.924406;3.3381631
60739.7436014903;-18.022822;3.3382132
60740.7436014922;-18.077119;3.3376119
60741.7436014941;-17.958344;3.3381631
60745.7436015015;-17.944768;3.3378625
60746.7436015034;-17.958344;3.3384137
60760.7436015295;-17.954947;3.3383136
60761.7436015313;-18.049971;3.3377624
60779.7436015649;-18.033002;3.337662
60780.7436015667;-17.90065;3.3381631
60789.7436015835;-17.988885;3.338464
60790.7436015853;-17.880287;3.3378625
60791.7436015872;-17.887076;3.3383636
60829.743601658;-17.934586;3.3387647
60830.7436016598;-17.870107;3.3381631
60840.7436016785;-17.968523;3.3378124
60841.7436016803;-18.049971;3.3383636
60888.7436017679;-17.825988;3.3385642
60889.7436017697;-17.988885;3.338063
60949.7436018815;-18.026215;3.3387647
60950.7436018834;-18.083906;3.3393159
60951.7436018852;-17.934586;3.3388147
60964.7436019094;-17.94816;3.3386142
60965.7436019113;-17.866713;3.3391154
60966.7436019132;-17.982098;3.3385642
61000.7436019765;-17.961734;3.3392658
61001.7436019784;-18.002459;3.3387647
61053.7436020752;-17.982098;3.3390653
61054.7436020771;-18.002459;3.3395665
61081.7436021274;-17.944768;3.3388648
61082.7436021292;-17.982098;3.3397169
61083.7436021311;-17.978705;3.3391154
61091.743602146;-17.924406;3.3396165
61092.7436021479;-17.91083;3.3387647
61093.7436021497;-17.788658;3.3393159
61152.7436022596;-17.988885;3.339366
61153.7436022615;-18.083906;3.3398671
61176.7436023043;-17.999066;3.3393159
61177.7436023062;-17.954947;3.339817
61254.7436024496;-18.049971;3.3397169
61255.7436024515;-17.999066;3.3402181
61280.743602498;-17.853139;3.3403182
61281.7436024999;-17.883682;3.339817
61303.7436025409;-17.961734;3.3402681
61304.7436025427;-18.077119;3.339767
61305.7436025446;-17.887076;3.3403685
61321.7436025744;-17.90065;3.3398671
61322.7436025763;-17.931193;3.3403685
61361.7436026489;-18.019428;3.340168
61362.7436026508;-18.012641;3.3406692
61363.7436026526;-17.999066;3.3403685
61364.7436026545;-18.046578;3.3398671
61365.7436026564;-17.971918;3.3403685
61371.7436026675;-17.859926;3.3401177
61372.7436026694;-17.893863;3.3409197
61377.7436026787;-18.002459;3.3402681
61378.7436026806;-18.012641;3.3408194
61390.7436027029;-18.002459;3.3400676
61391.7436027048;-17.971918;3.3405688
61393.7436027085;-17.924406;3.3407693
61394.7436027104;-18.002459;3.3402681
61410.7436027402;-17.86332;3.3403182
61411.743602742;-18.009248;3.3409197
61438.7436027923;-18.033002;3.3405187
61439.7436027942;-17.971918;3.3410199
61471.7436028538;-17.985492;3.3407192
61472.7436028557;-17.985492;3.3412204
61505.7436029171;-17.951555;3.3413208
61506.743602919;-18.029609;3.3406191
61526.7436029563;-17.975311;3.3413208
61527.7436029581;-18.097482;3.3408194
61538.7436029786;-17.931193;3.3409698
61539.7436029805;-17.914225;3.3416214
61540.7436029823;-17.876896;3.3410699
61542.7436029861;-17.904043;3.3411202
61543.7436029879;-17.927801;3.3406191
61588.7436030717;-17.91083;3.3413708
61589.7436030736;-18.019428;3.341922
61590.7436030755;-17.965131;3.3414209
61607.7436031071;-17.931193;3.341521
61608.743603109;-17.944768;3.3409698
61609.7436031109;-17.941373;3.3416715
61612.7436031164;-17.79884;3.341471
61613.7436031183;-17.954947;3.3420725
61614.7436031202;-18.019428;3.341521
61652.7436031909;-17.954947;3.341922
61653.7436031928;-17.971918;3.3412204
61654.7436031947;-17.883682;3.3419721
61667.7436032189;-17.907438;3.3414209
61668.7436032207;-17.954947;3.3421226
61706.7436032915;-18.029609;3.3422227
61707.7436032934;-18.022822;3.3417215
61708.7436032953;-17.921012;3.3422227
61763.7436033977;-18.049971;3.3420725
61764.7436033996;-17.93798;3.3427238
61765.7436034014;-17.951555;3.3421726
61766.7436034033;-18.033002;3.341872
61767.7436034051;-17.971918;3.3423731
61874.7436036045;-17.93798;3.3426237
61875.7436036063;-17.988885;3.3432252
61893.7436036398;-17.924406;3.3428242
61894.7436036417;-17.931193;3.3434255
61895.7436036436;-17.870107;3.3428743
61896.7436036454;-17.954947;3.3434255
61897.7436036473;-17.971918;3.3428743
61915.7436036808;-17.880287;3.3433254
61916.7436036827;-18.009248;3.3428242
61924.7436036976;-17.992277;3.3434758
61925.7436036994;-17.94816;3.3427742
61933.7436037143;-17.897256;3.3429244
61934.7436037162;-17.982098;3.3434255
61935.7436037181;-17.971918;3.3428743
61971.7436037851;-18.016035;3.3430748
61972.743603787;-17.944768;3.3436761
62042.7436039174;-18.033002;3.3433754
62043.7436039192;-17.982098;3.343977
62072.7436039733;-17.94816;3.3441272
62073.7436039751;-17.914225;3.343576
62102.7436040291;-17.914225;3.3437765
62103.743604031;-17.907438;3.3442776
62168.7436041521;-17.988885;3.3441775
62169.7436041539;-17.971918;3.3446786
62170.7436041558;-17.951555;3.344027
62177.7436041688;-17.995672;3.3443277
62178.7436041707;-17.921012;3.3448288
62182.7436041781;-17.93798;3.3448789
62183.74360418;-18.039791;3.3443778
62229.7436042657;-17.890469;3.3446786
62230.7436042676;-18.009248;3.3451798
62245.7436042955;-18.026215;3.3452299
62246.7436042974;-18.012641;3.3444781
62247.7436042992;-17.921012;3.3451798
62254.7436043123;-17.93798;3.3450794
62255.7436043141;-17.931193;3.3445783
62256.743604316;-17.978705;3.3451798
62257.7436043178;-17.893863;3.34533
62258.7436043197;-17.846352;3.3446786
62270.7436043421;-17.958344;3.3452799
62271.7436043439;-17.978705;3.3447788
62272.7436043458;-17.975311;3.3452799
62275.7436043514;-17.832775;3.3454304
62276.7436043532;-17.866713;3.3448288
62277.7436043551;-17.914225;3.34533
62377.7436045414;-17.954947;3.3460317
62378.7436045432;-17.876896;3.3455305
62389.7436045637;-17.941373;3.3456309
62390.7436045656;-17.971918;3.346132
62405.7436045935;-17.995672;3.345681
62406.7436045954;-18.002459;3.3462322
62415.7436046121;-17.846352;3.3458312
62416.743604614;-17.965131;3.3466332
62417.7436046159;-17.999066;3.3460317
62491.7436047537;-17.975311;3.3464327
62492.7436047556;-18.039791;3.3469839
62493.7436047574;-17.934586;3.3464828
62562.743604886;-18.10427;3.347435
62563.7436048878;-18.117844;3.3469338
62578.7436049158;-17.856533;3.3467834
62579.7436049176;-17.917619;3.3472848
62587.7436049325;-17.978705;3.3475354
62588.7436049344;-17.934586;3.3469839
62615.7436049847;-17.91083;3.3471344
62616.7436049865;-17.91083;3.3477356
62637.7436050256;-17.988885;3.3473849
62638.7436050275;-17.954947;3.3481367
62646.7436050424;-18.053363;3.3473849
62647.7436050443;-18.060152;3.3479865
62648.7436050461;-17.924406;3.3477356
62649.743605048;-17.982098;3.3483872
62650.7436050499;-17.985492;3.3477859
62664.7436050759;-18.134811;3.3476856
62665.7436050778;-17.971918;3.348237
62666.7436050797;-18.083906;3.3475354
62667.7436050815;-17.988885;3.3474851
62668.7436050834;-18.022822;3.3480365
62761.7436052566;-18.090695;3.3483872
62762.7436052585;-17.968523;3.3488884
62822.7436053702;-18.148387;3.3488383
62823.7436053721;-18.009248;3.3493896
62824.743605374;-18.009248;3.3484876
62860.743605441;-18.019428;3.3496904
62861.7436054429;-17.992277;3.3490889
62937.7436055844;-18.029609;3.3495901
62938.7436055863;-17.992277;3.3500912
62939.7436055882;-17.965131;3.34954
62954.7436056161;-17.914225;3.3500412
62955.743605618;-18.036396;3.34954
62987.7436056776;-17.859926;3.3499911
62988.7436056794;-17.924406;3.3505924
63023.7436057446;-17.975311;3.3502917
63024.7436057465;-17.924406;3.3507929
63025.7436057484;-17.999066;3.3504422
63026.7436057502;-17.93798;3.3509433
63030.7436057577;-17.93798;3.3507929
63031.7436057595;-17.982098;3.3502917
63044.7436057837;-17.917619;3.3505423
63045.7436057856;-17.975311;3.3511438
63072.7436058359;-17.982098;3.3513944
63073.7436058378;-18.005854;3.3507929
63110.7436059067;-17.917619;3.3511438
63111.7436059085;-18.097482;3.351645
63141.7436059644;-17.975311;3.3514946
63142.7436059663;-17.995672;3.352046
63186.7436060482;-17.951555;3.3516951
63187.7436060501;-17.982098;3.3521962
63188.743606052;-17.941373;3.3516951
63207.7436060874;-17.944768;3.3525472
63208.7436060892;-17.985492;3.352046
63258.7436061824;-18.029609;3.3522463
63259.7436061842;-17.999066;3.3529983
63260.7436061861;-17.971918;3.3522966
63266.7436061973;-18.019428;3.3529983
63267.7436061991;-18.114449;3.3524468
63271.7436062066;-18.026215;3.3525472
63272.7436062084;-17.985492;3.3530984
63340.7436063351;-17.921012;3.3530483
63341.743606337;-17.971918;3.3535495
63344.7436063425;-18.012641;3.353349
63345.7436063444;-18.134811;3.3528478
63352.7436063574;-17.982098;3.3530483
63353.7436063593;-17.93798;3.3535995
63417.7436064785;-17.951555;3.3539505
63418.7436064804;-17.876896;3.3544517
63419.7436064822;-17.825988;3.3538001
63442.7436065251;-18.016035;3.3545518
63443.7436065269;-17.94816;3.35375
63464.7436065661;-18.043182;3.3542011
63465.7436065679;-18.049971;3.3547022
63467.7436065716;-18.012641;3.3548524
63468.7436065735;-17.958344;3.3543513
63474.7436065847;-18.012641;3.3542511
63475.7436065865;-18.012641;3.3548524
63500.7436066331;-17.978705;3.3552034
63501.743606635;-18.005854;3.3547022
63525.7436066797;-17.988885;3.3546019
63526.7436066815;-17.90065;3.3551533
63531.7436066909;-17.954947;3.3549027
63532.7436066927;-17.914225;3.3554039
63547.7436067207;-18.012641;3.3548524
63548.7436067225;-18.016035;3.355504
63553.7436067318;-17.94816;3.3556044
63554.7436067337;-17.870107;3.355103
63557.7436067393;-17.931193;3.355454
63558.7436067411;-18.046578;3.3549528
63577.7436067765;-18.016035;3.3552535
63578.7436067784;-17.958344;3.3558047
63597.7436068138;-17.985492;3.355454
63598.7436068157;-18.070332;3.3559551
63599.7436068175;-17.94816;3.355454
63602.7436068231;-18.016035;3.3559551
63603.743606825;-17.968523;3.3554039
63604.7436068268;-18.009248;3.3560052
63617.743606851;-17.992277;3.3561056
63618.7436068529;-17.992277;3.3556044
63663.7436069367;-17.985492;3.3563058
63664.7436069386;-17.91083;3.3558047
63727.7436070559;-17.961734;3.3565063
63728.7436070578;-17.971918;3.3571579
63753.7436071044;-18.005854;3.3571579
63754.7436071062;-17.988885;3.3566568
63755.7436071081;-18.10427;3.3571579
63763.743607123;-18.005854;3.357208
63764.7436071249;-18.073727;3.3567069
63765.7436071267;-17.917619;3.3572581
63792.743607177;-18.019428;3.357609
63793.7436071789;-17.995672;3.3571079
63809.7436072087;-18.002459;3.3577595
63810.7436072105;-17.971918;3.3572581
63813.7436072161;-17.934586;3.3573585
63814.743607218;-17.917619;3.3578596
63821.743607231;-17.992277;3.3574085
63822.7436072329;-17.927801;3.3579597
63917.7436074098;-17.887076;3.3587618
63918.7436074117;-17.883682;3.3582606
63945.743607462;-18.009248;3.3591125
63946.7436074639;-18.033002;3.3584108
63965.7436074992;-17.921012;3.3590624
63966.7436075011;-17.904043;3.3585112
63986.7436075384;-17.914225;3.3593631
63987.7436075402;-18.012641;3.3588619
64060.7436076762;-18.005854;3.3594134
64061.7436076781;-18.009248;3.3602152
64104.7436077582;-17.944768;3.3600147
64105.74360776;-17.921012;3.3594635
64106.7436077619;-18.046578;3.3602152
64122.7436077917;-17.944768;3.3600147
64123.7436077935;-17.917619;3.3605158
64125.7436077973;-17.917619;3.3603656
64126.7436077991;-18.033002;3.3598642
64127.743607801;-18.049971;3.3601651
64128.7436078029;-18.002459;3.3607163
64137.7436078196;-18.097482;3.3600647
64138.7436078215;-18.012641;3.3607163
64143.7436078308;-18.029609;3.3604157
64144.7436078327;-17.975311;3.3598642
64145.7436078345;-18.029609;3.3603656
64147.7436078382;-17.985492;3.3604157
64148.7436078401;-17.870107;3.3598642
64149.743607842;-18.049971;3.3604157
64151.7436078457;-18.009248;3.3603656
64152.7436078476;-18.009248;3.3608668
64153.7436078494;-17.934586;3.3602653
64159.7436078606;-18.002459;3.3604658
64160.7436078625;-17.982098;3.3599646
64161.7436078643;-18.019428;3.3606162
64164.7436078699;-17.999066;3.3604658
64165.7436078718;-18.016035;3.361017
64166.7436078736;-17.94816;3.3607664
64167.7436078755;-17.921012;3.3602152
64168.7436078774;-17.992277;3.3607664
64196.7436079295;-17.995672;3.3602152
64197.7436079314;-17.978705;3.3610671
64203.7436079426;-18.033002;3.361017
64204.7436079444;-17.968523;3.3603153
64205.7436079463;-17.921012;3.3608165
64230.7436079928;-18.002459;3.3606663
64231.7436079947;-18.087303;3.3612676
64238.7436080077;-18.022822;3.3605659
64239.7436080096;-18.049971;3.3611174
64398.7436083058;-17.988885;3.3621697
64399.7436083076;-17.836172;3.3616686
64400.7436083095;-17.91083;3.3622701
64421.7436083486;-17.897256;3.3619192
64422.7436083505;-17.924406;3.3624203
64465.7436084306;-17.958344;3.3621697
64466.7436084324;-18.005854;3.3626709
64478.7436084548;-17.941373;3.3622198
64479.7436084566;-17.988885;3.3629215
64480.7436084585;-18.087303;3.3622701
64486.7436084697;-18.036396;3.3626208
64487.7436084715;-17.890469;3.3620696
64491.743608479;-17.954947;3.3626208
64492.7436084809;-17.971918;3.3620696
64493.7436084827;-17.809021;3.3627713
64531.7436085535;-18.005854;3.3625207
64532.7436085554;-17.93798;3.3632224
64533.7436085572;-18.080516;3.3626208
64535.743608561;-18.005854;3.3632724
64536.7436085628;-17.975311;3.3626709
64542.743608574;-17.921012;3.3622701
64543.7436085759;-17.941373;3.3630219
64575.7436086355;-17.965131;3.3626208
64576.7436086373;-17.954947;3.363122
64601.7436086839;-17.958344;3.3626208
64602.7436086857;-18.107662;3.3634729
64620.7436087193;-17.941373;3.363523
64621.7436087211;-17.927801;3.3627713
64627.7436087323;-17.958344;3.3629715
64628.7436087342;-17.954947;3.3634729
64631.7436087398;-17.91083;3.3633726
64632.7436087416;-17.897256;3.362721
64736.7436089353;-17.995672;3.3638737
64737.7436089372;-18.029609;3.3633726
64752.7436089651;-18.114449;3.3640242
64753.743608967;-18.056758;3.363523
64832.7436091142;-17.958344;3.3641243
64833.743609116;-17.985492;3.3634729
64900.7436092408;-17.954947;3.3637736
64901.7436092427;-18.033002;3.3644252
64977.7436093842;-17.927801;3.3644252
64978.7436093861;-18.005854;3.3639238
65066.74360955;-18.158566;3.3647258
65067.7436095519;-17.927801;3.3642247
65080.7436095761;-17.954947;3.3647258
65081.743609578;-17.887076;3.3642247
65103.7436096189;-17.934586;3.3647258
65104.7436096208;-18.022822;3.3642247
65145.7436096972;-17.90065;3.3645253
65146.743609699;-18.056758;3.3650765
65152.7436097102;-17.924406;3.3647759
65153.7436097121;-17.924406;3.3642747
65154.7436097139;-17.8735;3.3644252
65155.7436097158;-17.86332;3.3650265
65156.7436097177;-17.975311;3.3645253
65177.7436097568;-17.971918;3.3645754
65178.7436097586;-18.012641;3.3650765
65190.743609781;-18.036396;3.3650265
65191.7436097828;-17.91083;3.3645253
65204.7436098071;-17.8735;3.364826
65205.7436098089;-17.917619;3.3653774
65206.7436098108;-17.965131;3.3653774
65207.7436098126;-17.965131;3.3647759
65221.7436098387;-17.971918;3.3645253
65222.7436098406;-17.968523;3.3651268
65234.7436098629;-17.941373;3.3653271
65235.7436098648;-17.995672;3.3647759
65252.7436098965;-17.988885;3.3650765
65253.7436098983;-17.93798;3.3645253
65254.7436099002;-18.029609;3.3651769
65273.7436099356;-17.904043;3.364826
65274.7436099374;-17.999066;3.3653774
65275.7436099393;-18.016035;3.364826
65277.743609943;-18.10427;3.3646758
65278.7436099449;-18.016035;3.365227
65290.7436099672;-17.982098;3.3645754
65291.7436099691;-17.94816;3.3651268
65298.7436099821;-18.083906;3.365227
65299.743609984;-17.999066;3.3646255
65303.7436099915;-17.982098;3.3647258
65304.7436099933;-18.087303;3.3652771
65313.7436100101;-17.914225;3.364826
65314.743610012;-18.049971;3.3653271
65315.7436100138;-18.097482;3.3647258
65329.7436100399;-17.954947;3.3651769
65330.7436100418;-17.887076;3.3646758
65331.7436100436;-17.988885;3.3653271
65396.7436101647;-18.016035;3.3649263
65397.7436101666;-17.934586;3.3655777
65414.7436101982;-17.958344;3.3653774
65415.7436102001;-18.033002;3.364876
65469.7436103007;-17.866713;3.3653774
65470.7436103025;-17.999066;3.364876
65471.7436103044;-17.924406;3.364876
65472.7436103062;-17.978705;3.3653774
65476.7436103137;-18.029609;3.3655276
65477.7436103156;-17.975311;3.3649764
65503.743610364;-17.914225;3.3654275
65504.7436103659;-17.927801;3.3649263
65518.7436103919;-18.019428;3.3655777
65519.7436103938;-17.985492;3.3650265
65546.7436078796;-17.954947;3.3654776
65547.7436076412;-17.880287;3.3649764
65605.7435939116;-17.921012;3.3650265
65606.7435936732;-17.978705;3.3656781
65629.7435882273;-18.036396;3.3657281
65630.7435879926;-17.978705;3.365227
65634.7435870538;-18.005854;3.3653271
65635.7435868191;-18.039791;3.3658283
65636.7435865844;-17.988885;3.3656781
65637.7435863497;-17.94816;3.3651769
65646.7435842352;-17.887076;3.3650765
65647.7435839967;-17.995672;3.3656781
65695.7435726397;-17.924406;3.3653271
65696.743572405;-17.94816;3.3658283
65717.7435674066;-17.999066;3.3650265
65718.7435671682;-18.029609;3.3658283
65739.7435622154;-17.890469;3.365227
65740.7435619807;-17.94816;3.3659286
65741.743561746;-17.944768;3.3653774
65756.7435582075;-17.880287;3.3657281
65757.7435579691;-17.968523;3.3651769
65844.7435373771;-17.93798;3.3651769
65845.7435371424;-17.849746;3.3657782
65881.7435286031;-17.999066;3.3659286
65882.7435283646;-18.005854;3.3654275
65894.7435255446;-17.941373;3.3661792
65895.7435253099;-18.012641;3.3655276
65902.7435236671;-17.944768;3.3654776
65903.7435234324;-17.934586;3.3659787
65957.7435106616;-18.070332;3.3660288
65958.7435104269;-18.073727;3.3655276
65959.7435101922;-18.182324;3.3655777
65960.7435099575;-18.016035;3.3661292
65973.7435068674;-17.992277;3.3660791
65974.743506629;-17.917619;3.3654776
66009.7434983602;-17.934586;3.3660791
66010.7434981255;-17.90065;3.3654275
66043.7434902833;-17.93798;3.365628
66044.7434900486;-17.944768;3.3661292
66045.7434898139;-17.941373;3.3653774
66046.7434895793;-17.8735;3.3660288
66076.7434825096;-17.988885;3.3660791
66077.7434822712;-18.033002;3.3655777
66079.7434817943;-18.009248;3.3658283
66080.7434815559;-18.026215;3.3663797
66085.7434803636;-18.016035;3.3657782
66086.7434801252;-17.985492;3.3663797
66087.7434798867;-18.083906;3.3658283
66089.7434794099;-18.009248;3.3661792
66090.7434791715;-18.009248;3.3656781
66096.743477747;-17.93798;3.3662293
66097.7434775123;-17.975311;3.3655777
66114.7434735226;-18.046578;3.3660288
66115.7434732879;-17.992277;3.3655276
66116.7434730532;-17.944768;3.3660791
66124.7434711644;-18.005854;3.3661792
66125.743470926;-18.039791;3.3655777
66153.7434642717;-17.968523;3.3658283
66154.743464037;-17.934586;3.3663297
66155.7434638023;-17.982098;3.365628
66164.7434616901;-17.917619;3.3658283
66165.7434614554;-17.954947;3.3663297
66166.7434612207;-17.917619;3.3657782
66215.743449623;-17.849746;3.3663297
66216.7434493883;-17.90065;3.3657281
66258.7434394338;-17.921012;3.3658786
66259.7434391991;-17.971918;3.3664298
66260.7434389644;-17.975311;3.3659286
66265.743437791;-17.971918;3.3655777
66266.7434375563;-17.975311;3.3664799
66267.7434373216;-17.927801;3.3657782
66292.743431408;-17.988885;3.3665299
66293.7434311696;-17.971918;3.3658786
66298.7434299775;-17.79884;3.3657782
66299.7434297391;-17.832775;3.3662794
66364.7434143611;-17.958344;3.3658283
66365.7434141264;-17.883682;3.3663797
66366.7434138917;-17.961734;3.3658786
66370.7434129529;-17.999066;3.3657782
66371.7434127182;-17.995672;3.3663297
66408.7434039498;-17.985492;3.3666804
66409.7434037114;-17.951555;3.3660288
66415.743402294;-17.917619;3.365628
66416.7434020593;-17.958344;3.3661292
66421.7434008858;-17.958344;3.3662794
66422.7434006511;-17.927801;3.3657782
66429.7433990082;-17.982098;3.3664298
66430.7433987736;-18.009248;3.3659286
66460.7433916508;-17.971918;3.3658283
66461.7433914124;-18.033002;3.3663797
66517.7433781597;-18.026215;3.3663797
66518.7433779245;-17.995672;3.3658786
66547.7433711063;-17.988885;3.3660791
66548.7433708679;-17.968523;3.3665802
66549.7433706295;-17.961734;3.3660791
66584.743362337;-18.036396;3.3659787
66585.7433621023;-18.005854;3.3666804
66586.7433618676;-17.924406;3.3661292
66587.7433616329;-17.94816;3.3666303
66594.74335999;-18.033002;3.3664799
66595.7433597553;-18.117844;3.3659787
66654.7433457939;-17.944768;3.3660288
66655.7433455555;-17.992277;3.3667305
66666.7433429329;-17.880287;3.3662794
66667.7433426944;-18.043182;3.3667805
66681.7433393761;-17.951555;3.3664799
66682.7433391414;-17.8735;3.3658283
66683.7433389067;-17.951555;3.3664799
66700.743334917;-17.954947;3.3661292
66701.7433346823;-17.934586;3.3666303
66740.7433254319;-17.978705;3.3661792
66741.7433251972;-17.954947;3.3667805
66752.7433226156;-18.016035;3.3662794
66753.7433223809;-18.049971;3.3667805
66760.7433207199;-18.033002;3.3661292
66761.7433204815;-18.033002;3.3666804
66802.7433107831;-18.138207;3.3664298
66803.7433105484;-18.002459;3.3658283
66866.7432956463;-17.924406;3.3666804
66867.7432954079;-17.921012;3.3661792
66906.7432861804;-17.907438;3.3663797
66907.7432859457;-17.958344;3.366981
66910.7432852416;-17.968523;3.3660791
66911.7432850069;-18.029609;3.3666804
66933.7432797717;-17.965131;3.3663297
66934.7432795333;-17.961734;3.3668809
66966.7432720012;-17.999066;3.3662293
66967.7432717651;-17.941373;3.3667305
67004.7432629856;-17.965131;3.3663297
67005.7432627509;-17.931193;3.3668809
67020.7432592281;-17.954947;3.3662293
67021.7432589897;-17.985492;3.3667305
67065.7432485715;-17.927801;3.3668308
67066.7432483368;-17.904043;3.3663297
67083.743244307;-17.91083;3.3663797
67084.7432440685;-17.880287;3.3668809
67091.7432423996;-18.026215;3.3662794
67092.7432421612;-17.995672;3.3668308
67095.7432414459;-17.982098;3.3666804
67096.7432412075;-17.870107;3.3661292
67100.7432402594;-17.927801;3.3664298
67101.7432400247;-17.978705;3.366981
67102.74323979;-17.992277;3.3663797
67105.743239086;-18.016035;3.3662293
67106.7432388513;-18.066939;3.366931
67117.7432362696;-18.077119;3.366981
67118.7432360349;-18.009248;3.3664799
67119.7432358003;-17.961734;3.3667305
67120.7432355656;-17.883682;3.3660791
67149.7432286704;-18.005854;3.3664298
67150.743228432;-17.917619;3.366931
67159.7432263151;-17.907438;3.3667805
67160.7432260804;-17.965131;3.3662293
67162.743225611;-18.087303;3.3666303
67163.7432253763;-17.927801;3.3672316
67164.7432251416;-18.033002;3.3666303
67204.7432156566;-17.94816;3.3662794
67205.7432154214;-18.029609;3.3668809
67230.7432095541;-18.019428;3.3671315
67231.7432093184;-17.944768;3.3665802
67234.7432086032;-17.897256;3.366981
67235.7432083648;-18.128025;3.3663297
67245.7432059806;-18.138207;3.366981
67246.7432057422;-18.036396;3.3664298
67248.7432052653;-17.856533;3.366931
67249.7432050269;-18.029609;3.3664298
67270.7432000685;-17.968523;3.366981
67271.7431998339;-17.883682;3.3664799
67327.7431865932;-17.853139;3.3664298
67328.7431863586;-17.924406;3.366931
67343.7431828135;-17.992277;3.3667305
67344.7431825751;-18.009248;3.3672819
67345.7431823366;-17.934586;3.3665802
67371.7431761685;-17.859926;3.3670313
67372.7431759338;-18.026215;3.3665299
67375.7431752297;-17.985492;3.3672316
67376.743174995;-17.876896;3.3665299
67403.7431686071;-18.026215;3.3665299
67404.7431683687;-17.927801;3.3670313
67468.7431532091;-17.961734;3.3674321
67469.743152973;-18.043182;3.3665802
67470.7431527383;-18.033002;3.3671815
67496.7431466326;-17.978705;3.3672819
67497.7431463942;-18.043182;3.3667805
67503.7431449636;-17.907438;3.366981
67504.7431447252;-17.904043;3.3664799
67523.7431402018;-17.93798;3.3664799
67524.7431399671;-18.005854;3.3671315
67530.7431385589;-17.94816;3.3671815
67531.7431383242;-17.887076;3.3666303
67538.7431366814;-17.961734;3.3664298
67539.7431364467;-17.931193;3.3671315
67594.7431234412;-17.985492;3.3666804
67595.7431232066;-17.992277;3.3672316
67616.7431182207;-17.954947;3.367382
67617.7431179823;-17.961734;3.3667305
67620.743117267;-18.005854;3.3672819
67621.7431170286;-18.046578;3.3665299
67622.7431167902;-17.968523;3.367332
67623.7431165518;-18.005854;3.3667805
67624.7431163134;-18.019428;3.3674321
67625.743116075;-17.965131;3.3666804
67635.743113721;-18.046578;3.3668308
67636.7431134863;-17.93798;3.3674321
67637.7431132516;-18.097482;3.3665299
67643.7431118435;-17.941373;3.3670814
67644.7431116088;-17.832775;3.3665299
67688.7431011845;-18.002459;3.3672316
67689.7431009498;-18.033002;3.3665299
67700.7430983682;-17.951555;3.367332
67701.7430981335;-17.975311;3.3667305
67709.7430962462;-18.033002;3.367382
67710.7430960077;-17.904043;3.3668308
67737.7430895872;-17.853139;3.3667805
67738.7430893525;-17.941373;3.367382
67750.7430865362;-17.954947;3.3674321
67751.7430863015;-18.036396;3.366931
67829.743067835;-17.951555;3.3668809
67830.7430675966;-18.039791;3.3674321
67842.7430647495;-17.965131;3.366981
67843.7430645148;-17.992277;3.3664298
67844.7430642801;-17.999066;3.3671815
67863.743059821;-17.94816;3.3671815
67864.7430595863;-17.890469;3.3666303
67865.7430593516;-17.880287;3.3672819
67889.7430536295;-17.992277;3.3667805
67890.7430533911;-17.893863;3.367332
67891.7430531527;-17.887076;3.367332
67892.7430529175;-17.975311;3.3668308
67894.7430524482;-17.825988;3.367382
67895.7430522135;-17.93798;3.3668809
67900.74305104;-18.043182;3.3670814
67901.7430508053;-17.921012;3.3676326
67902.7430505706;-17.944768;3.366931
67931.7430437151;-17.958344;3.3667805
67932.7430434767;-18.033002;3.367332
68050.743015543;-17.971918;3.3674321
68051.7430153083;-18.070332;3.366931
68129.7429969044;-18.070332;3.3671815
68130.7429966665;-18.029609;3.3676827
68180.7429848373;-17.91083;3.366981
68181.7429846026;-17.931193;3.3675325
68211.742977464;-18.026215;3.3674321
68212.7429772293;-17.897256;3.366931
68219.7429755865;-17.832775;3.3672316
68220.7429753518;-17.931193;3.3677328
68221.7429751171;-17.880287;3.3675325
68222.7429748824;-17.93798;3.3670313
68238.7429711152;-17.91083;3.3671815
68239.7429708768;-17.883682;3.3677831
68240.7429706383;-17.842959;3.3672819
68249.7429684926;-17.988885;3.3675325
68250.7429682542;-17.961734;3.3670313
68314.7429530946;-17.982098;3.3677831
68315.7429528599;-17.904043;3.3670313
68316.7429526252;-17.968523;3.3675826
68334.7429484007;-17.982098;3.367382
68335.742948166;-17.961734;3.3678832
68336.7429479313;-18.026215;3.367382
68353.7429438949;-18.046578;3.3671815
68354.7429436565;-17.999066;3.3676827
68365.7429410339;-17.988885;3.367332
68366.7429407955;-17.93798;3.3678331
68408.7429308811;-18.022822;3.3671315
68409.7429306427;-18.012641;3.3677328
68442.7429228587;-17.961734;3.367332
68443.742922624;-17.870107;3.3678832
68458.7429190598;-17.921012;3.3679333
68459.7429188214;-17.988885;3.367382
68466.7429171525;-18.019428;3.3672316
68467.7429169141;-18.005854;3.3678331
68541.7428994289;-17.958344;3.3678331
68542.7428991943;-17.965131;3.3671815
68567.7428932706;-17.846352;3.367332
68568.7428930322;-17.870107;3.3679333
68572.7428920785;-18.002459;3.367382
68573.7428918401;-17.897256;3.3678832
68576.7428911248;-17.883682;3.3679333
68577.7428908864;-17.954947;3.3674321
68610.7428831178;-17.971918;3.3679836
68611.7428828793;-17.978705;3.3674822
68643.7428752949;-17.907438;3.3680336
68644.7428750602;-17.914225;3.367382
68648.7428741214;-17.91083;3.3674321
68649.7428738867;-17.914225;3.3679333
68672.7428684352;-18.022822;3.367382
68673.7428681968;-17.921012;3.3679333
68700.74286182;-17.914225;3.3681338
68701.7428615854;-17.917619;3.3675826
68717.742857806;-17.954947;3.3679333
68718.7428575676;-17.90065;3.3672819
68771.7428450311;-17.992277;3.3681839
68772.7428447927;-18.066939;3.3674822
68792.7428400336;-17.921012;3.3675826
68793.7428397989;-17.995672;3.3681839
68798.7428386255;-17.988885;3.3680837
68799.7428383908;-17.904043;3.3675826
68800.7428381561;-17.931193;3.3680837
68805.7428369826;-17.958344;3.3681338
68806.7428367479;-17.934586;3.3675826
68807.7428365132;-18.019428;3.3680837
68817.7428341629;-17.934586;3.3680336
68818.7428339245;-17.978705;3.3675325
68902.7428140217;-18.029609;3.3682342
68903.742813787;-17.927801;3.3676827
68917.7428105013;-17.961734;3.3680837
68918.7428102666;-17.917619;3.3675325
68966.7427989035;-17.94816;3.3676326
68967.7427986688;-17.907438;3.3682342
68980.7427955978;-18.012641;3.3681839
68981.7427953594;-17.999066;3.3676827
69039.7427816303;-17.975311;3.3679836
69040.7427813918;-18.002459;3.3684847
69041.7427811534;-17.992277;3.3679333
69042.742780915;-18.056758;3.3685348
69043.7427806766;-17.897256;3.3679333
69052.7427785308;-17.985492;3.3683343
69053.7427782924;-17.971918;3.3678331
69214.7427402097;-17.982098;3.3678832
69215.742739975;-18.090695;3.3684344
69253.742731004;-18.005854;3.3684344
69254.7427307656;-18.080516;3.3678331
69267.7427276736;-18.012641;3.3684847
69268.7427274389;-17.853139;3.3678331
69269.7427272042;-18.002459;3.3679836
69270.7427269695;-18.053363;3.3686349
69271.7427267349;-18.005854;3.3680336
69293.7427215669;-18.046578;3.3681338
69294.7427213285;-17.883682;3.3686349
69350.7427080767;-17.93798;3.3681338
69351.7427078383;-17.988885;3.3688354
69352.7427075999;-18.077119;3.3683343
69397.7426969689;-18.060152;3.3688354
69398.7426967318;-18.005854;3.3681338
69412.742693394;-17.931193;3.3681338
69413.7426931556;-17.944768;3.3686349
69432.7426886568;-17.86332;3.3687353
69433.7426884221;-17.944768;3.3680336
69460.7426820491;-17.91083;3.3687854
69461.7426818106;-18.043182;3.3682842
69497.7426733042;-18.016035;3.3687353
69498.7426730695;-17.931193;3.3682342
69537.7426638192;-18.066939;3.3689859
69538.7426635845;-17.954947;3.3684847
69550.7426607681;-18.094088;3.3682842
69551.7426605334;-18.002459;3.3689859
69555.7426595947;-18.070332;3.3682842
69556.74265936;-18.070332;3.3688855
69566.7426569758;-17.995672;3.3689859
69567.7426567374;-18.077119;3.3683343
69571.7426557837;-17.917619;3.3683343
69572.7426555453;-17.988885;3.3688354
69589.7426515178;-17.988885;3.369036
69590.7426512831;-17.978705;3.3684847
69604.7426479974;-17.904043;3.3688855
69605.7426477627;-17.93798;3.3683844
69615.7426453929;-17.93798;3.3683343
69616.7426451545;-18.019428;3.369036
69645.7426382776;-17.883682;3.3684847
69646.7426380429;-17.94816;3.3691361
69681.7426297568;-17.846352;3.3683844
69682.7426295184;-17.944768;3.3688855
69685.7426288031;-17.927801;3.3689358
69686.7426285647;-18.056758;3.3684344
69727.7426188883;-17.961734;3.3684847
69728.7426186499;-17.893863;3.3691361
69735.7426169809;-17.890469;3.369036
69736.7426167425;-17.94816;3.3684344
69744.7426148473;-17.914225;3.3686349
69745.7426146126;-17.924406;3.3691864
69796.7426025454;-17.965131;3.368685
69797.7426023107;-17.876896;3.3692365
69808.7425997291;-18.070332;3.3687854
69809.7425994944;-17.985492;3.3692865
69810.7425992597;-17.985492;3.3685348
69811.742599025;-17.995672;3.369036
69844.7425911912;-17.94816;3.3687353
69845.7425909528;-18.002459;3.3692365
69856.742588366;-17.941373;3.3687854
69857.7425881314;-18.033002;3.3692865
69895.7425791311;-17.921012;3.3686349
69896.7425788926;-18.012641;3.3691864
69909.7425758295;-17.883682;3.3687854
69910.7425755948;-17.904043;3.3693867
69911.7425753601;-17.985492;3.3688855
69915.7425744214;-17.968523;3.3693366
69916.7425741867;-18.009248;3.368685
69926.7425718393;-18.043182;3.3687854
69927.7425716008;-17.978705;3.3693366
69949.7425663556;-17.951555;3.3693366
69950.7425661172;-17.988885;3.3688354
69956.7425647011;-17.846352;3.3685849
69957.7425644664;-17.924406;3.3691864
69963.7425630583;-17.866713;3.3692365
69964.7425628236;-17.931193;3.368685
69981.742558825;-17.866713;3.3689358
69982.7425585865;-17.86332;3.3695371
69996.7425552487;-18.002459;3.369437
69997.7425550103;-17.992277;3.3689358
70012.7425514601;-17.975311;3.3687854
70013.7425512254;-18.019428;3.3692865
70036.7425458107;-17.941373;3.3693366
70037.7425455722;-18.022822;3.3688354
70040.742544857;-17.907438;3.3692865
70041.7425446186;-17.876896;3.368685
70129.7425238054;-17.968523;3.3689358
70130.7425235707;-17.958344;3.369437
70133.7425228666;-18.005854;3.3695371
70134.7425226319;-17.934586;3.3688354
70135.7425223972;-17.958344;3.3693366
70175.7425129122;-17.93798;3.3693366
70176.7425126775;-18.107662;3.3698881
70177.7425124428;-17.978705;3.3693867
70184.7425107999;-17.934586;3.3691864
70185.7425105652;-17.904043;3.3697376
70197.7425077233;-17.958344;3.369036
70198.7425074849;-18.043182;3.3695872
70253.7424944715;-18.043182;3.3696876
70254.7424942331;-17.995672;3.3691864
70262.7424923258;-17.921012;3.3693366
70263.7424920873;-17.93798;3.3699381
70305.7424821729;-17.866713;3.3697877
70306.7424819345;-17.853139;3.3692865
70356.7424701126;-17.94816;3.3691864
70357.7424698741;-17.883682;3.3697376
70382.7424639407;-17.812416;3.3698881
70383.742463706;-17.971918;3.3693366
70416.7424559071;-17.988885;3.3692865
70417.7424556687;-17.978705;3.3698881
70438.7424507005;-17.904043;3.3695371
70439.7424504658;-18.026215;3.3701386
70460.7424455163;-17.917619;3.3693366
70461.7424452779;-18.090695;3.3698881
70489.7424386339;-18.070332;3.3699882
70490.7424383992;-17.992277;3.369437
70524.7424303571;-17.985492;3.3700883
70525.7424301186;-17.914225;3.369487
70571.7424192501;-18.033002;3.3701386
70572.7424190117;-17.927801;3.369437
70610.7424100403;-18.033002;3.3700383
70611.7424098056;-17.934586;3.369487
70662.7423977379;-17.975311;3.3701386
70663.7423975033;-17.934586;3.3696373
70673.7423951288;-17.978705;3.3702888
70674.7423948904;-17.978705;3.3696876
70694.74239013;-17.90065;3.3697877
70695.7423898953;-17.914225;3.3702888
70732.7423811613;-18.005854;3.3696373
70733.7423809229;-18.033002;3.3701386
70743.7423785387;-17.958344;3.3698881
70744.7423783003;-17.917619;3.3704393
70757.7423752465;-17.951555;3.3705394
70758.7423750118;-17.971918;3.3699381
70770.7423721955;-17.883682;3.3698378
70771.7423719608;-18.046578;3.3704393
70790.7423674322;-18.002459;3.3703389
70791.7423671938;-17.975311;3.3697877
70881.7423459341;-17.893863;3.3699882
70882.7423456956;-17.853139;3.3704894
70887.7423445036;-17.968523;3.3703389
70888.7423442651;-17.985492;3.3697877
70889.7423440267;-17.965131;3.3704393
70959.7423274473;-17.90065;3.3702888
70960.7423272126;-17.94816;3.3708904
70962.7423267432;-17.992277;3.3706899
70963.7423265086;-18.046578;3.3701386
71017.7423137378;-18.043182;3.3702388
71018.7423135031;-17.914225;3.37079
71055.7423047473;-17.917619;3.3707399
71056.7423045088;-17.992277;3.3701386
71057.7423042704;-17.999066;3.3706899
71107.7422924492;-17.941373;3.3708403
71108.7422922107;-17.995672;3.3702888
71163.7422791971;-17.968523;3.371141
71164.7422789587;-17.999066;3.3705895
71195.7422716669;-17.988885;3.3710406
71196.7422714285;-17.921012;3.3705394
71214.742267137;-18.083906;3.3710406
71215.7422668986;-17.954947;3.3704894
71234.7422624194;-17.958344;3.3706398
71235.7422621847;-17.992277;3.371141
71236.74226195;-17.988885;3.3705895
71237.7422617153;-17.954947;3.3713415
71238.7422614806;-17.988885;3.3708403
71253.7422579378;-17.893863;3.3706899
71254.7422576994;-18.094088;3.3712411
71262.7422557921;-18.111057;3.3710406
71263.7422555536;-17.951555;3.3705394
71264.7422553152;-18.002459;3.3710406
71301.7422465934;-17.927801;3.3706398
71302.742246355;-17.876896;3.3713415
71331.7422394595;-17.961734;3.3706398
71332.7422392248;-17.971918;3.371141
71367.7422309573;-17.880287;3.3713915
71368.7422307189;-17.975311;3.3708403
71408.7422212813;-17.982098;3.3712912
71409.7422210429;-17.999066;3.3705895
71439.7422139174;-17.975311;3.3713915
71440.7422136827;-17.887076;3.3708403
71461.7422087439;-17.934586;3.3715417
71462.7422085054;-17.971918;3.3709905
71463.742208267;-17.927801;3.3714917
71472.7422061213;-17.999066;3.3710406
71473.7422058828;-18.117844;3.3718426
71474.7422056444;-17.921012;3.3709905
71475.742205406;-18.033002;3.371592
71476.7422051676;-18.077119;3.3709404
71480.7422042139;-17.958344;3.3710406
71481.7422039755;-17.880287;3.3716421
71524.7421938222;-17.93798;3.3709404
71525.7421935838;-17.93798;3.3714416
71562.7421848536;-17.887076;3.371141
71563.7421846189;-17.914225;3.3717422
71578.7421810463;-17.995672;3.371191
71579.7421808079;-17.961734;3.3718426
71580.7421805695;-17.971918;3.371191
71581.7421803311;-17.931193;3.3717926
71582.7421800927;-17.995672;3.3712411
71594.7421772456;-17.924406;3.371141
71595.7421770109;-17.941373;3.3716421
71609.7421737252;-17.887076;3.3712912
71610.7421734905;-17.917619;3.3717926
71623.7421704167;-17.870107;3.3712912
71624.7421701783;-18.016035;3.3721433
71625.7421699398;-17.995672;3.3715417
71707.7421505297;-18.009248;3.3718426
71708.742150295;-18.002459;3.3713415
71739.7421429585;-17.897256;3.3715417
71740.7421427201;-17.988885;3.3720431
71775.7421344728;-17.941373;3.3715417
71776.7421342357;-17.971918;3.3720932
71805.7421273342;-17.890469;3.3720431
71806.7421270995;-17.951555;3.3715417
71807.7421268648;-17.890469;3.3716922
71808.7421266301;-17.951555;3.3721933
71835.7421202682;-17.93798;3.3717422
71836.7421200298;-17.93798;3.3722937
71837.7421197914;-17.965131;3.3717422
71855.7421155022;-17.890469;3.3723938
71856.7421152675;-17.924406;3.3718426
71863.7421136246;-17.86332;3.3719428
71864.7421133899;-17.961734;3.3725443
71893.7421065396;-17.999066;3.3718426
71894.7421063012;-17.941373;3.3724439
71919.7421003845;-17.985492;3.3720431
71920.7421001498;-17.982098;3.3725443
71924.742099211;-17.985492;3.3719928
71925.7420989763;-17.836172;3.372494
71950.7420930494;-17.8735;3.372494
71951.742092811;-17.8735;3.3719928
72064.7420660683;-18.087303;3.3728449
72065.7420658299;-18.077119;3.3723438
72068.7420651225;-18.036396;3.372895
72069.7420648878;-18.043182;3.3722937
72129.7420507084;-18.005854;3.3723938
72130.7420504738;-17.941373;3.3729451
72169.7420412327;-17.931193;3.3727448
72170.7420409943;-17.944768;3.3721433
72171.7420407559;-17.951555;3.3729451
72223.7420284576;-18.019428;3.373296
72224.7420282192;-17.971918;3.3727448
72254.7420211658;-17.93798;3.3731956
72255.7420209274;-17.917619;3.3726945
72264.7420187817;-17.931193;3.3731456
72265.7420185432;-17.907438;3.3725944
72282.7420145078;-17.958344;3.3730955
72283.7420142731;-18.053363;3.372494
72286.742013569;-17.975311;3.373296
72287.7420133344;-17.941373;3.3727949
72314.7420069599;-17.995672;3.3734462
72315.7420067215;-17.985492;3.3728449
72321.742005291;-17.907438;3.3731956
72322.7420050526;-17.924406;3.3725443
72323.7420048141;-17.921012;3.3731956
72346.7419993897;-17.94816;3.3733461
72347.741999155;-17.978705;3.3728449
72350.7419984509;-17.944768;3.372895
72351.7419982162;-18.026215;3.3734462
72393.7419882608;-18.053363;3.3733962
72394.7419880261;-18.019428;3.372895
72402.7419861486;-17.988885;3.372895
72403.7419859139;-18.033002;3.3734965
72404.7419856792;-18.016035;3.3734965
72405.7419854445;-17.907438;3.3729451
72450.7419747855;-17.883682;3.3737972
72451.7419745508;-17.961734;3.3731456
72480.7419676791;-17.988885;3.3735466
72481.7419674406;-18.009248;3.3729954
72508.7419610755;-17.880287;3.3738472
72509.7419608408;-17.914225;3.3733461
72523.7419575262;-17.907438;3.3731456
72524.7419572878;-17.944768;3.3737471
72526.741956811;-17.931193;3.3731956
72527.7419565726;-17.971918;3.3739476
72530.7419558573;-17.965131;3.373697
72531.7419556189;-17.93798;3.3731956
72586.7419426051;-17.93798;3.3737972
72587.7419423667;-17.927801;3.373296
72595.7419404616;-17.999066;3.3733962
72596.7419402269;-17.988885;3.3738973
72618.7419350637;-18.039791;3.3740478
72619.741934829;-18.005854;3.3735466
72620.7419345943;-17.965131;3.3740978
72691.7419177695;-18.002459;3.3737471
72692.7419175311;-18.144994;3.3743484
72693.7419172927;-18.005854;3.3737972
72706.7419142156;-17.958344;3.3743484
72707.7419139809;-17.853139;3.373697
72711.7419130421;-18.016035;3.3742483
72712.7419128074;-17.988885;3.3737471
72740.7419061862;-18.090695;3.3738973
72741.7419059478;-18.005854;3.3746493
72742.7419057093;-17.968523;3.3738472
72763.7419007407;-17.897256;3.3743484
72764.741900506;-17.968523;3.373697
72765.7419002713;-17.992277;3.3742983
72771.7418988632;-17.914225;3.3742983
72772.7418986285;-18.046578;3.3737972
72787.7418950801;-17.90065;3.3739977
72788.7418948417;-17.887076;3.3745489
72817.74188797;-17.995672;3.3738472
72818.7418877353;-17.93798;3.3743484
72872.7418749643;-17.866713;3.3740478
72873.7418747296;-18.10427;3.3746493
72874.7418744949;-18.026215;3.3746493
72875.7418742602;-18.022822;3.3740478
72879.7418733214;-18.005854;3.3741982
72880.7418730867;-17.924406;3.3747494
72881.741872852;-17.917619;3.3746994
72882.7418726173;-17.975311;3.3741479
72909.7418661922;-17.999066;3.3743484
72910.7418659537;-18.016035;3.3749499
72919.7418638364;-17.904043;3.3744988
72920.7418636017;-17.978705;3.375
72921.741863367;-17.971918;3.3743985
72951.7418562778;-18.070332;3.3743484
72952.7418560393;-17.975311;3.3748496
72955.7418553241;-17.954947;3.3749499
72956.7418550857;-18.033002;3.3744488
72967.7418524733;-18.033002;3.3743484
72968.7418522386;-18.046578;3.3749499
72969.7418520039;-18.029609;3.3742983
73021.7418397021;-17.859926;3.3744988
73022.7418394674;-17.965131;3.3750501
73026.7418385286;-17.880287;3.3744488
73027.7418382939;-18.012641;3.3749499
73031.7418373551;-17.90065;3.3752005
73032.7418371205;-17.944768;3.374599
73095.7418222373;-17.890469;3.3751504
73096.7418220026;-17.968523;3.3746493
73097.7418217661;-17.917619;3.3747494
73098.7418215277;-17.917619;3.3753006
73129.74181416;-17.995672;3.375401
73130.7418139253;-18.009248;3.3748999
73135.7418127518;-17.944768;3.375401
73136.7418125171;-17.931193;3.3748999
73175.7418032686;-17.934586;3.3750501
73176.7418030316;-17.93798;3.3755512
73234.7417893216;-18.002459;3.3752005
73235.7417890869;-17.86332;3.3758018
73262.7417827241;-18.039791;3.3754511
73263.7417824857;-17.954947;3.3759522
73266.7417817704;-17.965131;3.3759022
73267.741781532;-17.93798;3.3753507
73283.7417777234;-17.971918;3.3759022
73284.7417774887;-18.005854;3.3753507
73317.7417697098;-17.91083;3.3759522
73318.7417694714;-17.941373;3.3754511
73319.741769233;-18.009248;3.3759522
73321.7417687561;-17.921012;3.3752506
73322.7417685177;-17.887076;3.3758018
73324.7417680409;-17.904043;3.375401
73325.7417678025;-18.022822;3.3761027
73366.7417581265;-17.86332;3.3756015
73367.7417578881;-18.029609;3.3761027
73404.7417491299;-17.853139;3.3760524
73405.7417488952;-17.90065;3.3765538
73406.7417486605;-18.036396;3.3758521
73467.7417342446;-17.893863;3.3761027
73468.7417340062;-17.887076;3.3766038
73470.7417335293;-17.91083;3.3764534
73471.7417332909;-17.893863;3.3759022
73478.741731622;-17.995672;3.3760524
73479.7417313836;-17.985492;3.3766038
73499.7417266389;-17.890469;3.3761528
73500.7417264042;-17.914225;3.3766539
73524.7417207539;-17.999066;3.3762028
73525.7417205155;-17.8735;3.376754
73542.7417164624;-18.029609;3.376754
73543.741716224;-17.917619;3.3762028
73569.7417101126;-17.93798;3.3764033
73570.7417098779;-18.016035;3.3769546
73584.741706548;-18.019428;3.3762529
73585.7417063096;-18.029609;3.3768544
73595.7417039254;-17.995672;3.3765035
73596.741703687;-17.94816;3.3770046
73597.7417034485;-17.893863;3.3765035
73647.7416916268;-18.049971;3.3772552
73648.7416913884;-17.927801;3.3765035
73649.74169115;-17.958344;3.3770046
73682.7416833818;-17.934586;3.3773055
73683.7416831434;-17.951555;3.376754
73684.741682905;-17.893863;3.3772552
73787.7416585469;-18.063545;3.3779068
73788.7416583085;-18.036396;3.3774056
73790.7416578317;-17.968523;3.3778067
73791.7416575932;-17.995672;3.3773055
73793.7416571164;-17.94816;3.3772051
73794.741656878;-17.971918;3.3777063
73809.7416533017;-17.958344;3.3772552
73810.7416530642;-17.849746;3.3777566
73817.7416514214;-17.982098;3.3778567
73818.7416511867;-18.10427;3.3772552
73833.7416476663;-17.965131;3.3773556
73834.7416474316;-17.995672;3.3779068
73869.7416391195;-17.931193;3.3777063
73870.7416388848;-18.036396;3.3782074
73900.7416318039;-17.941373;3.3774056
73901.7416315655;-17.924406;3.3779569
73965.7416164059;-17.958344;3.3779569
73966.7416161674;-17.93798;3.3784583
73982.741612404;-17.890469;3.3785083
73983.7416121693;-17.941373;3.3780072
73984.7416119346;-17.897256;3.3785083
74008.741606253;-17.917619;3.3786085
74009.7416060146;-17.961734;3.3780572
74010.7416057762;-17.93798;3.3786085
74024.7416024491;-17.91083;3.3787088
74025.7416022144;-17.914225;3.3781574
74026.7416019797;-17.90065;3.3789091
74033.7416003368;-17.870107;3.3782578
74034.7416001021;-17.893863;3.378859
74035.7415998674;-18.009248;3.3786085
74036.7415996327;-17.887076;3.3781073
74052.7415958618;-17.995672;3.3790095
74053.7415956234;-17.975311;3.3784583
74098.741584984;-18.158566;3.3793101
74099.7415847493;-17.965131;3.3786585
74101.7415842785;-17.958344;3.37921
74102.7415840401;-18.056758;3.3787088
74103.7415838016;-17.934586;3.3785584
74104.7415835632;-17.921012;3.3790596
74215.7415572962;-17.971918;3.3798614
74216.7415570578;-17.982098;3.3792601
74219.7415563425;-18.016035;3.3796108
74220.7415561041;-17.958344;3.3789091
74221.7415558657;-17.94816;3.3797112
74371.7415204009;-18.033002;3.3804629
74372.7415201625;-17.975311;3.3799617
74373.7415199241;-18.005854;3.380513
74435.7415052413;-18.012641;3.380563
74436.7415050029;-18.009248;3.3811646
74443.741503334;-17.924406;3.380513
74444.741503096;-18.019428;3.3812146
74445.7415028613;-18.046578;3.3806133
74505.7414886819;-18.022822;3.3815656
74506.7414884473;-18.012641;3.380964
74516.7414861003;-17.934586;3.3814151
74517.7414858656;-17.999066;3.3808639
74585.7414697763;-17.924406;3.3821168
74586.7414695379;-18.009248;3.3813651
74632.7414586703;-17.978705;3.3823674
74633.7414584319;-17.924406;3.3817658
74634.7414581935;-17.988885;3.3823173
74728.7414359558;-18.049971;3.382618
74729.7414357211;-18.029609;3.3831191
74762.7414278783;-17.975311;3.383019
74763.7414276436;-18.036396;3.3835201
74788.7414217745;-18.077119;3.3831692
74789.741421536;-18.077119;3.3837707
74799.7414191518;-17.927801;3.3839209
74800.7414189134;-17.94816;3.3832695
74806.7414174829;-18.049971;3.3840213
74807.7414172445;-18.094088;3.3834198
74811.7414162908;-17.978705;3.3833697
74812.7414160524;-17.897256;3.3839712
74830.7414118214;-17.951555;3.3837206
74831.7414115867;-18.005854;3.3842719
74832.741411352;-18.009248;3.3836203
74835.7414106479;-17.988885;3.3842218
74836.7414104132;-17.992277;3.3837206
74844.7414085222;-17.954947;3.3836703
74845.7414082838;-17.944768;3.3843219
74846.7414080454;-17.907438;3.3833697
74847.7414078069;-17.978705;3.3838708
74925.74138933;-17.941373;3.3849735
74926.7413890953;-17.849746;3.3844724
74947.7413841635;-17.91083;3.3846729
74948.741383925;-17.988885;3.3852742
74979.7413765587;-17.958344;3.3850236
74980.741376324;-18.056758;3.3855748
74990.7413739771;-17.968523;3.385124
74991.7413737424;-18.026215;3.3856752
75061.7413571812;-18.005854;3.3859258
75062.7413569428;-18.012641;3.3866775
75077.7413533665;-17.93798;3.3862264
75078.7413531281;-17.941373;3.3868279
75086.74135125;-17.954947;3.386477
75087.7413510154;-17.914225;3.3869781
75103.7413472603;-17.890469;3.3865774
75104.7413470256;-17.934586;3.3870785
75119.7413434516;-17.958344;3.3867776
75120.7413432132;-17.992277;3.387279
75126.7413417827;-17.975311;3.386878
75127.7413415443;-17.965131;3.3873792
75138.7413389482;-17.927801;3.3875296
75139.7413387135;-18.046578;3.3869781
75172.7413309146;-18.005854;3.3879807
75173.7413306762;-17.992277;3.3873291
75242.7413143455;-17.917619;3.3884315
75243.7413141108;-18.033002;3.3889329
75252.7413119985;-17.951555;3.3891332
75253.7413117638;-17.870107;3.3886321
75254.7413115291;-17.958344;3.3891835
75255.7413112944;-17.971918;3.3886821
75256.7413110598;-17.883682;3.3892837
75332.7412930661;-17.842959;3.3900855
75333.7412928277;-17.822596;3.390687
75337.741291874;-17.951555;3.3906369
75338.7412916356;-18.036396;3.3900855
75384.7412807673;-18.077119;3.3909876
75385.7412805289;-18.019428;3.3915892
75398.7412774406;-17.927801;3.3911881
75399.7412772059;-18.026215;3.3916893
75419.7412725121;-18.053363;3.3915391
75420.7412722774;-18.033002;3.3921905
75430.7412698997;-17.917619;3.392391
75431.7412696613;-17.985492;3.3918898
75439.741267754;-18.060152;3.3926415
75440.7412675155;-17.988885;3.3919899
75468.7412609148;-17.921012;3.3932431
75469.7412606801;-17.988885;3.3926916
75476.7412590321;-17.951555;3.392792
75477.7412587937;-17.934586;3.3933432
75525.7412474399;-18.056758;3.3937943
75526.7412472053;-17.914225;3.3943455
75531.7412460187;-17.951555;3.3948467
75532.7412457803;-17.907438;3.3943455
75534.7412453035;-17.890469;3.3943455
75535.7412450651;-17.876896;3.3949971
75541.7412436346;-17.897256;3.394496
75542.7412433961;-18.029609;3.3949971
75543.7412431577;-17.961734;3.394496
75551.7412412504;-17.907438;3.3946965
75552.741241012;-17.907438;3.3951976
75570.7412367814;-17.917619;3.3952477
75571.7412365467;-18.077119;3.3957489
75652.7412173684;-17.941373;3.3977537
75653.7412171299;-18.005854;3.3982549
75696.7412069767;-17.904043;3.3992071
75697.7412067382;-17.914225;3.3997083
75727.7411996411;-18.049971;3.4004099
75728.7411994064;-17.93798;3.4009612
75733.7411982329;-17.988885;3.4007607
75734.7411979982;-18.026215;3.4012618
75748.7411946781;-18.012641;3.4013622
75749.7411944397;-18.016035;3.4018633
75822.7411771497;-18.002459;3.4047701
75823.741176915;-18.063545;3.4052713
75850.7411705578;-17.965131;3.4062736
75851.7411703193;-18.036396;3.4070756
75852.7411700809;-17.893863;3.4061735
75853.7411698425;-17.927801;3.406775
75863.7411674583;-18.036396;3.4070256
75864.7411672199;-18.046578;3.4075267
75881.741163205;-17.965131;3.4079778
75882.7411629703;-17.982098;3.408479
75967.7411428602;-17.978705;3.4141421
75968.7411426218;-17.93798;3.4146435
75975.7411409529;-17.958344;3.4148941
75976.7411407145;-17.951555;3.4153953
75986.7411383657;-17.859926;3.4156959
75987.741138131;-17.999066;3.4163976
75993.7411367228;-17.907438;3.4163976
75994.7411364881;-17.975311;3.4170992
76004.7411341375;-17.876896;3.4175503
76005.741133899;-17.944768;3.4180515
76008.7411331838;-17.876896;3.417851
76009.7411329454;-18.005854;3.4185026
76032.7411274724;-17.921012;3.4204071
76033.7411272377;-17.924406;3.4210083
76036.7411265337;-17.988885;3.4209082
76037.741126299;-18.005854;3.4214094
76058.7411213625;-17.961734;3.4231133
76059.7411211241;-18.097482;3.4237649
76061.7411206472;-17.971918;3.4242661
76062.7411204088;-17.927801;3.4237149
76063.7411201704;-17.825988;3.4244165
76089.7411139976;-17.94816;3.4273734
76090.7411137629;-17.978705;3.4279749
76105.7411102425;-17.904043;3.429729
76106.7411100078;-17.971918;3.4302301
76126.7411052497;-17.91083;3.4331369
76127.7411050113;-17.893863;3.4337385
76142.7411014615;-17.859926;3.4357431
76143.7411012268;-17.836172;3.4362442
76144.7411009921;-17.897256;3.4366953
76145.7411007575;-17.968523;3.4361441
76146.7411005228;-17.94816;3.4369459
76147.7411002881;-17.893863;3.4366953
76148.7411000534;-17.924406;3.4371965
76163.7410965279;-18.043182;3.4398527
76164.7410962894;-17.941373;3.4403541
76165.741096051;-17.893863;3.4404542
76166.7410958126;-17.927801;3.4409554
76175.7410936668;-17.958344;3.4423587
76176.7410934284;-18.016035;3.4429603
76178.7410929516;-17.893863;3.4429603
76179.7410927132;-17.917619;3.4434614
76181.7410922363;-17.985492;3.4437621
76182.7410919979;-17.904043;3.4444637
76183.7410917595;-17.971918;3.4443133
76184.7410915211;-17.904043;3.4448144
76185.7410912826;-17.931193;3.4449148
76186.7410910442;-18.043182;3.445416
76192.7410896295;-17.921012;3.4465184
76193.7410893949;-17.988885;3.4470198
76195.7410889255;-18.002459;3.4470699
76196.7410886908;-17.988885;3.4479721
76197.7410884561;-17.965131;3.4476211
76198.7410882214;-18.019428;3.4481723
76199.7410879867;-17.961734;3.4480221
76200.741087752;-17.958344;3.4487739
76209.7410856398;-17.907438;3.4508789
76210.7410854051;-17.91083;3.4514802
76214.7410844663;-17.8735;3.4521818
76215.7410842293;-17.93798;3.452683
76218.741083514;-17.944768;3.4534349
76219.7410832756;-17.958344;3.4539361
76226.7410816067;-17.971918;3.4553394
76227.7410813682;-18.012641;3.4560912
76233.7410799375;-17.931193;3.4576948
76234.7410796991;-17.971918;3.4582963
76235.7410794607;-17.921012;3.4583964
76236.7410792222;-17.941373;3.458998
76238.7410787454;-18.002459;3.4592986
76239.741078507;-17.988885;3.4599001
76240.7410782686;-17.968523;3.4599502
76241.7410780316;-17.975311;3.4605515
76242.7410777969;-17.859926;3.4606018
76243.7410775622;-17.924406;3.4612532
76244.7410773275;-17.982098;3.4613035
76245.7410770928;-17.999066;3.4619048
76246.7410768581;-17.958344;3.4624059
76247.7410766234;-17.941373;3.4622557
76248.7410763887;-17.958344;3.4631076
76249.741076154;-17.93798;3.4631577
76250.7410759193;-17.876896;3.463659
76253.7410752152;-17.893863;3.4646113
76254.7410749805;-17.951555;3.4651625
76255.7410747458;-17.883682;3.4657137
76257.7410742765;-17.954947;3.4660144
76258.7410740418;-17.995672;3.4665158
76261.7410733377;-17.924406;3.4675181
76262.741073103;-17.883682;3.4680693
76264.7410726336;-17.924406;3.4686708
76265.7410723989;-17.931193;3.4692721
76268.741071692;-17.924406;3.4701743
76269.7410714536;-17.907438;3.4707756
76270.7410712152;-18.022822;3.4715276
76272.7410707384;-18.009248;3.4720788
76273.7410704999;-17.94816;3.4727304
76275.7410700231;-17.907438;3.473031
76276.7410697847;-17.985492;3.4737327
76277.7410695463;-17.971918;3.4739833
76278.7410693079;-17.924406;3.4750357
76280.741068831;-18.029609;3.4752862
76281.7410685926;-18.073727;3.4764891
76283.7410681158;-17.982098;3.4766896
76284.7410678773;-18.002459;3.4771907
76285.7410676389;-17.887076;3.4776919
76286.7410674005;-17.931193;3.4783936
76287.7410671621;-17.985492;3.4789951
76289.7410666853;-17.988885;3.4796968
76290.7410664468;-17.914225;3.4801979
76292.74106597;-17.8735;3.4809997
76293.7410657316;-17.965131;3.4815009
76294.7410654955;-17.931193;3.4818017
76295.7410652608;-17.971918;3.4826035
76296.7410650261;-17.887076;3.4830046
76297.7410647914;-17.941373;3.4836059
76298.7410645567;-17.880287;3.4840069
76299.741064322;-17.931193;3.484508
76300.7410640873;-17.954947;3.4850092
76301.7410638526;-18.043182;3.4854603
76302.7410636179;-18.056758;3.4863124
76303.7410633832;-17.999066;3.4869637
76305.7410629139;-17.995672;3.4875653
76306.7410626792;-17.995672;3.4881666
76307.7410624445;-17.917619;3.488718
76308.7410622098;-17.958344;3.4893696
76310.7410617404;-17.924406;3.4902716
76311.7410615057;-18.063545;3.4910233
76313.7410610363;-17.917619;3.4919255
76314.7410608016;-17.856533;3.4927275
76315.7410605669;-17.94816;3.4934793
76316.7410603322;-17.961734;3.4939804
76317.7410600975;-17.893863;3.4944315
76318.7410598628;-17.931193;3.4950831
76319.7410596282;-17.914225;3.4955842
76320.7410593935;-17.94816;3.4962859
76321.7410591555;-17.954947;3.4969373
76322.7410589171;-17.975311;3.4976389
76323.7410586787;-18.13142;3.4982905
76324.7410584403;-18.056758;3.4990923
76325.7410582018;-18.043182;3.4993932
76326.7410579634;-17.968523;3.5000446
76327.741057725;-18.022822;3.5006461
76328.7410574866;-17.91083;3.5014479
76329.7410572482;-17.904043;3.5021496
76330.7410570097;-17.931193;3.5026007
76331.7410567713;-17.91083;3.5035529
76332.7410565329;-17.90065;3.5039039
76333.7410562945;-17.931193;3.5046556
76334.7410560561;-17.954947;3.5054073
76335.7410558176;-17.8735;3.5058584
76336.7410555792;-17.883682;3.5067103
76337.7410553408;-17.931193;3.5077128
76339.741054864;-17.819203;3.5086148
76340.7410546256;-17.968523;3.5096674
76341.7410543871;-17.975311;3.5105193
76342.7410541487;-17.890469;3.5112712
76343.7410539103;-17.91083;3.5117221
76344.7410536719;-18.039791;3.5127747
76345.7410534335;-17.985492;3.5135264
76346.741053195;-17.988885;3.5142782
76347.7410529594;-17.934586;3.5147793
76348.7410527247;-18.019428;3.5155311
76349.74105249;-17.968523;3.5166838
76350.7410522553;-17.999066;3.5174859
76351.7410520206;-17.985492;3.5181372
76352.741051786;-18.046578;3.5186887
76353.7410515513;-18.002459;3.5198915
76354.7410513166;-18.033002;3.5206933
76355.7410510819;-17.934586;3.5213449
76356.7410508472;-18.049971;3.5226479
76357.7410506125;-17.999066;3.5229988
76358.7410503778;-17.965131;3.5240512
76359.7410501431;-17.985492;3.5251539
76360.7410499084;-17.870107;3.525655
76361.7410496737;-17.853139;3.5268579
76362.741049439;-17.978705;3.5279102
76363.7410492043;-17.890469;3.5284617
76364.7410489696;-17.975311;3.529464
76365.7410487349;-17.978705;3.5305164
76366.7410485002;-17.988885;3.5312684
76367.7410482656;-17.982098;3.5326214
76368.7410480309;-17.931193;3.5333731
76369.7410477962;-17.914225;3.5345759
76370.7410475615;-17.94816;3.5352776
76371.7410473268;-17.93798;3.5362298
76372.7410470921;-18.009248;3.5372324
76373.7410468574;-17.958344;3.5378337
76374.741046619;-17.93798;3.539187
76375.7410463806;-17.971918;3.5402393
76376.7410461421;-18.009248;3.541342
76377.7410459037;-17.958344;3.5425448
76378.7410456653;-17.876896;3.5432966
76379.7410454269;-17.93798;3.5443492
76380.7410451885;-17.954947;3.5457523
76381.74104495;-17.951555;3.5470054
76382.7410447116;-18.002459;3.5482082
76383.7410444732;-17.914225;3.5491104
76384.7410442348;-17.988885;3.5501628
76385.7410439964;-17.944768;3.5512655
76386.741043758;-17.975311;3.5524683
76387.7410435195;-17.995672;3.5537713
76388.7410432811;-17.999066;3.5545731
76389.7410430427;-18.029609;3.5561769
76390.7410428043;-18.026215;3.5574801
76391.7410425659;-18.114449;3.5588834
76392.7410423274;-17.965131;3.5594847
76393.741042089;-17.999066;3.5612891
76394.7410418506;-18.033002;3.5624919
76395.7410416122;-18.005854;3.5639453
76396.7410413738;-17.992277;3.5653486
76397.7410411353;-17.934586;3.566401
76398.7410408969;-17.961734;3.5676038
76399.7410406585;-17.832775;3.5692577
76400.7410404234;-17.91083;3.5707614
76401.7410401887;-17.951555;3.5720644
76402.741039954;-17.954947;3.5734677
76403.7410397193;-17.890469;3.574821
76404.7410394846;-18.009248;3.5763245
76405.7410392499;-17.897256;3.577878
76406.7410390152;-17.934586;3.5793316
76407.7410387805;-18.005854;3.5805345
76408.7410385458;-17.880287;3.5823886
76409.7410383111;-17.995672;3.583792
76410.7410380764;-17.934586;3.5853958
76411.7410378417;-17.965131;3.5871499
76412.741037607;-18.100875;3.5886536
76413.7410373723;-17.921012;3.5906081
76414.7410371376;-17.870107;3.5918109
76415.741036903;-17.982098;3.593565
76416.7410366683;-17.914225;3.5951188
76417.7410364336;-17.883682;3.5971234
76418.7410361989;-17.94816;3.5986772
76419.7410359642;-18.029609;3.6006818
76420.7410357295;-17.883682;3.6021855
76421.7410354948;-18.002459;3.6042402
76422.7410352601;-17.897256;3.6063452
76423.7410350254;-18.005854;3.607548
76424.7410347907;-17.931193;3.6097531
76425.741034556;-17.934586;3.6115575
76426.7410343207;-17.988885;3.6133616
76427.7410340823;-17.941373;3.615216
76428.7410338439;-18.029609;3.6172709
76429.7410336055;-18.029609;3.6191254
76430.7410333671;-17.965131;3.6212804
76431.7410331287;-17.931193;3.6231849
76432.7410328902;-18.070332;3.6252396
76433.7410326518;-17.931193;3.6275952
76434.7410324134;-18.012641;3.62955
76435.741032175;-17.961734;3.6319053
76436.7410319366;-17.951555;3.6341608
76437.7410316981;-18.002459;3.6359649
76438.7410314597;-17.907438;3.6383708
76439.7410312213;-17.91083;3.640676
76440.7410309829;-17.94816;3.6426809
76441.7410307445;-17.924406;3.6452367
76442.741030506;-17.883682;3.6473417
76443.7410302676;-17.982098;3.6495471
76443.824430247;-17.951555;3.6501484
76443.8246302469;-17.954947;3.6498477
76443.8258302465;-15.973055;3.6493967
76444.8258300083;-14.66989;3.6493967
76445.8258297699;-14.16763;3.6489956
76459.8258264586;-11.57827;3.6494968
76460.8258262239;-11.452704;3.6488955
76486.2766202255;-8.9956992;3.6491461
76486.3752202031;-0;3.6460214
76487.3752199647;-0;3.6396236
76488.3752197263;-0;3.6343112
76489.3752194878;-0;3.6298006
76490.3752192494;-0;3.6247885
76491.375219011;-0;3.6211801
76492.3752187726;-0;3.6170704
76493.3752185342;-0;3.6133616
76494.3752182958;-0;3.6097531
76495.3752180573;-0;3.6064453
76496.3752178189;-0;3.6031377
76497.3752175805;-0;3.600281
76498.3752173421;-0;3.5969732
76499.3752171037;-0;3.5947177
76500.3752168652;-0;3.5920115
76501.3752166268;-0;3.5895054
76502.3752163884;-0;3.5870998
76503.37521615;-0;3.5844936
76504.3752159116;-0;3.5825391
76505.3752156731;-0;3.5800834
76506.3752154375;-0;3.578279
76507.3752152028;-0;3.5759234
76508.3752149681;-0;3.5741193
76509.3752147334;-0;3.571914
76510.3752144988;-0;3.5704606
76511.3752142641;-0;3.5690572
76512.3752140294;-0;3.5671027
76513.3752137947;-0;3.5653987
76514.37521356;-0;3.5639453
76515.3752133253;-0;3.5624418
76516.3752130906;-0;3.5609882
76517.3752128559;-0;3.5593343
76518.3752126212;-0;3.5582318
76519.3752123865;-0;3.5569789
76520.3752121518;-0;3.5555756
76521.3752119171;-0;3.5546234
76522.3752116824;-0;3.5538213
76523.3752114477;-0;3.5523179
76524.375211213;-0;3.551115
76525.3752109784;-0;3.5500627
76526.3752107437;-0;3.54901
76527.375210509;-0;3.5479074
76528.3752102743;-0;3.5471556
76529.3752100396;-0;3.5460029
76530.3752098049;-0;3.545151
76531.3752095702;-0;3.5443993
76532.3752093346;-0;3.5433969
76533.3752090961;-0;3.5425949
76534.3752088577;-0;3.5419936
76535.3752086193;-0;3.5410914
76536.3752083809;-0;3.5402894
76537.3752081425;-0;3.5399387
76538.3752079041;-0;3.538836
76539.3752076656;-0;3.5381343
76540.3752074272;-0;3.5378337
76541.3752071888;-0;3.5367312
76542.3752069504;-0;3.5361798
76543.375206712;-0;3.5358791
76544.3752064735;-0;3.5347764
76545.3752062351;-0;3.5342753
76546.3752059967;-0;3.5337241
76547.3752057583;-0;3.5332229
76548.3752055199;-0;3.5326214
76549.3752052815;-0;3.5318696
76550.375205043;-0;3.5317192
76551.3752048046;-0;3.5309675
76552.3752045662;-0;3.5304163
76553.3752043278;-0;3.5303662
76554.3752040894;-0;3.5297146
76555.3752038509;-0;3.5292134
76556.3752036125;-0;3.5288625
76557.3752033741;-0;3.5281107
76558.3752031357;-0;3.5274091
76559.3752029005;-0;3.5276096
76560.3752026658;-0;3.5271084
76561.3752024311;-0;3.5264068
76565.3752014924;-0;3.5250034
76566.3752012577;-0;3.5245023
76569.3752005536;-0;3.5236001
76570.3752003189;-0;3.5227482
76573.3751996148;-0;3.5225477
76574.3751993801;-0;3.5213449
76577.375198676;-0;3.5212445
76578.3751984414;-0;3.5202923
76582.3751975026;-0;3.5194404
76583.3751972679;-0;3.5188892
76587.3751963203;-0;3.5183377
76588.3751960818;-0;3.5176864
76599.3751934592;-0;3.5152805
76600.3751932208;-0;3.5147293
76601.3751929824;-0;3.5148797
76602.375192744;-0;3.5142782
76607.3751915519;-0;3.5137269
76608.3751913135;-0;3.5129251
76615.3751896599;-0;3.5121732
76616.3751894252;-0;3.511672
76620.3751884864;-0;3.5113714
76621.3751882518;-0;3.5107698
76630.3751861395;-0;3.5096173
76631.3751859048;-0;3.5090659
76632.3751856701;-0;3.5093164
76633.3751854354;-0;3.5086148
76636.3751847314;-0;3.5088153
76637.3751844967;-0;3.5081136
76669.3751768887;-0;3.5046055
76670.375176654;-0;3.5041041
76711.3751669547;-0;3.5006962
76712.3751667163;-0;3.4999444
76729.3751627093;-0;3.4987917
76730.3751624746;-0;3.4992929
76731.3751622399;-0;3.498491
76815.3751423571;-0;3.49388
76816.3751421187;-0;3.4932287
76817.3751418803;-0;3.4937799
76833.3751381056;-0;3.4932287
76834.3751378709;-0;3.4925771
76915.3751187136;-0;3.4893696
76916.3751184752;-0;3.4898708
76917.3751182368;-0;3.4893696
76919.37511776;-0;3.4890687
76920.3751175215;-0;3.4897203
76968.3751061771;-0;3.4881165
76969.3751059387;-0;3.4876153
76980.3751033161;-0;3.4877157
76981.3751030786;-0;3.4872143
76990.3751009664;-0;3.4874148
76991.3751007317;-0;3.4868636
76992.375100497;-0;3.4868636
76993.3751002623;-0;3.4874651
76994.3751000276;-0;3.4872646
76995.3750997929;-0;3.4867635
77027.3750922098;-0;3.4863625
77028.3750919714;-0;3.4857609
77033.3750907793;-0;3.486212
77034.3750905423;-0;3.4855103
77035.3750903076;-0;3.4860618
77067.3750827727;-0;3.4849091
77068.3750825343;-0;3.4854102
77081.3750794349;-0;3.484508
77082.3750791965;-0;3.4850092
77102.3750744858;-0;3.4839568
77103.3750742511;-0;3.4846585
77147.3750638268;-0;3.4837062
77148.3750635921;-0;3.4830546
77191.3750534072;-0;3.4822528
77192.3750531688;-0;3.4829042
77193.3750529336;-0;3.482353
77229.3750444468;-0;3.4816513
77230.3750442084;-0;3.4822528
77238.3750423011;-0;3.4815009
77239.3750420626;-0;3.4820023
77245.3750406321;-0;3.4813006
77246.3750403974;-0;3.4818017
77263.3750364077;-0;3.48105
77264.375036173;-0;3.4815512
77276.3750333403;-0;3.4815009
77277.3750331019;-0;3.4809997
77287.3750307177;-0;3.4805989
77288.3750304793;-0;3.4812002
77316.3750238711;-0;3.4806991
77317.3750236364;-0;3.4801979
77390.3750063585;-0;3.4791956
77391.3750061201;-0;3.4796968
77392.3750058817;-0;3.4792957
77393.3750056433;-0;3.4798472
77395.3750051664;-0;3.4797468
77396.375004928;-0;3.4791455
77410.3750016139;-0;3.4794462
77411.3750013792;-0;3.478945
77418.3749997364;-0;3.4795463
77419.3749995017;-0;3.4788949
77438.3749950132;-0;3.4787445
77439.3749947747;-0;3.4792457
77467.3749881381;-0;3.4786944
77468.3749879034;-0;3.4780428
77469.3749876687;-0;3.4785941
77538.3749713692;-0;3.4775417
77539.3749711308;-0;3.4780428
77543.3749701771;-0;3.4778924
77544.3749699387;-0;3.4771907
77574.3749628304;-0;3.4777923
77575.3749625957;-0;3.4772911
77599.3749569249;-0;3.4773912
77600.3749566864;-0;3.4767396
77641.3749470082;-0;3.47684
77642.3749467721;-0;3.4762888
77647.37494558;-0;3.4763889
77648.3749453415;-0;3.4769402
77687.3749361149;-0;3.4765394
77688.3749358802;-0;3.4759879
77730.3749259253;-0;3.4761884
77731.3749256906;-0;3.4756873
77740.3749235784;-0;3.4758377
77741.3749233437;-0;3.4763389
77743.3749228743;-0;3.4759879
77744.3749226396;-0;3.4754868
77748.3749216981;-0;3.4761884
77749.3749214596;-0;3.4755871
77768.3749169297;-0;3.4758377
77769.3749166913;-0;3.4752862
77776.3749150321;-0;3.4755871
77777.3749147974;-0;3.4760883
77778.3749145627;-0;3.4755871
77824.3749036779;-0;3.4749856
77825.3749034395;-0;3.4754868
77837.3749006185;-0;3.4752862
77838.3749003838;-0;3.474685
77839.3749001491;-0;3.4753366
77871.3748925716;-0;3.475136
77872.3748923332;-0;3.4746349
77873.3748920948;-0;3.4752362
77874.3748918564;-0;3.474735
77895.3748869087;-0;3.475136
77896.374886674;-0;3.4744844
77918.3748814656;-0;3.4745345
77919.3748812272;-0;3.4750357
77920.3748809888;-0;3.4744844
77927.3748793199;-0;3.4749355
77928.3748790814;-0;3.4743843
77977.3748674986;-0;3.4739833
77978.3748672602;-0;3.4746349
77979.3748670217;-0;3.4739833
78001.3748618366;-0;3.4737327
78002.3748616019;-0;3.4742839
78016.3748582994;-0;3.4740834
78017.374858061;-0;3.4735322
78018.3748578226;-0;3.4742339
78073.3748448087;-0;3.4733317
78074.3748445702;-0;3.4739833
78075.3748443318;-0;3.4734321
78085.3748419476;-0;3.4733317
78086.3748417092;-0;3.4739332
78088.3748412324;-0;3.4739833
78089.374840994;-0;3.4733818
78100.3748384067;-0;3.4736826
78101.374838172;-0;3.4731312
78164.3748232886;-0;3.4733818
78165.3748230539;-0;3.4726801
78166.3748228192;-0;3.4727805
78167.3748225845;-0;3.4732816
78169.3748221151;-0;3.4727805
78170.3748218804;-0;3.4732816
78206.3748133337;-0;3.4726801
78207.374813099;-0;3.4731815
78226.3748086282;-0;3.47263
78227.3748083898;-0;3.4731312
78239.3748055287;-0;3.4724295
78240.3748052903;-0;3.4729307
78278.3747963291;-0;3.4721289
78279.3747960907;-0;3.47263
78311.3747884948;-0;3.47263
78312.3747882601;-0;3.4717782
78313.3747880255;-0;3.4722793
78347.374779977;-0;3.4724798
78348.3747797385;-0;3.4717782
78349.3747795001;-0;3.47258
78366.3747754885;-0;3.4717278
78367.3747752538;-0;3.4723794
78370.3747745497;-0;3.4722793
78371.374774315;-0;3.4716778
78372.3747740803;-0;3.4724295
78377.3747729068;-0;3.4717782
78378.3747726721;-0;3.47258
78379.3747724374;-0;3.4720788
78403.3747667242;-0;3.4721789
78404.3747664858;-0;3.4715776
78429.374760605;-0;3.4721289
78430.3747603703;-0;3.4714272
78431.3747601356;-0;3.4721789
78437.3747587172;-0;3.4714272
78438.3747584788;-0;3.4719784
78475.3747497113;-0;3.4714272
78476.3747494766;-0;3.4719784
78490.3747461802;-0;3.471277
78491.3747459418;-0;3.4718282
78526.3747376446;-0;3.4715276
78527.3747374099;-0;3.4710262
78562.3747291137;-0;3.4709761
78563.3747288753;-0;3.4715276
78584.3747239351;-0;3.4711766
78585.3747237004;-0;3.4717782
78597.3747208683;-0;3.4709761
78598.3747206298;-0;3.4714773
78599.3747203914;-0;3.4709761
78634.3747121027;-0;3.470926
78635.374711868;-0;3.4714272
78657.3747066623;-0;3.4710765
78658.3747064239;-0;3.4704249
78666.3747045166;-0;3.4710765
78667.3747042781;-0;3.470525
78668.3747040397;-0;3.4710262
78672.374703087;-0;3.4712267
78673.3747028523;-0;3.4706755
78711.3746938874;-0;3.470525
78712.3746936487;-0;3.4710262
78746.3746856221;-0;3.4708259
78747.3746853874;-0;3.4702244
78748.3746851527;-0;3.4708259
78799.3746730861;-0;3.4702244
78800.3746728514;-0;3.4707756
78842.3746628969;-0;3.4704249
78843.3746626622;-0;3.4698737
78851.3746607847;-0;3.4699237
78852.37466055;-0;3.4704249
78908.3746473094;-0;3.4703748
78909.3746470747;-0;3.4697733
78964.3746340635;-0;3.4700739
78965.3746338251;-0;3.4694726
79020.3746208113;-0;3.4696231
79021.3746205729;-0;3.4701743
79022.3746203344;-0;3.4696231
79030.3746184271;-0;3.4700239
79031.3746181887;-0;3.4695227
79087.3746049364;-0;3.4692221
79088.374604698;-0;3.4697733
79114.3745985713;-0;3.4696732
79115.3745983366;-0;3.4690216
79124.3745962141;-0;3.4690716
79125.3745959757;-0;3.4695728
79150.3745900245;-0;3.4687209
79151.3745897898;-0;3.4692221
79188.374581054;-0;3.4692721
79189.3745808156;-0;3.468771
79192.3745801004;-0;3.4695227
79193.3745798619;-0;3.4685705
79194.3745796235;-0;3.4693725
79197.3745789083;-0;3.4692721
79198.3745786699;-0;3.468771
79214.3745749059;-0;3.4692721
79215.3745746712;-0;3.4687209
79216.3745744365;-0;3.4693222
79241.3745685166;-0;3.4688711
79242.3745682782;-0;3.4694226
79360.3745403478;-0;3.4690216
79361.3745401131;-0;3.4684703
79380.3745356539;-0;3.4682698
79381.3745354192;-0;3.4688711
79428.3745242913;-0;3.4686708
79429.3745240566;-0;3.4681194
79430.3745238219;-0;3.468821
79438.3745219444;-0;3.468771
79439.3745217074;-0;3.4682198
79486.3745105818;-0;3.4681695
79487.3745103471;-0;3.4687209
79520.3745025044;-0;3.4680693
79521.3745022697;-0;3.4686205
79522.374502035;-0;3.468771
79523.3745018004;-0;3.4682698
79533.3744994534;-0;3.4681695
79534.3744992187;-0;3.4686708
79535.374498984;-0;3.4686708
79536.3744987493;-0;3.4680192
79559.3744932953;-0;3.4684203
79560.3744930569;-0;3.4679189
79604.3744826661;-0;3.4679189
79605.3744824277;-0;3.4684703
79634.3744755545;-0;3.4684203
79635.3744753198;-0;3.4679189
79681.3744644266;-0;3.4683199
79682.3744641919;-0;3.4677687
79899.3744128722;-0;3.4677687
79900.3744126375;-0;3.4672172
79911.3744100559;-0;3.467067
79912.3744098212;-0;3.4675682
79948.3744012744;-0;3.4669666
79949.3744010397;-0;3.4675181
79958.3743989275;-0;3.4675682
79959.3743986928;-0;3.4669666
80001.3743887379;-0;3.4668665
80002.3743885032;-0;3.4674177
80007.3743873297;-0;3.4675682
80008.3743870951;-0;3.4668665
80009.3743868604;-0;3.467468
80036.3743804626;-0;3.4669166
80037.3743802242;-0;3.4674177
80049.3743773748;-0;3.4673676
80050.3743771401;-0;3.4668665
80051.3743769055;-0;3.4673676
80052.3743766708;-0;3.4668665
80065.3743736197;-0;3.4669166
80066.3743733851;-0;3.4675181
80067.3743731504;-0;3.4672172
80068.3743729157;-0;3.4667161
80069.374372681;-0;3.4673176
